"authorId","name","email","affiliation"
"1871080","Thomas Staubitz","thomasstaubitz@example.edu","Meta Toronto"
"51935136","H. Traifeh","h.traifeh@example.edu","Meta Paris"
"1708312","C. Meinel","c.meinel@example.edu","University of Paris"
"2111107765","Liya Huang","liyahuang@example.edu","University of London"
"145409600","Zhong Wu","zhongwu@example.edu","Amazon New York"
"2117843696","Kan Wang","kanwang@example.edu","Nvidia Berlin"
"49268145","John R. Hu","johnr.hu@example.edu","Meta Tokyo"
"2108206276","James Chen","jameschen@example.edu","Amazon London"
"98382562","B. Liew","b.liew@example.edu","Nvidia New York"
"2108846942","Yanfeng Wang","yanfengwang@example.edu","Meta Toronto"
"46213978","Lianxi Shen","lianxishen@example.edu","Meta New York"
"2069043470","Lin Cong","lincong@example.edu","University of Tokyo"
"2110616994","Yuanyuan Li","yuanyuanli@example.edu","Amazon Tokyo"
"51239934","Luca E. Schäfer","lucae.schäfer@example.edu","Amazon London"
"51240458","Tobias Dietz","tobiasdietz@example.edu","Meta Rome"
"49560206","Nicolas Fröhlich","nicolasfröhlich@example.edu","University of New York"
"3346156","Stefan Ruzika","stefanruzika@example.edu","Meta Toronto"
"1718186","J. Figueira","j.figueira@example.edu","Amazon Barcelona"
"3456360","I. Ihianle","i.ihianle@example.edu","Nvidia Sydney"
"1888283","Usman Naeem","usmannaeem@example.edu","Amazon Paris"
"145717387","Syed Islam","syedislam@example.edu","Nvidia Sydney"
"2397331","A. H. Tawil","a.h.tawil@example.edu","Nvidia Rome"
"153391047","D. Baumann","d.baumann@example.edu","Meta New York"
"12205458","N. Dibbern","n.dibbern@example.edu","Meta Berlin"
"4258618","S. Sehner","s.sehner@example.edu","Nvidia Tokyo"
"144408337","C. Zöllner","c.zöllner@example.edu","Nvidia Berlin"
"12593622","W. Reip","w.reip@example.edu","University of Rome"
"7392803","J. Kubitz","j.kubitz@example.edu","Amazon Paris"
"145690248","Ting Yao","tingyao@example.edu","University of Toronto"
"3202968","Yingwei Pan","yingweipan@example.edu","Microsoft Sydney"
"3431141","Yehao Li","yehaoli@example.edu","Nvidia Toronto"
"144025741","Tao Mei","taomei@example.edu","Microsoft Paris"
"51302388","Md. Atikur Rahman Sabuj","md.atikurrahmansabuj@example.edu","Nvidia London"
"2316559532","Umesh Biswas","umeshbiswas@example.edu","Amazon Berlin"
"2808503","Kamrul Hasan Talukder","kamrulhasantalukder@example.edu","Microsoft Sydney"
"2115711229","Haijun Liu","haijunliu@example.edu","University of Sydney"
"2109077611","Jian Cheng","jiancheng@example.edu","University of Tokyo"
"39369840","Feng Wang","fengwang@example.edu","Nvidia Rome"
"144040982","O. Taran","o.taran@example.edu","Microsoft Paris"
"3074253","Shideh Rezaeifar","shidehrezaeifar@example.edu","Nvidia Rome"
"9428112","S. Voloshynovskiy","s.voloshynovskiy@example.edu","Meta Tokyo"
"3018450","Ayan Palchaudhuri","ayanpalchaudhuri@example.edu","Microsoft Sydney"
"3061534","A. Dhar","a.dhar@example.edu","Microsoft Paris"
"2227667","Naifan Zhuang","naifanzhuang@example.edu","Amazon Paris"
"29765068","T. Kieu","t.kieu@example.edu","University of Tokyo"
"2110732840","Jun Ye","junye@example.edu","Microsoft Paris"
"1730455","K. Hua","k.hua@example.edu","Meta Berlin"
"2118927866","Shivangi Gupta","shivangigupta@example.edu","Nvidia Rome"
"2617736","A. Sabitha","a.sabitha@example.edu","Microsoft New York"
"50661613","Mudasir Hussain","mudasirhussain@example.edu","University of Toronto"
"15231470","M. Salman","m.salman@example.edu","Nvidia London"
"2416196057","Rohit","rohit@example.edu","Amazon New York"
"2069136507","Abdul Subhan","abdulsubhan@example.edu","University of New York"
"2405496169","Hamza Khalid","hamzakhalid@example.edu","Amazon Toronto"
"2053559877","S. S. Zaidi","s.s.zaidi@example.edu","Amazon New York"
"117229939","A. Izadi","a.izadi@example.edu","Meta London"
"9320363","N. Hinze","n.hinze@example.edu","University of London"
"1711890","A. Trani","a.trani@example.edu","Microsoft Barcelona"
"9186000","Aswin K. Gunnam","aswink.gunnam@example.edu","Amazon London"
"51439286","Yoojeong Song","yoojeongsong@example.edu","Amazon London"
"2108391214","Jongwoo Lee","jongwoolee@example.edu","Meta Tokyo"
"145801617","M. Walter","m.walter@example.edu","University of Tokyo"
"1733984","D. Shutin","d.shutin@example.edu","University of New York"
"2132615","A. Dammann","a.dammann@example.edu","Amazon Sydney"
"1808599","D. Matolak","d.matolak@example.edu","Nvidia Toronto"
"3413161","Kyungwoon Lee","kyungwoonlee@example.edu","Amazon New York"
"2109426255","Chi-Young Lee","chi-younglee@example.edu","University of Tokyo"
"2634930","Cheol-Ho Hong","cheol-hohong@example.edu","University of New York"
"1798031","C. Yoo","c.yoo@example.edu","Amazon New York"
"1890291","Yufeng Yu","yufengyu@example.edu","Meta New York"
"2381987","G. Luo","g.luo@example.edu","Amazon Tokyo"
"28500456","A. Omar","a.omar@example.edu","Meta Sydney"
"26966619","Xuan Liu","xuanliu@example.edu","Microsoft Berlin"
"31003886","Weiliang Yu","weiliangyu@example.edu","Amazon Tokyo"
"1942842","Z. Hao","z.hao@example.edu","University of New York"
"1734171","Z. Shen","z.shen@example.edu","Nvidia Tokyo"
"2139982064","I. Erofeeva","i.erofeeva@example.edu","Meta Paris"
"21456131","Stefanie Manzinger","stefaniemanzinger@example.edu","Nvidia Sydney"
"3280431","M. Althoff","m.althoff@example.edu","Meta Berlin"
"2145913417","Yueyue Zhang","yueyuezhang@example.edu","University of Tokyo"
"3492940","Yaping Zhu","yapingzhu@example.edu","University of Sydney"
"145281975","Feng Yan","fengyan@example.edu","Microsoft London"
"1802030","Weiwei Xia","weiweixia@example.edu","Amazon Toronto"
"1738539","Lianfeng Shen","lianfengshen@example.edu","Amazon Toronto"
"1730285","A. Razaque","a.razaque@example.edu","Microsoft Sydney"
"2130139463","Jinrui Wang","jinruiwang@example.edu","Microsoft London"
"2200107457","Zancheng Wang","zanchengwang@example.edu","Microsoft Barcelona"
"9231275","Q. B. Hani","q.b.hani@example.edu","Nvidia Rome"
"46254274","M. Khaskheli","m.khaskheli@example.edu","Nvidia Rome"
"4347364","W. A. Bhutto","w.a.bhutto@example.edu","Microsoft Berlin"
"2632975","W. Segars","w.segars@example.edu","Microsoft Barcelona"
"103418428","B. Tsui","b.tsui@example.edu","University of London"
"2087286167","Jing Cai","jingcai@example.edu","University of London"
"144154378","F. Yin","f.yin@example.edu","Microsoft Berlin"
"33112537","G. Fung","g.fung@example.edu","Amazon Sydney"
"2927992","E. Samei","e.samei@example.edu","Nvidia London"
"144867093","N. Prasad","n.prasad@example.edu","Meta Rome"
"153018154","Xiao-Feng Qi","xiao-fengqi@example.edu","Meta London"
"2771157","A. Gatherer","a.gatherer@example.edu","Nvidia Toronto"
"145465399","A. Doulgeris","a.doulgeris@example.edu","University of Tokyo"
"152908943","Anca Cristea","ancacristea@example.edu","University of Toronto"
"7853220","R. Khodambashi","r.khodambashi@example.edu","University of Toronto"
"145294525","M. Sharifzadeh","m.sharifzadeh@example.edu","Amazon Barcelona"
"98720102","Daniel M. Aukes","danielm.aukes@example.edu","Nvidia Barcelona"
"51306401","Khalid. M. Elhag","khalid.m.elhag@example.edu","Meta Paris"
"3044277","Wanchang Zhang","wanchangzhang@example.edu","University of Toronto"
"50819929","Atul Dixit","atuldixit@example.edu","Nvidia Toronto"
"102663037","Pramod Eyyunni","pramodeyyunni@example.edu","Nvidia Paris"
"11751955","B. Maji","b.maji@example.edu","Amazon Rome"
"2070241213","G. Sood","g.sood@example.edu","Microsoft Sydney"
"1398564411","F. Martínez-Sánchez","f.martínez-sánchez@example.edu","Microsoft Paris"
"2086686065","J. J. Meilán","j.j.meilán@example.edu","Meta New York"
"78490823","J. Carro","j.carro@example.edu","Nvidia Barcelona"
"50513594","O. Ivanova","o.ivanova@example.edu","University of London"
"38737539","M. Bieniek","m.bieniek@example.edu","Amazon London"
"2758576","M. Burkschat","m.burkschat@example.edu","Microsoft Rome"
"51367560","A. Gachenko","a.gachenko@example.edu","Meta Sydney"
"51445133","A. E. Hmelnov","a.e.hmelnov@example.edu","Meta Berlin"
"80000844","T. A. Hmelnova","t.a.hmelnova@example.edu","Amazon Berlin"
"51446964","G. Rugnikov","g.rugnikov@example.edu","University of Sydney"
"51119003","Burak Kizilkaya","burakkizilkaya@example.edu","University of Paris"
"103342917","M. Çağlar","m.çağlar@example.edu","Meta Barcelona"
"1410064789","F. Al-turjman","f.al-turjman@example.edu","Microsoft Toronto"
"1775278","E. Ever","e.ever@example.edu","Amazon New York"
"89060229","E. G. C. Franco","e.g.c.franco@example.edu","Nvidia Sydney"
"1404504159","Alberto Ochoa-Zezzatti","albertoochoa-zezzatti@example.edu","Meta London"
"41217631","José Alberto Hernández Aguilar","joséalbertohernándezaguilar@example.edu","Meta London"
"3772166","Julio César Ponce Gallegos","juliocésarponcegallegos@example.edu","Meta Sydney"
"1482656860","Chioma Kas-Osoka","chiomakas-osoka@example.edu","Microsoft Sydney"
"117232704","Lilanta Bradley","lilantabradley@example.edu","Meta Paris"
"145256826","R. Coffman","r.coffman@example.edu","Microsoft Sydney"
"3624119","P. Orpinas","p.orpinas@example.edu","University of London"
"2494905","Amjed Tahir","amjedtahir@example.edu","Microsoft New York"
"2885656","K. Bennin","k.bennin@example.edu","Nvidia Berlin"
"145405338","Stephen G. MacDonell","stepheng.macdonell@example.edu","Meta Berlin"
"2112255","S. Marsland","s.marsland@example.edu","Amazon New York"
"66968479","V. Ribeiro","v.ribeiro@example.edu","Meta Sydney"
"3174392","D. Cruzes","d.cruzes@example.edu","Meta Rome"
"1688347","G. Travassos","g.travassos@example.edu","University of New York"
"46493150","Hairong Yu","hairongyu@example.edu","Nvidia New York"
"2088378727","Lin Ye","linye@example.edu","Microsoft Rome"
"145436612","G. Naik","g.naik@example.edu","Nvidia Tokyo"
"145072960","R. Song","r.song@example.edu","Microsoft Rome"
"143604775","H. Nguyen","h.nguyen@example.edu","University of London"
"1730431","S. Su","s.su@example.edu","Nvidia Toronto"
"47124013","Song Fan","songfan@example.edu","University of London"
"2152837309","L. Zhang","l.zhang@example.edu","University of Tokyo"
"2110368751","Jia Wang","jiawang@example.edu","Meta Rome"
"2153606437","Y. Wang","y.wang@example.edu","Microsoft Barcelona"
"2305251654","Qing Zhang","qingzhang@example.edu","Meta Barcelona"
"2153037569","Hui Zhao","huizhao@example.edu","Nvidia Berlin"
"3406273","P. Saffari","p.saffari@example.edu","Microsoft London"
"3406778","A. Basaligheh","a.basaligheh@example.edu","Nvidia London"
"32419118","K. Moez","k.moez@example.edu","Meta Berlin"
"51284453","Robert J. Green","robertj.green@example.edu","Microsoft Rome"
"145160304","J. Dickinson","j.dickinson@example.edu","University of Toronto"
"2433944","D. Badcock","d.badcock@example.edu","University of Rome"
"2150635089","Jun Xu","junxu@example.edu","Amazon London"
"2155279156","Xiong Zhang","xiongzhang@example.edu","Nvidia Paris"
"2279189","Meng Zhou","mengzhou@example.edu","University of New York"
"2108074853","Yanning Zhang","yanningzhang@example.edu","University of Sydney"
"2108589481","Shuai Liu","shuailiu@example.edu","University of Rome"
"9159404","Francesca Sorgini","francescasorgini@example.edu","Microsoft Tokyo"
"30672999","Luca Massari","lucamassari@example.edu","University of Paris"
"1403256205","Jessica D'Abbraccio","jessicad'abbraccio@example.edu","University of Paris"
"3227469","E. Palermo","e.palermo@example.edu","Microsoft Barcelona"
"1774704","A. Menciassi","a.menciassi@example.edu","Amazon Toronto"
"2788329","P. Petrovic","p.petrovic@example.edu","University of Paris"
"35560584","A. Mazzoni","a.mazzoni@example.edu","University of Sydney"
"1798096","M. Carrozza","m.carrozza@example.edu","Amazon Berlin"
"1818330","F. Newell","f.newell@example.edu","Nvidia Berlin"
"2050215","C. Oddo","c.oddo@example.edu","Microsoft Barcelona"
"20960121","Alejandro Paredes Camacho","alejandroparedescamacho@example.edu","University of Barcelona"
"143639732","E. Fernandez","e.fernandez@example.edu","Meta Sydney"
"2094180156","Vicent Sala","vicentsala@example.edu","Meta Barcelona"
"1707577","H. Ghorbani","h.ghorbani@example.edu","Meta Sydney"
"34357587","J. L. Romeral","j.l.romeral@example.edu","Meta Sydney"
"47096290","Yi-Chang Wu","yi-changwu@example.edu","Meta New York"
"2143765999","Tsung-Yi Lin","tsung-yilin@example.edu","University of Sydney"
"30610490","Chin-Tsung Chan","chin-tsungchan@example.edu","Amazon Rome"
"50883762","Zi-Wei Kuo","zi-weikuo@example.edu","University of Rome"
"2109405784","Yu-Long Chen","yu-longchen@example.edu","Nvidia New York"
"2313510841","M. Asraf H.","m.asrafh.@example.edu","University of Tokyo"
"2313512717","Nur Dalila K.A.","nurdalilak.a.@example.edu","University of Paris"
"2313513372","Nor Kamariah Kasmin@Bajuri","norkamariahkasmin@bajuri@example.edu","Microsoft New York"
"2313513944","Zakiah M.Y.","zakiahm.y.@example.edu","Microsoft Paris"
"2313510808","Siti Mariam Mohammad Ilyas","sitimariammohammadilyas@example.edu","Amazon Barcelona"
"2313511900","Nooritawati M.T.","nooritawatim.t.@example.edu","Nvidia Barcelona"
"90926129","C. D. L. F. Cantó","c.d.l.f.cantó@example.edu","University of Berlin"
"3181493","D. Kalogiros","d.kalogiros@example.edu","Microsoft Sydney"
"2422292","M. Ptashnyk","m.ptashnyk@example.edu","University of Sydney"
"145731650","T. George","t.george@example.edu","Nvidia Barcelona"
"145169863","R. Waugh","r.waugh@example.edu","Meta Sydney"
"1978702","A. Bengough","a.bengough@example.edu","University of London"
"47878200","J. Russell","j.russell@example.edu","Amazon Berlin"
"2700848","L. Dupuy","l.dupuy@example.edu","University of Rome"
"1400323122","Junjun Yin","junjunyin@example.edu","Amazon New York"
"3237539","G. Chi","g.chi@example.edu","Microsoft Sydney"
"145581796","J. Hook","j.hook@example.edu","Meta Barcelona"
"48505489","F. Maso","f.maso@example.edu","Microsoft Paris"
"2410648256","Bennet Desormeau","bennetdesormeau@example.edu","Meta Barcelona"
"49086975","M. Boudrias","m.boudrias@example.edu","Nvidia Rome"
"145978557","M. Roig","m.roig@example.edu","Meta Tokyo"
"51399634","Himani Garg","himanigarg@example.edu","University of Rome"
"2706021","R. Dahiya","r.dahiya@example.edu","Amazon Rome"
"2118525177","Yuntao Zhao","yuntaozhao@example.edu","University of London"
"2113828714","Jian-ming Bai","jian-mingbai@example.edu","Meta Berlin"
"153079889","Jaejoon Hwang","jaejoonhwang@example.edu","Amazon Toronto"
"3955469","Sang-Sun Han","sang-sunhan@example.edu","University of Sydney"
"4858709","Chena Lee","chenalee@example.edu","Microsoft Barcelona"
"5124503","Yun-Hoa Jung","yun-hoajung@example.edu","Amazon Paris"
"74229079","Esther Rani Thuraka","estherranithuraka@example.edu","Microsoft Rome"
"3456838","Raghava Katreepalli","raghavakatreepalli@example.edu","Amazon Rome"
"9878215","R. Rao","r.rao@example.edu","Microsoft Sydney"
"37198550","Yaya Shi","yayashi@example.edu","Microsoft Tokyo"
"4035090","F. Niu","f.niu@example.edu","Amazon Rome"
"2154170314","Chengsong Yang","chengsongyang@example.edu","Nvidia New York"
"2396595933","Tao Che","taoche@example.edu","Microsoft Paris"
"10372394","Zhan-ju Lin","zhan-julin@example.edu","University of Tokyo"
"4046793","Jing Luo","jingluo@example.edu","University of Rome"
"3470935","M. Sagratella","m.sagratella@example.edu","University of Sydney"
"3331240","A. Polzonetti","a.polzonetti@example.edu","University of New York"
"40690979","O. Albahri","o.albahri@example.edu","Amazon Sydney"
"145400504","A. Albahri","a.albahri@example.edu","Amazon Rome"
"143912612","K. Mohammed","k.mohammed@example.edu","Microsoft Toronto"
"144927995","A. A. Zaidan","a.a.zaidan@example.edu","Microsoft Rome"
"1768980","B. Zaidan","b.zaidan@example.edu","Microsoft London"
"145269085","M. Hashim","m.hashim@example.edu","Amazon Barcelona"
"2356086587","Omar Hussein Salman","omarhusseinsalman@example.edu","Microsoft Tokyo"
"145164804","Mohamed Seif","mohamedseif@example.edu","Amazon London"
"2938360","R. Tandon","r.tandon@example.edu","Microsoft Barcelona"
"2150652975","Ming Li","mingli@example.edu","University of Barcelona"
"70898653","Ana C. Perre","anac.perre@example.edu","Amazon Sydney"
"143920802","Luís A. Alexandre","luísa.alexandre@example.edu","Microsoft Tokyo"
"46798128","L. Freire","l.freire@example.edu","Meta Berlin"
"2155418723","Jie Li","jieli@example.edu","Nvidia Rome"
"2115548173","Zhiyuan Zheng","zhiyuanzheng@example.edu","Meta Sydney"
"1758015","Britta Meixner","brittameixner@example.edu","Microsoft Barcelona"
"1976550","Thomas Röggla","thomasröggla@example.edu","Meta Rome"
"2951128","M. Glancy","m.glancy@example.edu","Microsoft London"
"144022557","Pablo César","pablocésar@example.edu","Meta Toronto"
"2388683750","Tsz Hong Lau","tszhonglau@example.edu","Nvidia London"
"36009053","P. Courtiol","p.courtiol@example.edu","Amazon Barcelona"
"2433727","Eric W. Tramel","ericw.tramel@example.edu","Nvidia Sydney"
"46497200","Marc Sanselme","marcsanselme@example.edu","Nvidia Sydney"
"2083287","G. Wainrib","g.wainrib@example.edu","University of Barcelona"
"46638878","Hai Qiu","haiqiu@example.edu","Microsoft New York"
"22238502","R. Rehman","r.rehman@example.edu","Microsoft New York"
"143677795","Xiaoqun Yu","xiaoqunyu@example.edu","Amazon Rome"
"2758494","S. Xiong","s.xiong@example.edu","Nvidia Barcelona"
"50631366","Dan Lundell","danlundell@example.edu","Meta Rome"
"153560325","A. Hedberg","a.hedberg@example.edu","Microsoft Tokyo"
"1736766","C. Nyberg","c.nyberg@example.edu","University of Paris"
"39821789","Emma Fitzgerald","emmafitzgerald@example.edu","Microsoft Toronto"
"9950616","J. Lange","j.lange@example.edu","Microsoft Tokyo"
"41077869","D. V. Niekerk","d.v.niekerk@example.edu","Microsoft Berlin"
"3400825","I. Cukrowski","i.cukrowski@example.edu","Nvidia Sydney"
"2989395","N. Dhamayanthi","n.dhamayanthi@example.edu","University of Tokyo"
"144840972","B. Lavanya","b.lavanya@example.edu","Nvidia Berlin"
"34430081","Yuankai Huo","yuankaihuo@example.edu","Nvidia Barcelona"
"117612970","Katherine Swett","katherineswett@example.edu","Amazon Sydney"
"1730458","S. Resnick","s.resnick@example.edu","Amazon Berlin"
"2576395","L. Cutting","l.cutting@example.edu","University of Tokyo"
"1699344","B. Landman","b.landman@example.edu","University of Paris"
"30139259","D. Spirrov","d.spirrov@example.edu","Amazon Paris"
"113808502","Maaike Van Eeckhoutte","maaikevaneeckhoutte@example.edu","Microsoft London"
"49699199","Lieselot van Deun","lieselotvandeun@example.edu","Amazon Tokyo"
"2321700","T. Francart","t.francart@example.edu","University of Paris"
"2145912","Krzysztof Rataj","krzysztofrataj@example.edu","Nvidia Sydney"
"144792148","Wojciech M. Czarnecki","wojciechm.czarnecki@example.edu","Meta London"
"2848566","Sabina Podlewska","sabinapodlewska@example.edu","Meta Tokyo"
"41159541","Agnieszka Pocha","agnieszkapocha@example.edu","Nvidia Paris"
"2375698","A. Bojarski","a.bojarski@example.edu","University of Sydney"
"2949453","S. Chakravortty","s.chakravortty@example.edu","Microsoft Sydney"
"46276037","Jun Yu Li","junyuli@example.edu","Amazon Rome"
"143767945","A. Plaza","a.plaza@example.edu","Microsoft Toronto"
"144674044","Omar Mohammed","omarmohammed@example.edu","Amazon Berlin"
"1754561","G. Bailly","g.bailly@example.edu","Nvidia Paris"
"1777631","D. Pellier","d.pellier@example.edu","Amazon Barcelona"
"1839364","R. Alt","r.alt@example.edu","University of Toronto"
"1693046","Florian Alt","florianalt@example.edu","Amazon London"
"2373308193","Sabrina Geiger","sabrinageiger@example.edu","Microsoft Paris"
"15731574","W. Höhl","w.höhl@example.edu","Nvidia London"
"9178919","R. Chibante","r.chibante@example.edu","Meta Sydney"
"3125281","C. V. Carvalho","c.v.carvalho@example.edu","Meta Paris"
"147791105","Paulo Ferreira","pauloferreira@example.edu","Amazon New York"
"2149212222","Xianbin Cao","xianbincao@example.edu","Nvidia Rome"
"1692004","Seong-Lyun Kim","seong-lyunkim@example.edu","Nvidia Sydney"
"1985131","K. Obraczka","k.obraczka@example.edu","Meta Paris"
"2336524247","Cheng-Xiang Wang","cheng-xiangwang@example.edu","Nvidia Rome"
"144953181","D. Wu","d.wu@example.edu","Nvidia Berlin"
"1745843","H. Yanikomeroglu","h.yanikomeroglu@example.edu","Amazon Tokyo"
"2282516","Qasim Lone","qasimlone@example.edu","Amazon Tokyo"
"2137936","Etienne Dublé","etiennedublé@example.edu","Microsoft London"
"31916831","F. Rousseau","f.rousseau@example.edu","Nvidia New York"
"1701956","I. Moerman","i.moerman@example.edu","Nvidia Sydney"
"1882223","S. Giannoulis","s.giannoulis@example.edu","Nvidia Rome"
"1830838","A. Duda","a.duda@example.edu","Amazon London"
"2065702342","Kai Su","kaisu@example.edu","Nvidia Paris"
"2106354243","Xiaoguang Su","xiaoguangsu@example.edu","Nvidia London"
"2111911890","Lihua Yang","lihuayang@example.edu","University of Tokyo"
"2054421192","Bin Xiao","binxiao@example.edu","Nvidia Sydney"
"1841688","Avinash S. Vaidya","avinashs.vaidya@example.edu","Amazon Tokyo"
"2066052669","M. Srinivas","m.srinivas@example.edu","Nvidia Barcelona"
"145792284","Paul Crowley","paulcrowley@example.edu","Nvidia Sydney"
"2258329","E. Biggers","e.biggers@example.edu","Nvidia Rome"
"143775263","Wei-Hua Tang","wei-huatang@example.edu","University of Sydney"
"50876388","Yiu-Jen Chang","yiu-jenchang@example.edu","University of Barcelona"
"2118386545","Yenming J. Chen","yenmingj.chen@example.edu","Nvidia London"
"145602526","Wen-Hsien Ho","wen-hsienho@example.edu","Microsoft Barcelona"
"71108856","P. Dash","p.dash@example.edu","Meta Barcelona"
"2302274495","An. Sigappi","an.sigappi@example.edu","University of Tokyo"
"1821169","Jincheng Jiang","jinchengjiang@example.edu","Nvidia Paris"
"50444194","Qingquan Li","qingquanli@example.edu","Meta Barcelona"
"144507373","Wei Tu","weitu@example.edu","Amazon Barcelona"
"1752357","S. Shaw","s.shaw@example.edu","Amazon Tokyo"
"1474215888","Y. Yue","y.yue@example.edu","Meta New York"
"2108128645","Jianrong Zhang","jianrongzhang@example.edu","Meta Berlin"
"2373927626","Jinkai Zhang","jinkaizhang@example.edu","Nvidia Barcelona"
"35655226","Xingqian Li","xingqianli@example.edu","Microsoft New York"
"2116432607","Xiaomin Li","xiaominli@example.edu","Meta Sydney"
"2152821142","Yan Zhang","yanzhang@example.edu","Meta Tokyo"
"2108131361","Hongwei Zhao","hongweizhao@example.edu","Amazon Toronto"
"2848894","Paulo Vinícius Pereira Pinheiro","pauloviníciuspereirapinheiro@example.edu","Microsoft Barcelona"
"31046891","Poompong Chaiwongkhot","poompongchaiwongkhot@example.edu","University of Sydney"
"2507810","Shihan Sajeed","shihansajeed@example.edu","Microsoft Barcelona"
"38830885","R. Horn","r.horn@example.edu","Amazon Toronto"
"49118091","J. Bourgoin","j.bourgoin@example.edu","Microsoft Berlin"
"2104541","T. Jennewein","t.jennewein@example.edu","University of London"
"3083053","N. Lütkenhaus","n.lütkenhaus@example.edu","Amazon Rome"
"50644922","V. Makarov","v.makarov@example.edu","University of Paris"
"46989434","K. Read","k.read@example.edu","University of Toronto"
"49322781","F. LaPolla","f.lapolla@example.edu","University of New York"
"2994688","Yukino Baba","yukinobaba@example.edu","University of Paris"
"3415507","S. Fiege","s.fiege@example.edu","Nvidia Berlin"
"143775646","A. Walther","a.walther@example.edu","Microsoft Toronto"
"2249707","K. Kulshreshtha","k.kulshreshtha@example.edu","Meta New York"
"145983059","A. Griewank","a.griewank@example.edu","Nvidia Toronto"
"40558102","Kuan-Wu Su","kuan-wusu@example.edu","Amazon Berlin"
"1799712","Min-Chieh Yu","min-chiehyu@example.edu","University of Barcelona"
"143798885","Jenq-Shiou Leu","jenq-shiouleu@example.edu","University of Berlin"
"2356016","Minh Hoai","minhhoai@example.edu","Nvidia London"
"31344620","Pouya Mahdavipour Vahdati","pouyamahdavipourvahdati@example.edu","Meta London"
"14399313","C. Gabellieri","c.gabellieri@example.edu","Nvidia New York"
"35138699","M. Tognon","m.tognon@example.edu","Meta Berlin"
"1717413","L. Pallottino","l.pallottino@example.edu","Microsoft Sydney"
"1757722","A. Franchi","a.franchi@example.edu","Amazon London"
"144834709","Haiming Jin","haimingjin@example.edu","Meta Barcelona"
"143843304","Lu Su","lusu@example.edu","University of Paris"
"1995400","Houping Xiao","houpingxiao@example.edu","Meta Sydney"
"1688353","K. Nahrstedt","k.nahrstedt@example.edu","Meta Toronto"
"2108455387","Wu Wang","wuwang@example.edu","Nvidia New York"
"49188457","Bin Yang","binyang@example.edu","University of Sydney"
"47119537","X. Wang","x.wang@example.edu","Microsoft New York"
"8063808","Yumei She","yumeishe@example.edu","Nvidia New York"
"46495033","Shikai Shen","shikaishen@example.edu","Nvidia Barcelona"
"30841195","Kittipa Klangwisan","kittipaklangwisan@example.edu","Nvidia Rome"
"2365487","Komate Amphawan","komateamphawan@example.edu","Meta Paris"
"40387978","Haiyang Liu","haiyangliu@example.edu","Microsoft Tokyo"
"92351090","Yan Li","yanli@example.edu","Amazon Toronto"
"2222439","Lianrong Ma","lianrongma@example.edu","Meta New York"
"2619899","N. Yiannoutsou","n.yiannoutsou@example.edu","Nvidia London"
"144772111","Rose M. G. Johnson","rosem.g.johnson@example.edu","Meta Barcelona"
"144347283","S. Price","s.price@example.edu","Meta London"
"143967552","Tan Nghia Duong","tannghiaduong@example.edu","Meta Barcelona"
"66796501","V. D. Than","v.d.than@example.edu","Amazon Sydney"
"66084298","T. H. Tran","t.h.tran@example.edu","Amazon Sydney"
"66945461","Thi Anh Tuyet Pham","thianhtuyetpham@example.edu","Meta Berlin"
"122777102","Vân-Anh Nguyen","vân-anhnguyen@example.edu","Meta Rome"
"2355808474","Hoang-Nam Tran","hoang-namtran@example.edu","Meta New York"
"143916457","Mohamed Abdelhamid","mohamedabdelhamid@example.edu","Nvidia Sydney"
"51149653","Neslihan Suzen","neslihansuzen@example.edu","Microsoft Tokyo"
"1745900","Alexander N Gorban","alexanderngorban@example.edu","Amazon Tokyo"
"2360024","J. Levesley","j.levesley@example.edu","Nvidia Paris"
"2053026","E. M. Mirkes","e.m.mirkes@example.edu","Microsoft Tokyo"
"1736971","G. Suciu","g.suciu@example.edu","Microsoft Berlin"
"3249325","V. Menon","v.menon@example.edu","Microsoft Barcelona"
"2370814","Shantia Yarahmadian","shantiayarahmadian@example.edu","Meta Tokyo"
"2403895671","Vahid Rezania","vahidrezania@example.edu","Amazon Tokyo"
"51964718","Catherine Pricilla","catherinepricilla@example.edu","Nvidia Barcelona"
"3161999","D. Lestari","d.lestari@example.edu","Nvidia New York"
"46554283","Dody Dharma","dodydharma@example.edu","Microsoft Tokyo"
"144032033","M. Kamenskiĭ","m.kamenskiĭ@example.edu","Amazon Tokyo"
"2744882","O. Makarenkov","o.makarenkov@example.edu","Nvidia Rome"
"51918675","Lakmi Niwanthi Wadippuli Achchige","lakminiwanthiwadippuliachchige@example.edu","Meta London"
"1773835","Heiko Gewald","heikogewald@example.edu","Amazon London"
"2051969","D. Vogel","d.vogel@example.edu","Meta Paris"
"2418830","Karoly Bozan","karolybozan@example.edu","Amazon Paris"
"2287423762","Cheng Wu","chengwu@example.edu","Microsoft Rome"
"9393063","Qin Kaiyu","qinkaiyu@example.edu","Amazon Paris"
"2110165867","Jiying Wang","jiyingwang@example.edu","Microsoft Toronto"
"86981658","P. D. Lange","p.d.lange@example.edu","Amazon Sydney"
"1500391936","A. Neumann","a.neumann@example.edu","University of London"
"2233984","Petru Nicolaescu","petrunicolaescu@example.edu","Nvidia New York"
"1790902","R. Klamma","r.klamma@example.edu","Microsoft Barcelona"
"2064429171","A. Abdullah","a.abdullah@example.edu","Microsoft Rome"
"2091106763","D. Hidayat","d.hidayat@example.edu","Amazon Paris"
"145937405","K. Cheung","k.cheung@example.edu","Nvidia Sydney"
"122113652","Alexander A. Alemi","alexandera.alemi@example.edu","Amazon Rome"
"2057616290","Ian Fischer","ianfischer@example.edu","Nvidia Paris"
"2108162544","Sung-Chul Lee","sung-chullee@example.edu","Nvidia Paris"
"2110812101","Ji Hee Kim","jiheekim@example.edu","Meta New York"
"1800981","Juho Kim","juhokim@example.edu","Microsoft Berlin"
"2126207","Rutger Fick","rutgerfick@example.edu","Amazon Paris"
"49750230","A. Petiet","a.petiet@example.edu","Amazon Sydney"
"46938873","M. Santin","m.santin@example.edu","University of Paris"
"144184548","A. Philippe","a.philippe@example.edu","Microsoft Sydney"
"3195117","S. Lehéricy","s.lehéricy@example.edu","Microsoft Rome"
"1702017","R. Deriche","r.deriche@example.edu","Amazon Berlin"
"35466637","D. Wassermann","d.wassermann@example.edu","Amazon Paris"
"2108649890","Weiwei Li","weiweili@example.edu","Nvidia Toronto"
"2808992","Kuan Zhang","kuanzhang@example.edu","Amazon Tokyo"
"47008023","Zhou Su","zhousu@example.edu","Nvidia Berlin"
"103073143","Rongxing Lu","rongxinglu@example.edu","Nvidia Barcelona"
"49417468","Ying Wang","yingwang@example.edu","Nvidia Tokyo"
"2098669","B. Tenbergen","b.tenbergen@example.edu","Nvidia London"
"1757818","T. Weyer","t.weyer@example.edu","Nvidia Tokyo"
"1808200","K. Pohl","k.pohl@example.edu","Meta Barcelona"
"2552624","R. Weiss","r.weiss@example.edu","Nvidia Tokyo"
"46179527","Xiaomao Xia","xiaomaoxia@example.edu","Meta Berlin"
"144679576","N. Zhang","n.zhang@example.edu","Microsoft Paris"
"2113636402","Hui Wang","huiwang@example.edu","University of Sydney"
"40029988","Eric M. Chi","ericm.chi@example.edu","University of Toronto"
"1746114","Zhaofei Yu","zhaofeiyu@example.edu","Nvidia Berlin"
"34097174","Tiejun Huang","tiejunhuang@example.edu","Microsoft Berlin"
"2150168180","Jian K. Liu","jiank.liu@example.edu","Meta Rome"
"9139860","Gengrui Wu","gengruiwu@example.edu","University of Sydney"
"51929881","N. Bo","n.bo@example.edu","Microsoft London"
"49498702","Husheng Wu","hushengwu@example.edu","University of Sydney"
"2146265872","Yong Yang","yongyang@example.edu","University of Barcelona"
"144959492","Nasruddin Hassan","nasruddinhassan@example.edu","Amazon Sydney"
"7272718","C. Shang","c.shang@example.edu","Meta Barcelona"
"1679380","H. Ai","h.ai@example.edu","Microsoft Barcelona"
"2048438762","Yi Yang","yiyang@example.edu","Amazon Berlin"
"2108432203","Shuai Zhang","shuaizhang@example.edu","Amazon Barcelona"
"144984789","Meng Wang","mengwang@example.edu","Nvidia Sydney"
"2545736","R. Dondi","r.dondi@example.edu","Nvidia Barcelona"
"1747770","G. Mauri","g.mauri@example.edu","Microsoft Tokyo"
"1784109","F. Sikora","f.sikora@example.edu","Amazon Toronto"
"1947730","I. Zoppis","i.zoppis@example.edu","Meta Paris"
"2374985960","Anton Miguel Suba","antonmiguelsuba@example.edu","University of New York"
"74934945","Kurt Vincent Bautista","kurtvincentbautista@example.edu","Meta Toronto"
"74727687","Julio Carlos Tomas Ledesma","juliocarlostomasledesma@example.edu","Microsoft Rome"
"36149189","W. E. Yu","w.e.yu@example.edu","Meta Rome"
"2815804","Yu-An Chung","yu-anchung@example.edu","Meta Paris"
"2088565","W. Weng","w.weng@example.edu","Nvidia Berlin"
"3355532","Schrasing Tong","schrasingtong@example.edu","Amazon Rome"
"145898106","James R. Glass","jamesr.glass@example.edu","Microsoft Barcelona"
"1916933","A. B. Aicha","a.b.aicha@example.edu","Nvidia Tokyo"
"30644776","Kouki Tsuji","koukitsuji@example.edu","Nvidia Toronto"
"1694472","J. Tan","j.tan@example.edu","Microsoft Toronto"
"103710547","Hyoungseop Kim","hyoungseopkim@example.edu","Meta Berlin"
"35598529","K. Yoneda","k.yoneda@example.edu","University of London"
"34835243","F. Tanaka","f.tanaka@example.edu","University of Barcelona"
"14188613","Chengchen Huang","chengchenhuang@example.edu","Amazon New York"
"35662858","Huda Al Shuaily","hudaalshuaily@example.edu","Meta Tokyo"
"46255986","E. M. Lacap","e.m.lacap@example.edu","Meta Toronto"
"46230270","J. F. Ramos","j.f.ramos@example.edu","University of Barcelona"
"46226787","Gregorio A. dela Cruz","gregorioa.delacruz@example.edu","Amazon Berlin"
"35659040","Zafi Sherhan Syed","zafisherhansyed@example.edu","Microsoft Barcelona"
"47703950","K. Sidorov","k.sidorov@example.edu","University of Tokyo"
"2131467850","David Marshall","davidmarshall@example.edu","Meta Paris"
"2418951","C. Bolchini","c.bolchini@example.edu","Meta Berlin"
"3409692","Stefano Cherubin","stefanocherubin@example.edu","Nvidia Sydney"
"3225328","Gianluca Durelli","gianlucadurelli@example.edu","Nvidia Berlin"
"34930249","Simone Libutti","simonelibutti@example.edu","University of Sydney"
"1680319","A. Miele","a.miele@example.edu","Nvidia Toronto"
"1695345","M. Santambrogio","m.santambrogio@example.edu","Microsoft Toronto"
"2118240894","Jing Jiang","jingjiang@example.edu","Microsoft Berlin"
"2108713468","Chunhui Wang","chunhuiwang@example.edu","University of Rome"
"6812347","Yu Tian","yutian@example.edu","Meta London"
"1905428","Shaoyao Zhang","shaoyaozhang@example.edu","Amazon Rome"
"2145143054","Yan Zhao","yanzhao@example.edu","Meta Toronto"
"79861642","Brian Ospina","brianospina@example.edu","Meta Sydney"
"80809703","Jhoan S. Parra","jhoans.parra@example.edu","Amazon Rome"
"34522748","E. Franco","e.franco@example.edu","University of Paris"
"1403443991","M. L. Orozco-Gutíerrez","m.l.orozco-gutíerrez@example.edu","Nvidia New York"
"1403207840","J. Bastidas‐Rodríguez","j.bastidas‐rodríguez@example.edu","Meta Toronto"
"2055728848","V. Wang","v.wang@example.edu","Amazon Rome"
"2138827662","Atreyi Kankanhalli Pankaj Setia","atreyikankanhallipankajsetia@example.edu","Nvidia Rome"
"34637836","S. Goebbels","s.goebbels@example.edu","Amazon Toronto"
"1405284566","R. Pohle-Fröhlich","r.pohle-fröhlich@example.edu","Meta Toronto"
"31685008","I. Ivanov","i.ivanov@example.edu","Microsoft Barcelona"
"1915398","Artur Korniłowicz","arturkorniłowicz@example.edu","Microsoft Barcelona"
"2899228","M. Nikitchenko","m.nikitchenko@example.edu","Microsoft London"
"103938924","Saurav Prajapati","sauravprajapati@example.edu","Meta Rome"
"32084211","M. Garg","m.garg@example.edu","Microsoft Tokyo"
"3659241","B. Prithvi","b.prithvi@example.edu","Meta Tokyo"
"40992776","S. Faik","s.faik@example.edu","Microsoft Berlin"
"25680439","A. Tauschwitz","a.tauschwitz@example.edu","Meta Sydney"
"14091122","I. Iosilevskiy","i.iosilevskiy@example.edu","Microsoft Berlin"
"1685090538","Deepak Gupta","deepakgupta@example.edu","Nvidia Tokyo"
"50884272","S. Sundaram","s.sundaram@example.edu","Microsoft London"
"47688201","Ashish Khanna","ashishkhanna@example.edu","Microsoft London"
"1697259","A. Hassanien","a.hassanien@example.edu","University of Toronto"
"2536066","V. Albuquerque","v.albuquerque@example.edu","Amazon New York"
"10770236","Y. Marchetti","y.marchetti@example.edu","Meta Tokyo"
"145424250","H. Nguyen","h.nguyen@example.edu","University of New York"
"47305348","A. Braverman","a.braverman@example.edu","Meta Tokyo"
"48393332","N. Cressie","n.cressie@example.edu","Microsoft Tokyo"
"8552088","Brankica Bratić","brankicabratić@example.edu","Nvidia New York"
"3113695","V. Kurbalija","v.kurbalija@example.edu","Microsoft Rome"
"144395551","M. Ivanović","m.ivanović@example.edu","Amazon Sydney"
"51480852","Iztok Oder","iztokoder@example.edu","Meta London"
"2025112","Z. Bosnić","z.bosnić@example.edu","Amazon Toronto"
"3397807","Murtuza Ali Abidini","murtuzaaliabidini@example.edu","University of Toronto"
"52075455","O. Boxma","o.boxma@example.edu","University of Barcelona"
"1723954","C. Hurkens","c.hurkens@example.edu","Microsoft Sydney"
"145257240","A. Koonen","a.koonen@example.edu","Amazon London"
"143968386","J. Resing","j.resing@example.edu","Meta London"
"2173571","Euan Cochrane","euancochrane@example.edu","Nvidia Toronto"
"113246900","J. Tilbury","j.tilbury@example.edu","Microsoft New York"
"26347030","Oleg Stobbe","olegstobbe@example.edu","Nvidia Paris"
"145508283","Daniil Kononenko","daniilkononenko@example.edu","Amazon Paris"
"2825246","Yaroslav Ganin","yaroslavganin@example.edu","Microsoft Sydney"
"2690172","Diana Sungatullina","dianasungatullina@example.edu","Microsoft Tokyo"
"1740145","V. Lempitsky","v.lempitsky@example.edu","Meta Sydney"
"2240637","Abdolhossein Fathi","abdolhosseinfathi@example.edu","University of London"
"2062797561","Mahboobeh Mohamadi","mahboobehmohamadi@example.edu","Microsoft Paris"
"1756729","Gilson Mendes","gilsonmendes@example.edu","Meta Barcelona"
"10070000","J. G. Paiva","j.g.paiva@example.edu","Meta New York"
"1751931","M. Flammini","m.flammini@example.edu","Meta Paris"
"1799086","G. Monaco","g.monaco@example.edu","Nvidia Sydney"
"1761543","L. Moscardelli","l.moscardelli@example.edu","Meta Tokyo"
"1715031","Mordechai Shalom","mordechaishalom@example.edu","Amazon Barcelona"
"1745839","S. Zaks","s.zaks@example.edu","Meta Toronto"
"147595186","Maike Schmargendorf","maikeschmargendorf@example.edu","Microsoft Tokyo"
"48518653","H. Schuller","h.schuller@example.edu","University of Paris"
"2070528932","Patricia Böhm","patriciaböhm@example.edu","University of Barcelona"
"1964452","Daniel Isemann","danielisemann@example.edu","University of New York"
"2058567137","Christian Wolff","christianwolff@example.edu","Meta Berlin"
"52135845","Jashojit Mukhtarjee","jashojitmukhtarjee@example.edu","University of London"
"2042696323","K. Praveen","k.praveen@example.edu","University of Toronto"
"31081428","Venugopala Madumbu","venugopalamadumbu@example.edu","Microsoft London"
"144931497","J. D. Moura","j.d.moura@example.edu","Microsoft Berlin"
"1776118","J. Novo","j.novo@example.edu","Nvidia New York"
"144081958","S. Penas","s.penas@example.edu","University of Sydney"
"35888985","M. Ortega","m.ortega@example.edu","Microsoft Paris"
"2111120900","J. Silva","j.silva@example.edu","Meta Rome"
"144731836","A. Mendonça","a.mendonça@example.edu","University of Paris"
"2254339","Zhengbo Yang","zhengboyang@example.edu","Microsoft Berlin"
"14750506","Jiaquan Ye","jiaquanye@example.edu","Amazon Berlin"
"2153465806","Jing Liu","jingliu@example.edu","Nvidia Berlin"
"103718864","Ping Yang","pingyang@example.edu","Microsoft London"
"2053834488","Fei Liang","feiliang@example.edu","Nvidia Paris"
"2323808074","N. M","n.m@example.edu","Meta London"
"48395464","V. Mohan","v.mohan@example.edu","University of Paris"
"9233924","J. Singh","j.singh@example.edu","University of Toronto"
"48595290","R. Suresh","r.suresh@example.edu","Nvidia Rome"
"26874216","Jochen Link","jochenlink@example.edu","University of Toronto"
"3493477","K. Waedt","k.waedt@example.edu","Meta Tokyo"
"123431885","Ines Ben Zid","inesbenzid@example.edu","Nvidia New York"
"2341726","Xinxin Lou","xinxinlou@example.edu","Amazon Tokyo"
"34561372","D. Boisvert","d.boisvert@example.edu","Meta Tokyo"
"1405577532","Elena Torroglosa-García","elenatorroglosa-garcía@example.edu","Microsoft Barcelona"
"2294281199","Jordi Ortiz","jordiortiz@example.edu","Microsoft Sydney"
"1398022789","A. Gómez-Skarmeta","a.gómez-skarmeta@example.edu","Amazon Barcelona"
"152883233","K. Srinivas","k.srinivas@example.edu","University of Toronto"
"2068152829","S. Gedam","s.gedam@example.edu","Nvidia Rome"
"114151675","A. Inamdar","a.inamdar@example.edu","Amazon Berlin"
"1869245","Tom Barbette","tombarbette@example.edu","Nvidia London"
"1825377","Cyril Soldani","cyrilsoldani@example.edu","Nvidia New York"
"2070711418","Romain Gaillard","romaingaillard@example.edu","Nvidia Tokyo"
"1703770","L. Mathy","l.mathy@example.edu","Amazon Sydney"
"1987370","D. Mokeddem","d.mokeddem@example.edu","Microsoft New York"
"104186679","Hakim Draidi","hakimdraidi@example.edu","Amazon Toronto"
"34415161","Scott Marchese","scottmarchese@example.edu","Nvidia Barcelona"
"4735397","G. Diao","g.diao@example.edu","Amazon London"
"2636504","M. Alshayeji","m.alshayeji@example.edu","Microsoft Paris"
"1393737217","M. Al-Rousan","m.al-rousan@example.edu","Microsoft Rome"
"52017077","Hanem Ellethy","hanemellethy@example.edu","Microsoft Sydney"
"152817391","Sa’ed Abed","sa’edabed@example.edu","University of Sydney"
"144149428","Wei Tang","weitang@example.edu","Meta Rome"
"50367252","Ming Yang","mingyang@example.edu","Nvidia Sydney"
"80394003","Zheming Lv","zheminglv@example.edu","Microsoft Sydney"
"2066196607","Qiyang Qian","qiyangqian@example.edu","University of New York"
"101398907","Timothy F. Su","timothyf.su@example.edu","Microsoft Berlin"
"144461644","Bing Wang","bingwang@example.edu","University of Toronto"
"47073793","Chunxiang Wang","chunxiangwang@example.edu","Meta Sydney"
"2115379454","Jie Fang","jiefang@example.edu","Microsoft Rome"
"2024061059","Xiaoqian Cao","xiaoqiancao@example.edu","University of New York"
"30420657","Tomokazu Murata","tomokazumurata@example.edu","Amazon Rome"
"2510362","K. Hotta","k.hotta@example.edu","Microsoft Paris"
"40790972","Ayako Imanishi","ayakoimanishi@example.edu","University of Barcelona"
"3114551","M. Matsuda","m.matsuda@example.edu","Nvidia New York"
"6063645","K. Terai","k.terai@example.edu","Microsoft London"
"119850165","Bikramjit Dasgupta","bikramjitdasgupta@example.edu","Microsoft New York"
"2902135","Damian Valles","damianvalles@example.edu","Meta Barcelona"
"9268451","S. McClellan","s.mcclellan@example.edu","Meta London"
"2152830361","Lei Zhang","leizhang@example.edu","Microsoft London"
"2144169241","Jianqing Zhang","jianqingzhang@example.edu","Nvidia Toronto"
"2375054960","Y. Chen","y.chen@example.edu","Microsoft London"
"2087247","Shaowen Liao","shaowenliao@example.edu","Nvidia Barcelona"
"2117103880","Yu Sun","yusun@example.edu","Nvidia Barcelona"
"2110905","H. Reynolds","h.reynolds@example.edu","Meta Tokyo"
"38916898","D. Wraith","d.wraith@example.edu","Amazon Rome"
"35265720","S. Williams","s.williams@example.edu","Microsoft Berlin"
"2872756","M. Finnegan","m.finnegan@example.edu","Nvidia Rome"
"2250039140","C. Mitchell","c.mitchell@example.edu","Microsoft Barcelona"
"143799272","D. Murphy","d.murphy@example.edu","Meta New York"
"2784368","A. Haworth","a.haworth@example.edu","University of Berlin"
"7589353","Shui'er Han","shui'erhan@example.edu","Nvidia Toronto"
"5491360","D. Alais","d.alais@example.edu","University of Sydney"
"2529808","Marcus A. Badgeley","marcusa.badgeley@example.edu","Nvidia Barcelona"
"39862459","J. Zech","j.zech@example.edu","University of Paris"
"2280312798","L. Oakden-Rayner","l.oakden-rayner@example.edu","Meta Rome"
"2121562557","B. Glicksberg","b.glicksberg@example.edu","University of Rome"
"49354015","Manway Liu","manwayliu@example.edu","Meta Tokyo"
"2067091755","William Gale","williamgale@example.edu","Meta Sydney"
"3908788","M. McConnell","m.mcconnell@example.edu","Microsoft Rome"
"1778120","B. Percha","b.percha@example.edu","Meta London"
"2056793535","T. Snyder","t.snyder@example.edu","University of New York"
"13964487","J. Dudley","j.dudley@example.edu","Nvidia New York"
"1715635","L. Jayatilaka","l.jayatilaka@example.edu","Nvidia Berlin"
"2543672","David M. Sengeh","davidm.sengeh@example.edu","Meta Tokyo"
"144382278","Charles Herrmann","charlesherrmann@example.edu","Microsoft New York"
"3276069","L. Bertuccelli","l.bertuccelli@example.edu","Microsoft Toronto"
"35165160","D. Antos","d.antos@example.edu","Amazon Toronto"
"1692242","B. Grosz","b.grosz@example.edu","Meta Paris"
"1770992","Krzysztof Z Gajos","krzysztofzgajos@example.edu","University of London"
"24576981","Jayden Khakurel","jaydenkhakurel@example.edu","Microsoft Toronto"
"2415255","Antti Knutas","anttiknutas@example.edu","Nvidia Barcelona"
"3346386","H. Melkas","h.melkas@example.edu","Amazon Barcelona"
"1746525","B. Penzenstadler","b.penzenstadler@example.edu","Microsoft Paris"
"2052628740","Bo Fu","bofu@example.edu","Amazon Toronto"
"1952357","J. Porras","j.porras@example.edu","Amazon Sydney"
"1706883847","Cong Ma","congma@example.edu","University of Sydney"
"2561520","Changshui Yang","changshuiyang@example.edu","Meta Berlin"
"145338224","F. Yang","f.yang@example.edu","Meta Paris"
"41019674","Yueqing Zhuang","yueqingzhuang@example.edu","Microsoft Tokyo"
"48806258","Ziwei Zhang","ziweizhang@example.edu","Amazon Barcelona"
"2642975","Huizhu Jia","huizhujia@example.edu","University of Toronto"
"145037181","Xiaodong Xie","xiaodongxie@example.edu","Nvidia Berlin"
"145171769","Michael Sevilla","michaelsevilla@example.edu","University of New York"
"9237613","Reza Nasirigerdeh","rezanasirigerdeh@example.edu","University of Toronto"
"3198700","C. Maltzahn","c.maltzahn@example.edu","University of Tokyo"
"40559862","J. LeFevre","j.lefevre@example.edu","Microsoft Sydney"
"144830031","Noah Watkins","noahwatkins@example.edu","Amazon Barcelona"
"3064226","P. Alvaro","p.alvaro@example.edu","Microsoft Toronto"
"2053796813","Margaret Lawson","margaretlawson@example.edu","Microsoft New York"
"1772467","J. Lofstead","j.lofstead@example.edu","Nvidia Rome"
"3379619","J. Pivarski","j.pivarski@example.edu","Microsoft New York"
"2110766676","Ye Li","yeli@example.edu","University of Sydney"
"2143479050","Yinghui Wang","yinghuiwang@example.edu","Microsoft London"
"2153465557","Jing Liu","jingliu@example.edu","Meta Tokyo"
"143736231","W. Hao","w.hao@example.edu","Amazon London"
"1918919","V. Papavassiliou","v.papavassiliou@example.edu","Meta Tokyo"
"3349910","Prokopis Prokopidis","prokopisprokopidis@example.edu","Nvidia London"
"2954279","Stelios Piperidis","steliospiperidis@example.edu","Microsoft Toronto"
"2062836087","D. Badia","d.badia@example.edu","Nvidia Toronto"
"1411746165","Josep Dinarès-Ferran","josepdinarès-ferran@example.edu","Amazon Toronto"
"2054652097","James Swift","jamesswift@example.edu","Nvidia Toronto"
"81216588","Ren Xu","renxu@example.edu","Microsoft Tokyo"
"12857416","R. Ortner","r.ortner@example.edu","Nvidia Toronto"
"2157878864","Javier Rodríguez","javierrodríguez@example.edu","Meta Rome"
"1813267","B. Giraldo","b.giraldo@example.edu","Microsoft London"
"145896814","C. Guger","c.guger@example.edu","Microsoft Barcelona"
"2419644","G. Edlinger","g.edlinger@example.edu","Amazon Rome"
"2248804","Shay Solomon","shaysolomon@example.edu","Microsoft Sydney"
"5489647","Nicole Wein","nicolewein@example.edu","Amazon Barcelona"
"35228916","Kim Gerdes","kimgerdes@example.edu","University of Sydney"
"145652228","Bruno Guillaume","brunoguillaume@example.edu","Microsoft Barcelona"
"145042177","Sylvain Kahane","sylvainkahane@example.edu","Meta London"
"144849515","Guy Perrier","guyperrier@example.edu","Amazon Barcelona"
"2245238","Sonia Pamplona","soniapamplona@example.edu","Meta Barcelona"
"2085909250","Isaac Seoane","isaacseoane@example.edu","Meta Tokyo"
"143788708","Javier Bravo","javierbravo@example.edu","Amazon Tokyo"
"2070762200","W. Tan","w.tan@example.edu","Microsoft Berlin"
"49528487","Hong Wang","hongwang@example.edu","Nvidia Rome"
"51349214","Lutong Wang","lutongwang@example.edu","Microsoft Sydney"
"50188186","Xiaomei Yu","xiaomeiyu@example.edu","Microsoft Tokyo"
"2140811268","Yara AlHumaidan","yaraalhumaidan@example.edu","Meta Tokyo"
"51907901","Lama AlAjmi","lamaalajmi@example.edu","Amazon Berlin"
"145158154","Moudhi M. Aljamea","moudhim.aljamea@example.edu","Amazon Tokyo"
"11052506","M. Mahmud","m.mahmud@example.edu","Amazon Berlin"
"145993178","N. Koutsouris","n.koutsouris@example.edu","Amazon Paris"
"1690531","Pavlos Kosmides","pavloskosmides@example.edu","Amazon Barcelona"
"1732839","K. Demestichas","k.demestichas@example.edu","University of Tokyo"
"1713209","Evgenia F. Adamopoulou","evgeniaf.adamopoulou@example.edu","University of Rome"
"27047645","K. Giannakopoulou","k.giannakopoulou@example.edu","Amazon London"
"2564560","V. D. Luca","v.d.luca@example.edu","University of Tokyo"
"145366437","J. M. D. Fuentes","j.m.d.fuentes@example.edu","University of London"
"1398677104","L. González-Manzano","l.gonzález-manzano@example.edu","Meta New York"
"1784376","A. Ribagorda","a.ribagorda@example.edu","Microsoft New York"
"51162374","Lina K. Klein","linak.klein@example.edu","University of Paris"
"2812035","Guido Maiello","guidomaiello@example.edu","Meta New York"
"3844797","Vivian C. Paulun","vivianc.paulun@example.edu","Microsoft Berlin"
"2436224","R. Fleming","r.fleming@example.edu","University of New York"
"2288075224","N. H. A. Rahman","n.h.a.rahman@example.edu","University of Rome"
"2278887650","Y. Yamada","y.yamada@example.edu","University of Barcelona"
"145546749","M. S. A. Nordin","m.s.a.nordin@example.edu","University of Berlin"
"27072743","Marios Kogias","marioskogias@example.edu","Nvidia Toronto"
"1678618","Edouard Bugnion","edouardbugnion@example.edu","Nvidia Tokyo"
"115719008","H. Asgari","h.asgari@example.edu","Nvidia Paris"
"145272817","Xia Jin","xiajin@example.edu","Amazon Barcelona"
"46359600","Terrence Corkery","terrencecorkery@example.edu","University of Paris"
"2010709","M. Michałek","m.michałek@example.edu","Microsoft Toronto"
"20557621","Tomasz Gawron","tomaszgawron@example.edu","University of New York"
"2145032319","Zhenjun Wang","zhenjunwang@example.edu","Nvidia London"
"8648828","Zhenxiang Yi","zhenxiangyi@example.edu","University of Berlin"
"47107606","Yizhou Ye","yizhouye@example.edu","University of Rome"
"49049307","M. Qin","m.qin@example.edu","University of Tokyo"
"65762083","Qing‐An Huang","qing‐anhuang@example.edu","University of Paris"
"3449207","Hongming Shan","hongmingshan@example.edu","University of Berlin"
"40491343","Yi Zhang","yizhang@example.edu","Microsoft Paris"
"3349640","Qingsong Yang","qingsongyang@example.edu","Microsoft London"
"46270292","U. Kruger","u.kruger@example.edu","Nvidia Paris"
"1764113","M. Kalra","m.kalra@example.edu","Microsoft Tokyo"
"2110887733","Ling Sun","lingsun@example.edu","Microsoft Berlin"
"2920643","W. Cong","w.cong@example.edu","Microsoft Barcelona"
"2108295460","Ge Wang","gewang@example.edu","Amazon Barcelona"
"47497305","Dung T. Tran","dungt.tran@example.edu","Microsoft London"
"1861227","K. Iso","k.iso@example.edu","Nvidia Sydney"
"35976156","Motoi Omachi","motoiomachi@example.edu","Amazon Barcelona"
"1471364901","Yuya Fujita","yuyafujita@example.edu","Amazon Toronto"
"2097800792","C. Ho","c.ho@example.edu","University of Rome"
"33749110","D. Park","d.park@example.edu","University of Rome"
"2005150594","Wei Yang","weiyang@example.edu","University of Sydney"
"2140493102","Yi Chang","yichang@example.edu","University of Paris"
"1733801","Chuang Ma","chuangma@example.edu","Nvidia New York"
"2126421511","Han-Shuang Chen","han-shuangchen@example.edu","Amazon Barcelona"
"144769611","Y. Lai","y.lai@example.edu","Microsoft New York"
"2027164107","Haifeng Zhang","haifengzhang@example.edu","Microsoft New York"
"1739805","Takuro Yonezawa","takuroyonezawa@example.edu","Microsoft Rome"
"2068884320","Koh Takeuchi","kohtakeuchi@example.edu","University of Sydney"
"2148968984","Tomotaka Ito","tomotakaito@example.edu","Nvidia London"
"2701778","Mina Sakamura","minasakamura@example.edu","Meta Paris"
"48900864","Y. Kishino","y.kishino@example.edu","Meta Toronto"
"34586542","F. Naya","f.naya@example.edu","Microsoft Barcelona"
"1735221","N. Ueda","n.ueda@example.edu","Amazon Barcelona"
"1703867","J. Nakazawa","j.nakazawa@example.edu","Amazon Barcelona"
"7794901","Yoori Oh","yoorioh@example.edu","Nvidia Toronto"
"2117903684","Yoonhee Kim","yoonheekim@example.edu","Amazon London"
"3426706","Urmila Pyakurel","urmilapyakurel@example.edu","University of London"
"89875547","H. Nath","h.nath@example.edu","Nvidia Paris"
"3215542","T. N. Dhamala","t.n.dhamala@example.edu","University of Sydney"
"1401717754","Borja Seijo-Pardo","borjaseijo-pardo@example.edu","Nvidia Rome"
"1398284511","Amparo Alonso-Betanzos","amparoalonso-betanzos@example.edu","Meta New York"
"2065549778","Kristin P. Bennett","kristinp.bennett@example.edu","Amazon Paris"
"1396889028","V. Bolón-Canedo","v.bolón-canedo@example.edu","University of Tokyo"
"1743797","Isabelle M Guyon","isabellemguyon@example.edu","Nvidia Sydney"
"38459308","J. Josse","j.josse@example.edu","Nvidia London"
"144102090","M. Saeed","m.saeed@example.edu","Amazon Toronto"
"1906285","I. Verner","i.verner@example.edu","Amazon Rome"
"145865231","Michael Reitman","michaelreitman@example.edu","Nvidia New York"
"2737639","D. Cuperman","d.cuperman@example.edu","Meta New York"
"74511266","Toria Yan","toriayan@example.edu","Amazon Barcelona"
"73805268","E. Finkelstein","e.finkelstein@example.edu","Meta New York"
"74995619","Tal Romm","talromm@example.edu","Amazon Tokyo"
"2152148","C. Jang","c.jang@example.edu","Nvidia Tokyo"
"29785530","Kiseung Bang","kiseungbang@example.edu","Meta Toronto"
"143736626","Gang Li","gangli@example.edu","Meta Rome"
"145223845","Byoungho Lee","byoungholee@example.edu","Meta Tokyo"
"2706784","Rakibul Islam Rony","rakibulislamrony@example.edu","Meta Toronto"
"1402196562","Elena López-Aguilera","elenalópez-aguilera@example.edu","University of Tokyo"
"2618162","E. G. Villegas","e.g.villegas@example.edu","Nvidia Toronto"
"2118224438","Jun Huang","junhuang@example.edu","Meta Berlin"
"39738500","Haibing Yin","haibingyin@example.edu","Microsoft Rome"
"145522082","Ping-Feng Pai","ping-fengpai@example.edu","Amazon Tokyo"
"119640299","Ling Hong","linghong@example.edu","Amazon Rome"
"2151697575","Kuo-Ping Lin","kuo-pinglin@example.edu","Nvidia Rome"
"2487418","Zhina Song","zhinasong@example.edu","Amazon Tokyo"
"2451742","H. Sui","h.sui@example.edu","Meta Sydney"
"2054402599","L. Hua","l.hua@example.edu","University of Paris"
"2129502","P. Klęsk","p.klęsk@example.edu","Amazon Rome"
"1401860403","J. Muñoz-Cobo","j.muñoz-cobo@example.edu","Amazon London"
"40284872","C. Berna","c.berna@example.edu","University of Tokyo"
"2107267","S. Giordanengo","s.giordanengo@example.edu","Meta Tokyo"
"34133736","A. Vignati","a.vignati@example.edu","Amazon Sydney"
"144393908","A. Attili","a.attili@example.edu","Microsoft Barcelona"
"34899030","M. Ciocca","m.ciocca@example.edu","Amazon Paris"
"144041783","M. Donetti","m.donetti@example.edu","Amazon Tokyo"
"46562373","F. Fausti","f.fausti@example.edu","Nvidia Paris"
"46982824","L. Manganaro","l.manganaro@example.edu","Microsoft Sydney"
"2118684","F. Milian","f.milian@example.edu","Microsoft Berlin"
"4865834","S. Molinelli","s.molinelli@example.edu","University of Toronto"
"2249258149","V. Monaco","v.monaco@example.edu","University of Paris"
"153180975","G. Russo","g.russo@example.edu","Nvidia London"
"144034476","R. Sacchi","r.sacchi@example.edu","Meta Tokyo"
"2248516518","R. Sacchi","r.sacchi@example.edu","Microsoft Rome"
"31373572","M. V. Anvar","m.v.anvar@example.edu","Amazon Berlin"
"3324578","R. Cirio","r.cirio@example.edu","Microsoft Tokyo"
"50308581","Shreyasi Datta","shreyasidatta@example.edu","University of Sydney"
"4929024","J. Bezdek","j.bezdek@example.edu","Meta Paris"
"145389998","M. Palaniswami","m.palaniswami@example.edu","Nvidia Sydney"
"4183573","Jiaqi Yin","jiaqiyin@example.edu","University of Tokyo"
"2217246231","Huibiao Zhu","huibiaozhu@example.edu","Microsoft Tokyo"
"32282349","Yuan Fei","yuanfei@example.edu","Meta New York"
"144330091","Qiwen Xu","qiwenxu@example.edu","University of Toronto"
"3490012","Ruobiao Wu","ruobiaowu@example.edu","Nvidia Sydney"
"39351028","Viraj Prabhu","virajprabhu@example.edu","Amazon Barcelona"
"145721096","A. Kannan","a.kannan@example.edu","Microsoft Toronto"
"41021839","Murali Ravuri","muraliravuri@example.edu","Amazon Toronto"
"1420025871","Manish Chaplain","manishchaplain@example.edu","Meta London"
"1746662","D. Sontag","d.sontag@example.edu","Nvidia Rome"
"2478897","X. Amatriain","x.amatriain@example.edu","Nvidia Paris"
"1986385","Songting Li","songtingli@example.edu","Meta Berlin"
"9081258","Lihu Chen","lihuchen@example.edu","Amazon London"
"2151270974","Yong Zhao","yongzhao@example.edu","Amazon Sydney"
"1714008","N. Kucirkova","n.kucirkova@example.edu","Microsoft Toronto"
"151244954","Veronica Gavrila","veronicagavrila@example.edu","Amazon Barcelona"
"88729055","Lidia Bajenaru","lidiabajenaru@example.edu","Amazon Barcelona"
"143649293","C. Dobre","c.dobre@example.edu","Meta Rome"
"114557616","Takumi Hosaka","takumihosaka@example.edu","University of Barcelona"
"153671133","S. Nishizawa","s.nishizawa@example.edu","University of Berlin"
"32397042","Ryo Kishida","ryokishida@example.edu","Microsoft Berlin"
"2109775658","Takashi Matsumoto","takashimatsumoto@example.edu","Microsoft Rome"
"2285420065","Kazutoshi Kobayashi","kazutoshikobayashi@example.edu","Microsoft Rome"
"14360006","S. García","s.garcía@example.edu","Microsoft Rome"
"51885253","Rubén Guillem","rubénguillem@example.edu","Meta Sydney"
"4418926","I. Gasulla","i.gasulla@example.edu","Amazon Rome"
"1790450","Armin Biere","arminbiere@example.edu","Meta Toronto"
"35116359","C. Tinelli","c.tinelli@example.edu","Microsoft Toronto"
"1734008","Christoph Weidenbach","christophweidenbach@example.edu","University of Sydney"
"103030156","Shuangdong Li","shuangdongli@example.edu","Meta Sydney"
"2442966","Yi-Zheng Fan","yi-zhengfan@example.edu","Microsoft Toronto"
"2203759","Tatsuro Ito","tatsuroito@example.edu","Meta Sydney"
"3958660","M. Karimi","m.karimi@example.edu","University of Rome"
"2212230921","Jing Xu","jingxu@example.edu","University of Paris"
"1911110","Thom Castermans","thomcastermans@example.edu","Meta New York"
"2086449","Kevin Verbeek","kevinverbeek@example.edu","Amazon Paris"
"1699605","B. Speckmann","b.speckmann@example.edu","Amazon Sydney"
"1768706","M. A. Westenberg","m.a.westenberg@example.edu","Microsoft New York"
"2220541869","Rob Koopman","robkoopman@example.edu","Meta Toronto"
"144133674","Shenghui Wang","shenghuiwang@example.edu","Amazon Tokyo"
"113377731","Hein van den Berg","heinvandenberg@example.edu","Meta Toronto"
"144740852","Arianna Betti","ariannabetti@example.edu","Nvidia Barcelona"
"2065232462","I. Ezhov","i.ezhov@example.edu","Microsoft Sydney"
"1959705","Jana Lipková","janalipková@example.edu","Nvidia Rome"
"1561461499","Suprosanna Shit","suprosannashit@example.edu","Meta Barcelona"
"94576427","F. Kofler","f.kofler@example.edu","Nvidia Barcelona"
"50637770","Nora Collomb","noracollomb@example.edu","Microsoft Tokyo"
"3391193","B. Lemasson","b.lemasson@example.edu","Meta Paris"
"2602392","Emmanuel L Barbier","emmanuellbarbier@example.edu","Meta Toronto"
"143893221","Bjoern H Menze","bjoernhmenze@example.edu","Meta Barcelona"
"40161233","Junming Shao","junmingshao@example.edu","University of Tokyo"
"103010588","Zhong Zhang","zhongzhang@example.edu","Nvidia New York"
"32206063","Zhongjing Yu","zhongjingyu@example.edu","Amazon London"
"2153062990","Jun Wang","junwang@example.edu","University of Sydney"
"2143936507","Yi Zhao","yizhao@example.edu","Amazon Tokyo"
"1839095","Qinli Yang","qinliyang@example.edu","Microsoft Sydney"
"2003386388","Albert Gancedo","albertgancedo@example.edu","Amazon Barcelona"
"1846143","Omer Can Akgun","omercanakgun@example.edu","University of Toronto"
"2032377","W. Serdijn","w.serdijn@example.edu","Microsoft London"
"30685379","Katarzyna Bobkowska","katarzynabobkowska@example.edu","Meta Sydney"
"8908312","K. Nagaty","k.nagaty@example.edu","Meta Berlin"
"2264008","M. Przyborski","m.przyborski@example.edu","Meta Barcelona"
"88688260","M. Moghaddas","m.moghaddas@example.edu","Amazon Paris"
"2504489","G. Tohidi","g.tohidi@example.edu","University of Barcelona"
"47744064","K. K. Brown","k.k.brown@example.edu","Meta Toronto"
"26330157","A. E. Norton","a.e.norton@example.edu","University of Rome"
"26883181","Dylan T Neu","dylantneu@example.edu","Microsoft Toronto"
"35793505","P. B. Shaw","p.b.shaw@example.edu","Nvidia Toronto"
"133587214","A. Dudchenko","a.dudchenko@example.edu","Meta Sydney"
"146980121","I. N. Kolkareva","i.n.kolkareva@example.edu","University of Sydney"
"146418274","Ch.N. Pseush","ch.n.pseush@example.edu","University of Tokyo"
"1743792","T. Nguyen","t.nguyen@example.edu","Meta London"
"49808195","Junichi Kawasaki","junichikawasaki@example.edu","Meta Paris"
"40420312","S. Sumita","s.sumita@example.edu","Meta Sydney"
"119636576","Genichi Mouri","genichimouri@example.edu","Microsoft Berlin"
"1951193","M. Miyazawa","m.miyazawa@example.edu","Nvidia New York"
"1986209","T. Tsuritani","t.tsuritani@example.edu","University of Tokyo"
"3001662","L. Maglaras","l.maglaras@example.edu","University of Rome"
"2864573","M. Ferrag","m.ferrag@example.edu","Nvidia Tokyo"
"2752784","A. Derhab","a.derhab@example.edu","Meta Berlin"
"3114683","M. Mukherjee","m.mukherjee@example.edu","Meta London"
"1757757","H. Janicke","h.janicke@example.edu","Nvidia New York"
"40895374","Stylianos Rallis","stylianosrallis@example.edu","University of Berlin"
"40520351","E. B. Boateng","e.b.boateng@example.edu","Microsoft Tokyo"
"144596476","P. Davis","p.davis@example.edu","Nvidia Sydney"
"52639798","M. Pillay","m.pillay@example.edu","Meta London"
"1767296","Pierre Bourreau","pierrebourreau@example.edu","University of Paris"
"1693416","R. Chbeir","r.chbeir@example.edu","University of Tokyo"
"2357985","Yudith Cardinale","yudithcardinale@example.edu","Microsoft Barcelona"
"2014051","Aitor Corchero","aitorcorchero@example.edu","Amazon Sydney"
"1380802221","Jérôme Lafréchoux","jérômelafréchoux@example.edu","University of Rome"
"152418038","David Frédérique","davidfrédérique@example.edu","University of Berlin"
"3054548","Khouloud Salameh","khouloudsalameh@example.edu","University of Rome"
"31597619","G. Calis","g.calis@example.edu","Meta Barcelona"
"1380802259","Rafael Constantinou","rafaelconstantinou@example.edu","Meta New York"
"27065979","Lara Kallab","larakallab@example.edu","Microsoft Sydney"
"153027464","Ahmed Khaled","ahmedkhaled@example.edu","Meta Toronto"
"2662221","Peter Richtárik","peterrichtárik@example.edu","Meta London"
"3268597","Catalina Aranzazu Suescun","catalinaaranzazusuescun@example.edu","Amazon Barcelona"
"1695400","M. Cardei","m.cardei@example.edu","University of Toronto"
"2117107993","Yuan Cao","yuancao@example.edu","University of Paris"
"1565916853","Renke He","renkehe@example.edu","Meta Berlin"
"25581960","Jonathan Frankle","jonathanfrankle@example.edu","Nvidia Barcelona"
"144159726","David Bau","davidbau@example.edu","Nvidia Toronto"
"2146419472","Ying Yang","yingyang@example.edu","Amazon Toronto"
"2241940934","Lidong Zhu","lidongzhu@example.edu","Meta Rome"
"47410062","U. Deichmann","u.deichmann@example.edu","University of Barcelona"
"1500528751","Andrew Yi-Ann Huang","andrewyi-annhuang@example.edu","University of Paris"
"2219048051","Katherine Shu-Min Li","katherineshu-minli@example.edu","Amazon Paris"
"1500529457","Cheng-Yen Tsai","cheng-yentsai@example.edu","Nvidia Toronto"
"1500525168","Ken Chau-Cheung Cheng","kenchau-cheungcheng@example.edu","Meta Barcelona"
"2108648322","Sying-Jyan Wang","sying-jyanwang@example.edu","Microsoft Berlin"
"1500521135","Xu-Hao Jiang","xu-haojiang@example.edu","Nvidia Toronto"
"1500528552","Leon Chou","leonchou@example.edu","Amazon Toronto"
"1500529178","Chen-Shiun Lee","chen-shiunlee@example.edu","Meta Toronto"
"2109144818","Hongfeng Li","hongfengli@example.edu","Microsoft Berlin"
"7574456","Hong-Qin Zhao","hong-qinzhao@example.edu","Meta Toronto"
"145809010","Hong Li","hongli@example.edu","Nvidia Sydney"
"47600048","Rentuo Tao","rentuotao@example.edu","Amazon London"
"1510709850","Ziqiang Li","ziqiangli@example.edu","Nvidia Rome"
"1380391852","Renshuai Tao","renshuaitao@example.edu","Microsoft Tokyo"
"2156071890","Bin Li","binli@example.edu","Meta Berlin"
"2150654520","Ming Li","mingli@example.edu","Microsoft Tokyo"
"49560168","Gangyan Xu","gangyanxu@example.edu","Meta Paris"
"2087248137","Peng Lin","penglin@example.edu","University of Berlin"
"2375734554","George Q. Huang","georgeq.huang@example.edu","University of Toronto"
"2200207999","S. Al-Mansoori","s.al-mansoori@example.edu","Amazon New York"
"1405705670","R. Al-Ruzouq","r.al-ruzouq@example.edu","Nvidia New York"
"1421225679","Diena Al Dogom","dienaaldogom@example.edu","Amazon New York"
"1420349782","Meera Al Shamsi","meeraalshamsi@example.edu","Nvidia Paris"
"1421229597","Alya Al Mazzm","alyaalmazzm@example.edu","Nvidia Barcelona"
"73768642","N. Aburaed","n.aburaed@example.edu","Amazon Berlin"
"1500416032","Zeng Wan-dan","zengwan-dan@example.edu","Meta Toronto"
"2151103160","Cheng-wei Wu","cheng-weiwu@example.edu","University of Sydney"
"2289180077","Ru-jin Shi","ru-jinshi@example.edu","Microsoft Barcelona"
"2289928328","Qian-xue Li","qian-xueli@example.edu","Nvidia Sydney"
"2314797671","Zhi Xia","zhixia@example.edu","University of New York"
"47867495","S. A. Hossain","s.a.hossain@example.edu","Meta Rome"
"2271613166","Daniel Pelletier","danielpelletier@example.edu","Microsoft New York"
"2273266632","Tony Rennert","tonyrennert@example.edu","Nvidia London"
"2363517284","M. Chang","m.chang@example.edu","University of Sydney"
"2273267682","Santi Decunto","santidecunto@example.edu","Meta London"
"2248580051","S. Cen","s.cen@example.edu","Microsoft Paris"
"52027227","M. Turkowski","m.turkowski@example.edu","University of New York"
"65857742","Artur Szczecki","arturszczecki@example.edu","Amazon Barcelona"
"9767306","Maciej Szudarek","maciejszudarek@example.edu","Nvidia Rome"
"9707096","Beata Stawarska","beatastawarska@example.edu","Nvidia Barcelona"
"89537642","Yakup Çelikbilek","yakupçelikbilek@example.edu","Nvidia Tokyo"
"1394647394","Ayse Nur Adigüzel Tüylü","aysenuradigüzeltüylü@example.edu","Meta Paris"
"2090299849","Abhishek Roy","abhishekroy@example.edu","Nvidia Toronto"
"48487247","S. Gilbert","s.gilbert@example.edu","Nvidia Sydney"
"35261036","Guoming Lai","guominglai@example.edu","Meta Rome"
"30892045","Wangkui Liu","wangkuiliu@example.edu","Nvidia New York"
"33189779","Yiyin Wei","yiyinwei@example.edu","Nvidia Paris"
"2029805","M. Hou","m.hou@example.edu","Meta Toronto"
"145226384","G. Duan","g.duan@example.edu","Amazon Toronto"
"1500399995","Jerry Chun-Fung Li","jerrychun-fungli@example.edu","Amazon Tokyo"
"2040404","D. Zimmerle","d.zimmerle@example.edu","University of New York"
"2027279","L. Csirmaz","l.csirmaz@example.edu","University of Toronto"
"2591635","Giovanni Cherubin","giovannicherubin@example.edu","University of Rome"
"3472832","K. Chatzikokolakis","k.chatzikokolakis@example.edu","Amazon Barcelona"
"1722055","C. Palamidessi","c.palamidessi@example.edu","Microsoft Berlin"
"2554419","Mohammed Elhenawy","mohammedelhenawy@example.edu","University of New York"
"2671209","A. Jahangiri","a.jahangiri@example.edu","Microsoft Paris"
"145103455","Hesham A Rakha","heshamarakha@example.edu","Meta Paris"
"9917280","Dengjun Zhu","dengjunzhu@example.edu","Nvidia Sydney"
"30885468","Haiwei Yuan","haiweiyuan@example.edu","University of Barcelona"
"2112650394","Jinlong Yan","jinlongyan@example.edu","Meta Berlin"
"2066368525","Yanping Qing","yanpingqing@example.edu","Nvidia Paris"
"2116897504","Weijie Yang","weijieyang@example.edu","Nvidia Paris"
"70353659","Dibyasundar Das","dibyasundardas@example.edu","Microsoft Rome"
"34882165","D. Nayak","d.nayak@example.edu","Amazon Sydney"
"8897880","Ratnakar Dash","ratnakardash@example.edu","University of London"
"1683610","B. Majhi","b.majhi@example.edu","Nvidia New York"
"70117988","Feixia Yang","feixiayang@example.edu","Meta Toronto"
"1739235","Ziliang Ping","ziliangping@example.edu","University of Paris"
"2068196446","Fei Ma","feima@example.edu","Nvidia Berlin"
"2143434490","Yanwei Wang","yanweiwang@example.edu","Amazon Barcelona"
"1423584728","Wei Ou","weiou@example.edu","University of Tokyo"
"47622606","N. Fang","n.fang@example.edu","Microsoft Paris"
"9204532","Hequn Xian","hequnxian@example.edu","Microsoft Barcelona"
"2149239121","Wei Guo","weiguo@example.edu","Meta Barcelona"
"2083584465","Feilu Hang","feiluhang@example.edu","Meta Berlin"
"1423407744","Linjiang Xie","linjiangxie@example.edu","Amazon Berlin"
"1423472259","Xuyue Tang","xuyuetang@example.edu","University of Berlin"
"52645986","T. Pehlivanova","t.pehlivanova@example.edu","Nvidia Rome"
"2053979963","E. Walker","e.walker@example.edu","Nvidia Berlin"
"39102196","Joshua A Kammeraad","joshuaakammeraad@example.edu","Microsoft London"
"72952067","John W. Goetz","johnw.goetz@example.edu","Amazon Barcelona"
"35443960","Michael T. Robo","michaelt.robo@example.edu","University of London"
"3064914","Ambuj Tewari","ambujtewari@example.edu","Amazon London"
"3174588","P. Zimmerman","p.zimmerman@example.edu","University of Rome"
"7561332","Dongdong Cheng","dongdongcheng@example.edu","Meta Berlin"
"2109996819","Jinlong Huang","jinlonghuang@example.edu","Amazon Tokyo"
"47180601","Sulan Zhang","sulanzhang@example.edu","Amazon Paris"
"2110169473","Huijun Liu","huijunliu@example.edu","Nvidia Toronto"
"2118007290","Ying Su","yingsu@example.edu","Microsoft New York"
"2066402348","Yan Wo","yanwo@example.edu","Nvidia Barcelona"
"145659428","Guoqiang Han","guoqianghan@example.edu","Meta Paris"
"2377720","A. Nejat","a.nejat@example.edu","Nvidia Paris"
"2369755770","Roxana J. Javid","roxanaj.javid@example.edu","Amazon Barcelona"
"4704127","Souparno Ghosh","souparnoghosh@example.edu","Meta New York"
"32177570","Saeed Moradi","saeedmoradi@example.edu","Microsoft Berlin"
"143962358","Alvin Chan","alvinchan@example.edu","Microsoft Tokyo"
"144447820","Yi Tay","yitay@example.edu","University of Tokyo"
"8748397","Y. Ong","y.ong@example.edu","Microsoft Sydney"
"2089772402","Jie Fu","jiefu@example.edu","Microsoft London"
"2142961907","Shubham Kumar","shubhamkumar@example.edu","Microsoft London"
"82265449","Utkarsh Pundir","utkarshpundir@example.edu","Amazon Berlin"
"1404227426","Aarti Bisht","aartibisht@example.edu","Meta New York"
"71445253","Alexandre Huff","alexandrehuff@example.edu","Meta New York"
"2069995981","Giovanni Venâncio","giovannivenâncio@example.edu","Nvidia Paris"
"2064590996","E. P. Duarte","e.p.duarte@example.edu","Nvidia Tokyo"
"2110299596","Xuan Zheng","xuanzheng@example.edu","Amazon Paris"
"50194707","Xiaoliang Cheng","xiaoliangcheng@example.edu","Nvidia Sydney"
"2289477","R. Gong","r.gong@example.edu","University of Sydney"
"34262794","Hao Liao","haoliao@example.edu","Microsoft London"
"12177278","Xing-Tong Wu","xing-tongwu@example.edu","Microsoft Sydney"
"153094069","Mingyang Zhou","mingyangzhou@example.edu","Amazon Toronto"
"39157972","C. Yeung","c.yeung@example.edu","University of Toronto"
"67022972","Zhijin Qin","zhijinqin@example.edu","University of Toronto"
"47909642","Yuanwei Liu","yuanweiliu@example.edu","Microsoft Berlin"
"1410112765","Geoffrey Y. Li","geoffreyy.li@example.edu","Nvidia Berlin"
"145002459","J. Mccann","j.mccann@example.edu","Nvidia London"
"1719976","S. Bimonte","s.bimonte@example.edu","Nvidia Paris"
"2652412","S. Rizzi","s.rizzi@example.edu","Meta Berlin"
"3009268","Lucile Sautot","lucilesautot@example.edu","Amazon New York"
"49477894","B. Fontaine","b.fontaine@example.edu","University of London"
"122050253","Mohd Tausif","mohdtausif@example.edu","Nvidia Berlin"
"49525600","I. Khan","i.khan@example.edu","University of London"
"143854058","E. Khan","e.khan@example.edu","Nvidia Berlin"
"145018947","M. Hasan","m.hasan@example.edu","Nvidia Sydney"
"13081449","K. Metzmacher","k.metzmacher@example.edu","Amazon Sydney"
"100821757","Patrick Helling","patrickhelling@example.edu","Microsoft Paris"
"10049728","J. Blumtritt","j.blumtritt@example.edu","University of Sydney"
"2080370939","Brigitte Mathiak","brigittemathiak@example.edu","Nvidia Paris"
"1802019","Nadeem Abbas","nadeemabbas@example.edu","Meta New York"
"46883975","M. Asim","m.asim@example.edu","Meta New York"
"89880501","Noshina Tariq","noshinatariq@example.edu","Meta Sydney"
"37022396","T. Baker","t.baker@example.edu","Amazon New York"
"47622655","Sohail Abbas","sohailabbas@example.edu","Microsoft Berlin"
"2009685182","Bin Ma","binma@example.edu","Nvidia Toronto"
"2118775548","Xiaoyu Wang","xiaoyuwang@example.edu","Meta Rome"
"2118912664","Qi Li","qili@example.edu","Meta Tokyo"
"2145728447","Bing Li","bingli@example.edu","University of Barcelona"
"2151965572","Jian Li","jianli@example.edu","Microsoft Berlin"
"2196838","Chun-peng Wang","chun-pengwang@example.edu","Amazon Paris"
"144364593","Y. Shi","y.shi@example.edu","Meta London"
"19262604","W. Zhang","w.zhang@example.edu","Microsoft Toronto"
"2070924","Baogang Lu","baoganglu@example.edu","Amazon Tokyo"
"8789603","Q. Xia","q.xia@example.edu","University of New York"
"115751356","D. Vytlačil","d.vytlačil@example.edu","Nvidia Toronto"
"2985205","J. P. Barddal","j.p.barddal@example.edu","Amazon Toronto"
"1737747","F. Enembreck","f.enembreck@example.edu","University of Tokyo"
"13645563","Heitor Murilo Gomes","heitormurilogomes@example.edu","Amazon Tokyo"
"1762931","A. Bifet","a.bifet@example.edu","University of Berlin"
"1737420","Bernhard Pfahringer","bernhardpfahringer@example.edu","Microsoft Barcelona"
"2501967","Lorena Arcega","lorenaarcega@example.edu","Nvidia Rome"
"11248626","Jaime Font","jaimefont@example.edu","Amazon Berlin"
"1721976","Øystein Haugen","øysteinhaugen@example.edu","University of Tokyo"
"144927584","Carlos Cetina","carloscetina@example.edu","Nvidia Rome"
"2109029442","Haixia Li","haixiali@example.edu","Meta New York"
"2220867759","Geng Li","gengli@example.edu","Amazon New York"
"2156500858","Zhiyong Huang","zhiyonghuang@example.edu","Meta London"
"2356368786","Ming Chen","mingchen@example.edu","Amazon Berlin"
"14458642","T. Periyaswamy","t.periyaswamy@example.edu","Meta Barcelona"
"52218823","Mahendran Balasubramanian","mahendranbalasubramanian@example.edu","Meta Sydney"
"9588904","Krishna Dasaratha","krishnadasaratha@example.edu","Microsoft New York"
"145993397","Kevin He","kevinhe@example.edu","University of Sydney"
"2153647565","Xingyuan Zhang","xingyuanzhang@example.edu","Nvidia Paris"
"3322412","Fuhai Zhang","fuhaizhang@example.edu","Nvidia New York"
"152604394","Xinyu Tong","xinyutong@example.edu","Microsoft New York"
"2075371855","Fengyuan Zhu","fengyuanzhu@example.edu","Microsoft Tokyo"
"2075389670","Yang Wan","yangwan@example.edu","Amazon Barcelona"
"2394645","Xiaohua Tian","xiaohuatian@example.edu","University of Barcelona"
"1860265446","Xinbing Wang","xinbingwang@example.edu","University of Rome"
"2260085","Maarten Slembrouck","maartenslembrouck@example.edu","University of London"
"1716443","P. Veelaert","p.veelaert@example.edu","Microsoft New York"
"3112987","Dimitri Van Cauwelaert","dimitrivancauwelaert@example.edu","University of Paris"
"3056561","D. V. Hamme","d.v.hamme@example.edu","University of Paris"
"143737327","W. Philips","w.philips@example.edu","Nvidia Toronto"
"30767016","P. Chophuk","p.chophuk@example.edu","University of Sydney"
"2589249","Kanjana Pattanaworapan","kanjanapattanaworapan@example.edu","Amazon Toronto"
"1734664","K. Chamnongthai","k.chamnongthai@example.edu","Microsoft Paris"
"2219007160","Qi-Fan Yang","qi-fanyang@example.edu","Amazon Rome"
"3184820","Chi-Jen Lin","chi-jenlin@example.edu","Microsoft Barcelona"
"144217709","Gwo-jen Hwang","gwo-jenhwang@example.edu","Meta Rome"
"1714179","P. Rakshit","p.rakshit@example.edu","University of Rome"
"1740557","A. Konar","a.konar@example.edu","Amazon Tokyo"
"144291050","A. Nagar","a.nagar@example.edu","Microsoft Barcelona"
"2235535226","I. Andriana","i.andriana@example.edu","Microsoft Rome"
"133854866","D. Riyanto","d.riyanto@example.edu","Nvidia Toronto"
"2143240467","D. Darmawan","d.darmawan@example.edu","Amazon Tokyo"
"39977859","S. Chon","s.chon@example.edu","Amazon Tokyo"
"51042372","Ferdinand Timmermann","ferdinandtimmermann@example.edu","Meta Toronto"
"2794091","T. Dratsch","t.dratsch@example.edu","Meta Rome"
"8625509","N. Schuelper","n.schuelper@example.edu","Meta Barcelona"
"49894422","P. Plum","p.plum@example.edu","Amazon New York"
"81127051","F. Berlth","f.berlth@example.edu","University of Rome"
"51040845","R. Datta","r.datta@example.edu","University of Tokyo"
"2074443600","C. Schramm","c.schramm@example.edu","Microsoft Sydney"
"3899780","S. Haneder","s.haneder@example.edu","Microsoft Rome"
"2091905565","M. R. Späth","m.r.späth@example.edu","University of London"
"11735268","M. Dübbers","m.dübbers@example.edu","Meta Barcelona"
"144504726","Julia Kleinert","juliakleinert@example.edu","Amazon Rome"
"5019281","T. Raupach","t.raupach@example.edu","University of Paris"
"2655343","C. Bruns","c.bruns@example.edu","Nvidia Tokyo"
"49914182","R. Kleinert","r.kleinert@example.edu","Microsoft Toronto"
"49980880","Tianhao Wang","tianhaowang@example.edu","Amazon Barcelona"
"1696332","Bolin Ding","bolinding@example.edu","University of Toronto"
"1709595","Jingren Zhou","jingrenzhou@example.edu","Nvidia Toronto"
"1720888175","Cheng Hong","chenghong@example.edu","University of London"
"3260205","Zhicong Huang","zhiconghuang@example.edu","Amazon Rome"
"1740882","Ninghui Li","ninghuili@example.edu","Microsoft Barcelona"
"1680133","S. Jha","s.jha@example.edu","Nvidia Barcelona"
"2108544708","Yu-Hui Zhang","yu-huizhang@example.edu","University of Paris"
"2462564","Yue-jiao Gong","yue-jiaogong@example.edu","Meta New York"
"2358812","Huaqiang Yuan","huaqiangyuan@example.edu","University of London"
"18997752","Jun Zhang","junzhang@example.edu","Nvidia Toronto"
"144067094","Márcia Esteves","márciaesteves@example.edu","Meta London"
"39549792","Marisa Esteves","marisaesteves@example.edu","Meta Toronto"
"145646334","A. Abelha","a.abelha@example.edu","Microsoft New York"
"81807096","José Machado","josémachado@example.edu","Meta Tokyo"
"52152766","A. Aytasova","a.aytasova@example.edu","Nvidia Berlin"
"79830527","Kira Yu. Erofeeva","kirayu.erofeeva@example.edu","Microsoft Berlin"
"80707862","N. Solopova","n.solopova@example.edu","Amazon Rome"
"10443748","A. Hoque","a.hoque@example.edu","University of Barcelona"
"2067393","J. Valasek","j.valasek@example.edu","Meta Toronto"
"2354383","P. Sváček","p.sváček@example.edu","Meta Paris"
"40582282","J. Horáček","j.horáček@example.edu","Meta Paris"
"1688428","Jie Yang","jieyang@example.edu","Amazon Berlin"
"1700522","Guoyin Wang","guoyinwang@example.edu","Nvidia Barcelona"
"47528390","Qinghua Zhang","qinghuazhang@example.edu","Microsoft Sydney"
"2115868630","Yuhong Chen","yuhongchen@example.edu","Meta New York"
"40865546","Taihua Xu","taihuaxu@example.edu","Microsoft Paris"
"2113771270","Q. Fu","q.fu@example.edu","University of Rome"
"32575931","Xinxing Mu","xinxingmu@example.edu","Nvidia Rome"
"143750818","Wei He","weihe@example.edu","University of Rome"
"6848604","S. Baptista","s.baptista@example.edu","Microsoft New York"
"1931607","G. Wadley","g.wadley@example.edu","Meta Sydney"
"40013941","D. Bird","d.bird@example.edu","Meta Toronto"
"34662662","B. Oldenburg","b.oldenburg@example.edu","Amazon Barcelona"
"2340560","J. Speight","j.speight@example.edu","Microsoft Sydney"
"2377276704","Xie Xie","xiexie@example.edu","Amazon Rome"
"2112461582","Nannan Guo","nannanguo@example.edu","Amazon Berlin"
"5071491","Guangpu Xue","guangpuxue@example.edu","Nvidia New York"
"144033157","Daoqing Xie","daoqingxie@example.edu","Microsoft Rome"
"47177107","C. Yuan","c.yuan@example.edu","Amazon Toronto"
"1785386033","Joshua Harrison","joshuaharrison@example.edu","University of Rome"
"49298773","Jinyu Li","jinyuli@example.edu","Nvidia London"
"4908247","Longguang Jiang","longguangjiang@example.edu","Meta Sydney"
"144906045","Mingdong Huang","mingdonghuang@example.edu","Microsoft Paris"
"10738039","Takaya Kobayashi","takayakobayashi@example.edu","Amazon New York"
"1392233432","Mayur Mhamunkar","mayurmhamunkar@example.edu","Microsoft Tokyo"
"1394429831","Sagar Bagane","sagarbagane@example.edu","Nvidia Barcelona"
"1396431019","L. Kolhe","l.kolhe@example.edu","University of London"
"2118838694","Vikrant Singh","vikrantsingh@example.edu","Amazon Paris"
"144443852","Mohit Ahuja","mohitahuja@example.edu","Microsoft Barcelona"
"50024469","Yueqing Li","yueqingli@example.edu","Amazon Toronto"
"28338662","V. Pitoni","v.pitoni@example.edu","Microsoft Berlin"
"2327399","Toritseju Okpotse","toritsejuokpotse@example.edu","University of Paris"
"144743423","S. Yousefi","s.yousefi@example.edu","Meta Tokyo"
"145189138","H. Aziza","h.aziza@example.edu","University of Toronto"
"143874350","M. Moreau","m.moreau@example.edu","Nvidia Berlin"
"2205704","A. Pérez","a.pérez@example.edu","Microsoft Paris"
"1734579","A. Virazel","a.virazel@example.edu","Microsoft London"
"144090937","P. Girard","p.girard@example.edu","Microsoft Paris"
"27774447","Chaozhi Yang","chaozhiyang@example.edu","Amazon Barcelona"
"46729326","Chunyi Chen","chunyichen@example.edu","University of Rome"
"2109637843","Xiaojuan Hu","xiaojuanhu@example.edu","University of Barcelona"
"1791687","Huamin Yang","huaminyang@example.edu","University of Berlin"
"1685060","L. Pallotta","l.pallotta@example.edu","Nvidia Rome"
"144114526","D. Orlando","d.orlando@example.edu","University of Berlin"
"48639956","Shuyu Lin","shuyulin@example.edu","Nvidia Paris"
"143633133","R. Clark","r.clark@example.edu","Microsoft Tokyo"
"2010862","R. Birke","r.birke@example.edu","Nvidia London"
"3641238","A. Trigoni","a.trigoni@example.edu","Microsoft Berlin"
"143841496","Stephen J. Roberts","stephenj.roberts@example.edu","Meta Toronto"
"48124502","A. Verma","a.verma@example.edu","Nvidia New York"
"1404062245","M. Rawani","m.rawani@example.edu","Microsoft Rome"
"101604974","D. D. Calafiori","d.d.calafiori@example.edu","Nvidia Toronto"
"49692531","G. Dissertori","g.dissertori@example.edu","University of London"
"52473946","R. Estupiñàn","r.estupiñàn@example.edu","Meta Barcelona"
"13973384","W. Lustermann","w.lustermann@example.edu","Microsoft Barcelona"
"97715701","S. Zelepoukine","s.zelepoukine@example.edu","Meta London"
"2562506","Kai Zhen","kaizhen@example.edu","Meta Rome"
"2109458068","Mi Suk Lee","misuklee@example.edu","Meta Tokyo"
"33752120","Minje Kim","minjekim@example.edu","Nvidia Tokyo"
"7344530","Marikka Heikkilä","marikkaheikkilä@example.edu","Nvidia Berlin"
"65868499","J. Heikkilä","j.heikkilä@example.edu","University of New York"
"145042516","H. Bowman","h.bowman@example.edu","Nvidia Toronto"
"3346528","Olli I. Heimo","ollii.heimo@example.edu","Amazon Barcelona"
"2060968289","V. Romanov","v.romanov@example.edu","Nvidia Barcelona"
"101449395","V. Goldstein","v.goldstein@example.edu","Microsoft Paris"
"1491643626","N. Vasilieva","n.vasilieva@example.edu","Nvidia New York"
"2083259","Yonatan Belinkov","yonatanbelinkov@example.edu","Nvidia Tokyo"
"48926630","Adam Poliak","adampoliak@example.edu","Nvidia Rome"
"1692491","Stuart M. Shieber","stuartm.shieber@example.edu","Amazon Rome"
"7536576","Benjamin Van Durme","benjaminvandurme@example.edu","Meta London"
"2531268","Alexander M. Rush","alexanderm.rush@example.edu","Nvidia Tokyo"
"2012774630","Xujing Bai","xujingbai@example.edu","Amazon Rome"
"145637096","Lei Zhang","leizhang@example.edu","Nvidia Rome"
"2109350939","Tong Yang","tongyang@example.edu","Nvidia Berlin"
"1504481712","Zhixin Hu","zhixinhu@example.edu","Nvidia Rome"
"3431892","Jingchao Bao","jingchaobao@example.edu","Amazon New York"
"2056368","Dengfeng Sun","dengfengsun@example.edu","Amazon Paris"
"49404051","Husheng Li","hushengli@example.edu","Nvidia Paris"
"32425009","Tianjing Li","tianjingli@example.edu","University of Rome"
"4789915","I. Saldanha","i.saldanha@example.edu","Amazon Toronto"
"7646442","J. Jap","j.jap@example.edu","Meta New York"
"21450369","Bryant T. Smith","bryantt.smith@example.edu","University of Paris"
"3156636","J. Canner","j.canner@example.edu","Nvidia Tokyo"
"48850265","S. Hutfless","s.hutfless@example.edu","Amazon Tokyo"
"80443395","Vernal Branch","vernalbranch@example.edu","Nvidia Barcelona"
"47377455","Simona Carini","simonacarini@example.edu","Meta Berlin"
"36823392","W. Chan","w.chan@example.edu","Amazon Berlin"
"7251000","Berry de Bruijn","berrydebruijn@example.edu","Nvidia London"
"1912476","Byron C. Wallace","byronc.wallace@example.edu","Meta Paris"
"2066763332","Sandra A. Walsh","sandraa.walsh@example.edu","University of Berlin"
"7569031","Elizabeth J. Whamond","elizabethj.whamond@example.edu","University of Toronto"
"46194969","M. Murad","m.murad@example.edu","University of Tokyo"
"143693666","Ida Sim","idasim@example.edu","Nvidia Barcelona"
"16833938","J. Berlin","j.berlin@example.edu","University of New York"
"2061668713","Joseph Lau","josephlau@example.edu","Microsoft New York"
"4633464","K. Dickersin","k.dickersin@example.edu","Amazon Barcelona"
"1876091","C. Schmid","c.schmid@example.edu","University of Paris"
"1897180","Shun-Yuan Wang","shun-yuanwang@example.edu","Nvidia Tokyo"
"1443787798","Li-Fen Tung","li-fentung@example.edu","Amazon London"
"33892635","Jen-Hsiang Chou","jen-hsiangchou@example.edu","Microsoft Paris"
"1679661","Wen-Tsai Sung","wen-tsaisung@example.edu","Nvidia Rome"
"2295676","Guo-Ming Sung","guo-mingsung@example.edu","Amazon Berlin"
"2108984175","Ching-Yin Lee","ching-yinlee@example.edu","Microsoft Rome"
"3454503","Ignacio Leguey","ignacioleguey@example.edu","Amazon Sydney"
"1687365","C. Bielza","c.bielza@example.edu","Amazon Berlin"
"144999310","P. Larrañaga","p.larrañaga@example.edu","University of Berlin"
"30850912","Marc Sergent","marcsergent@example.edu","University of Rome"
"1395571849","C. Aitkaci","c.aitkaci@example.edu","Meta Toronto"
"1848847","Pierre Lemarinier","pierrelemarinier@example.edu","Amazon Sydney"
"31917146","Guillaume Papauré","guillaumepapauré@example.edu","Nvidia Barcelona"
"48512538","Christopher Miles","christophermiles@example.edu","Nvidia New York"
"2112642196","Shashank Yadav","shashankyadav@example.edu","University of Rome"
"67234701","Tejas Shimpi","tejasshimpi@example.edu","Amazon Sydney"
"2287208057","C. R. Chowdary","c.r.chowdary@example.edu","Amazon Sydney"
"2112284593","Prashant Sharma","prashantsharma@example.edu","Microsoft New York"
"3350948","Deepansh Agrawal","deepanshagrawal@example.edu","University of Sydney"
"51443250","Shivang Agarwal","shivangagarwal@example.edu","Amazon Paris"
"1833139","M. Abdmouleh","m.abdmouleh@example.edu","Microsoft Toronto"
"32288377","A. Khalfallah","a.khalfallah@example.edu","Microsoft Rome"
"33786813","M. Bouhlel","m.bouhlel@example.edu","Microsoft Tokyo"
"36378783","Randy Davila","randydavila@example.edu","Microsoft Barcelona"
"145756140","Michael A. Henning","michaela.henning@example.edu","Nvidia Berlin"
"2345395321","Jiakang Li","jiakangli@example.edu","Nvidia New York"
"49632828","Meng Sun","mengsun@example.edu","Amazon Berlin"
"2711601","Xiongwei Zhang","xiongweizhang@example.edu","University of Berlin"
"2372711","A. Crivello","a.crivello@example.edu","Amazon New York"
"145129125","P. Barsocchi","p.barsocchi@example.edu","University of Barcelona"
"29401290","M. Girolami","m.girolami@example.edu","Microsoft Rome"
"40500716","Filippo Palumbo","filippopalumbo@example.edu","Meta Paris"
"2109795450","Justin S. Smith","justins.smith@example.edu","Nvidia London"
"16253773","B. Nebgen","b.nebgen@example.edu","Nvidia Sydney"
"2147518","R. Zubatyuk","r.zubatyuk@example.edu","Microsoft Tokyo"
"95613409","N. Lubbers","n.lubbers@example.edu","Microsoft Rome"
"152907820","Christian Devereux","christiandevereux@example.edu","Microsoft Rome"
"2435667","K. Barros","k.barros@example.edu","Microsoft Berlin"
"6232252","S. Tretiak","s.tretiak@example.edu","Microsoft New York"
"2385206","O. Isayev","o.isayev@example.edu","Meta Rome"
"145848913","A. Roitberg","a.roitberg@example.edu","Meta New York"
"153708417","Ning Chen","ningchen@example.edu","University of Barcelona"
"40432782","Farzana Sadia","farzanasadia@example.edu","Nvidia New York"
"50275981","I. Mahmud","i.mahmud@example.edu","Microsoft New York"
"151361142","Eva Dhar","evadhar@example.edu","Nvidia Barcelona"
"50286840","N. Jahan","n.jahan@example.edu","Amazon Rome"
"81912502","Syeda Sumbul Hossain","syedasumbulhossain@example.edu","Microsoft Toronto"
"9136374","A.K.M. Zaidi Satter","a.k.m.zaidisatter@example.edu","Nvidia Berlin"
"145191958","A. Yazidi","a.yazidi@example.edu","University of Tokyo"
"33095617","H. Hammer","h.hammer@example.edu","University of Barcelona"
"2211507","T. Jonassen","t.jonassen@example.edu","University of Rome"
"1642269762","Fatemeh Selahshoor","fatemehselahshoor@example.edu","Amazon Barcelona"
"2815877","H. Jazayeriy","h.jazayeriy@example.edu","Nvidia Berlin"
"2183170","H. Omranpour","h.omranpour@example.edu","Nvidia Barcelona"
"23142942","P. Tarafdar","p.tarafdar@example.edu","University of Paris"
"143722718","I. Bose","i.bose@example.edu","Nvidia Barcelona"
"145327436","Mevan Ekanayake","mevanekanayake@example.edu","Microsoft Barcelona"
"51308932","B. Rathnayake","b.rathnayake@example.edu","University of London"
"2207203","E. Ekanayake","e.ekanayake@example.edu","Meta Sydney"
"144879599","A. Rathnayake","a.rathnayake@example.edu","University of London"
"34709578","Hmspb Herath","hmspbherath@example.edu","Nvidia Tokyo"
"35625978","G. Godaliyadda","g.godaliyadda@example.edu","Meta Sydney"
"35206936","M. Ekanayake","m.ekanayake@example.edu","Microsoft Paris"
"3980530","Alexander M. Gruebele","alexanderm.gruebele@example.edu","Nvidia Tokyo"
"20553059","Samuel Frishman","samuelfrishman@example.edu","University of London"
"1698041","M. Cutkosky","m.cutkosky@example.edu","Meta Sydney"
"144010726","Bin Hu","binhu@example.edu","Microsoft Berlin"
"145499896","Z. Guan","z.guan@example.edu","Microsoft Paris"
"145205045","Guanrong Chen","guanrongchen@example.edu","University of London"
"145947929","X. Shen","x.shen@example.edu","Amazon London"
"143712922","Libao Deng","libaodeng@example.edu","Meta Sydney"
"1874069134","Haili Sun","hailisun@example.edu","Amazon Toronto"
"2108109104","Lili Zhang","lilizhang@example.edu","Meta Berlin"
"12634756","K. Schischke","k.schischke@example.edu","Nvidia Toronto"
"2396644667","M. Schneider-Ramelow","m.schneider-ramelow@example.edu","Meta Berlin"
"144058449","K. Lang","k.lang@example.edu","Nvidia Tokyo"
"2443503","D. Manessis","d.manessis@example.edu","Meta New York"
"1485624201","J. Pawlikowski","j.pawlikowski@example.edu","Microsoft Tokyo"
"1486414021","T. Kupka","t.kupka@example.edu","Amazon London"
"9196580","T. Krivec","t.krivec@example.edu","Microsoft London"
"48602561","R. Pamminger","r.pamminger@example.edu","Meta Paris"
"1486427188","Sebastian Glaser","sebastianglaser@example.edu","University of Paris"
"1411143983","G. Podhradsky","g.podhradsky@example.edu","Microsoft Barcelona"
"7761687","N. Nissen","n.nissen@example.edu","Amazon London"
"2154939470","Wei Chen","weichen@example.edu","Microsoft Tokyo"
"2116581561","Xiao-ying Li","xiao-yingli@example.edu","University of Toronto"
"31048950","Xiping Pei","xipingpei@example.edu","Amazon Sydney"
"3460685","Nitish Padmanaban","nitishpadmanaban@example.edu","Amazon Rome"
"2111014438","Yifan Peng","yifanpeng@example.edu","University of Sydney"
"1731170","Gordon Wetzstein","gordonwetzstein@example.edu","Meta Berlin"
"2574829","L. Cutillo","l.cutillo@example.edu","Microsoft Rome"
"1710638","A. Boukouvalas","a.boukouvalas@example.edu","University of Barcelona"
"7016851","E. Marinopoulou","e.marinopoulou@example.edu","Microsoft Sydney"
"1814725","N. Papalopulu","n.papalopulu@example.edu","Microsoft Barcelona"
"145749654","M. Rattray","m.rattray@example.edu","Amazon Berlin"
"49133279","Kentaro Watanabe","kentarowatanabe@example.edu","University of Rome"
"49838322","Ken Fukuda","kenfukuda@example.edu","Nvidia Toronto"
"1661037117","Omar A. Al Harthi","omara.alharthi@example.edu","Nvidia Tokyo"
"2613665","Manar H. Alalfi","manarh.alalfi@example.edu","University of New York"
"1716997","T. Dean","t.dean@example.edu","Meta Berlin"
"2190771","A. Babiarz","a.babiarz@example.edu","Nvidia London"
"3467883","I. Banshchikova","i.banshchikova@example.edu","University of Toronto"
"1739382","A. Czornik","a.czornik@example.edu","Nvidia Sydney"
"50348526","E. Makarov","e.makarov@example.edu","Microsoft Paris"
"70764218","M. Niezabitowski","m.niezabitowski@example.edu","Meta Paris"
"2337219","S. Popova","s.popova@example.edu","University of Toronto"
"1500423138","Vamshi Krishna Munipalle","vamshikrishnamunipalle@example.edu","Amazon Toronto"
"7420917","U. R. Nelakuditi","u.r.nelakuditi@example.edu","Microsoft Sydney"
"152881983","Sukannya Purkayastha","sukannyapurkayastha@example.edu","Amazon Paris"
"9377739","Ishani Mondal","ishanimondal@example.edu","Amazon Berlin"
"40047941","S. Sarkar","s.sarkar@example.edu","Nvidia Paris"
"51130504","Pawan Goyal","pawangoyal@example.edu","Amazon Paris"
"1923878","J. Pillai","j.pillai@example.edu","Meta Berlin"
"2158058645","X. Zhu","x.zhu@example.edu","Microsoft Rome"
"144752414","M. Cao","m.cao@example.edu","Microsoft London"
"40649974","W. Ostachowicz","w.ostachowicz@example.edu","Nvidia Berlin"
"47210460","W. Xu","w.xu@example.edu","Amazon Rome"
"1393658299","Francesca D’Errico","francescad’errico@example.edu","Nvidia Berlin"
"50038161","Oliver Niebuhr","oliverniebuhr@example.edu","Microsoft Rome"
"1802126","I. Poggi","i.poggi@example.edu","Microsoft London"
"31531156","Umair I. Khan","umairi.khan@example.edu","Microsoft Barcelona"
"30494003","S. Makarov","s.makarov@example.edu","University of Barcelona"
"2339170","Y. Ye","y.ye@example.edu","Nvidia Berlin"
"40633249","Ruijun Fu","ruijunfu@example.edu","University of Barcelona"
"2829337","P. Swar","p.swar@example.edu","Meta London"
"3211234","K. Pahlavan","k.pahlavan@example.edu","University of Paris"
"3387859","A. S. Bedi","a.s.bedi@example.edu","University of Tokyo"
"2063871","Alec Koppel","aleckoppel@example.edu","Nvidia Paris"
"2576161","K. Rajawat","k.rajawat@example.edu","Amazon Rome"
"1723299","Gongzhuang Peng","gongzhuangpeng@example.edu","Meta New York"
"2108986385","Hongwei Wang","hongweiwang@example.edu","University of Berlin"
"145213083","Heming Zhang","hemingzhang@example.edu","University of Paris"
"144847255","Keke Huang","kekehuang@example.edu","Meta Tokyo"
"145814312","S. S. M. Ziabari","s.s.m.ziabari@example.edu","Amazon Rome"
"1453259979","J. Moszczyński","j.moszczyński@example.edu","University of London"
"38907156","Rahul Pathak","rahulpathak@example.edu","Amazon Toronto"
"144061847","M. Beig","m.beig@example.edu","University of Barcelona"
"1394496971","Saquib Faraz","saquibfaraz@example.edu","Amazon Rome"
"100912553","Mayank Jain","mayankjain@example.edu","Nvidia New York"
"2892543","P. Neumann","p.neumann@example.edu","University of New York"
"1396275556","Paul Hirschberger","paulhirschberger@example.edu","Meta Sydney"
"153629300","Zhandos Baurzhan","zhandosbaurzhan@example.edu","Amazon Rome"
"12531416","C. Tiebe","c.tiebe@example.edu","Microsoft Sydney"
"49333714","Michael Hofmann","michaelhofmann@example.edu","Amazon London"
"71274637","Dino Hüllmann","dinohüllmann@example.edu","Amazon Barcelona"
"2759559","M. Bartholmai","m.bartholmai@example.edu","Amazon Rome"
"33581613","Shaode Yu","shaodeyu@example.edu","Meta London"
"1391205998","Zhicheng Zhang","zhichengzhang@example.edu","Nvidia Paris"
"10098994","Xiaokun Liang","xiaokunliang@example.edu","Amazon New York"
"2146668673","Junjie Wu","junjiewu@example.edu","Nvidia Berlin"
"2089667","Erlei Zhang","erleizhang@example.edu","Meta Barcelona"
"1879428","Wenjian Qin","wenjianqin@example.edu","Amazon Toronto"
"2933896","Yaoqin Xie","yaoqinxie@example.edu","Meta New York"
"40390952","Alex Abuin","alexabuin@example.edu","Microsoft Berlin"
"144031464","A. Bolotov","a.bolotov@example.edu","Nvidia New York"
"1406411837","Unai Díaz-de-Cerio","unaidíaz-de-cerio@example.edu","Nvidia Berlin"
"3000424","Montserrat Hermo","montserrathermo@example.edu","Meta Tokyo"
"3150677","P. Lucio","p.lucio@example.edu","University of Paris"
"2299410","I. Kautsar","i.kautsar@example.edu","Meta London"
"104728384","M. Maika","m.maika@example.edu","Amazon Sydney"
"2272319795","Thi-Hong-Van Hoang","thi-hong-vanhoang@example.edu","Meta Rome"
"49659015","Zhenzhen Zhu","zhenzhenzhu@example.edu","Microsoft Toronto"
"116392221","Abdelbari El Khamlichi","abdelbarielkhamlichi@example.edu","Amazon London"
"2287220053","Wing-Keung Wong","wing-keungwong@example.edu","University of Paris"
"2133998512","Elizabeth Bucher-Edwards","elizabethbucher-edwards@example.edu","Nvidia Rome"
"2272167449","Louise Grimmer","louisegrimmer@example.edu","University of Berlin"
"1898863","M. Grimmer","m.grimmer@example.edu","Nvidia Barcelona"
"151175064","Prabal Shrestha","prabalshrestha@example.edu","Meta London"
"1422322813","Özgür Arslan‐Ayaydin","özgürarslan‐ayaydin@example.edu","Meta New York"
"143902763","J. Thewissen","j.thewissen@example.edu","Amazon Berlin"
"34550940","G. Giudici","g.giudici@example.edu","University of Berlin"
"2272211104","Giancarlo Giuffra","giancarlogiuffra@example.edu","Microsoft Rome"
"91248293","Elizabeth A. Rodwell","elizabetha.rodwell@example.edu","Meta Paris"
"3371185","Anthony F. Botelho","anthonyf.botelho@example.edu","Meta Toronto"
"73766950","A. Varatharaj","a.varatharaj@example.edu","Nvidia Rome"
"2382087","E. V. Inwegen","e.v.inwegen@example.edu","Microsoft Rome"
"1686529","N. Heffernan","n.heffernan@example.edu","Nvidia London"
"113678803","Victoria F. Knight","victoriaf.knight@example.edu","Amazon Berlin"
"2115870212","John C. Wright","johnc.wright@example.edu","Meta London"
"28974163","Kalli Wilson","kalliwilson@example.edu","Amazon Paris"
"116259389","Ashton Hooper","ashtonhooper@example.edu","Meta Berlin"
"2108263472","Xinyi Zhang","xinyizhang@example.edu","Nvidia Tokyo"
"1937259","Weiwen Jiang","weiwenjiang@example.edu","Microsoft Barcelona"
"1702907","Yiyu Shi","yiyushi@example.edu","Amazon Berlin"
"1690946","J. Hu","j.hu@example.edu","Amazon London"
"48739354","Jack Parry","jackparry@example.edu","Microsoft Toronto"
"2922874","Dimitri Palaz","dimitripalaz@example.edu","Amazon Sydney"
"2058559590","G. Clarke","g.clarke@example.edu","University of London"
"39766424","P. Lecomte","p.lecomte@example.edu","Microsoft Barcelona"
"40153183","Rebecca Mead","rebeccamead@example.edu","Amazon Rome"
"147417100","M. Berger","m.berger@example.edu","Amazon Berlin"
"143898068","G. Hofer","g.hofer@example.edu","Amazon Toronto"
"88726017","Zeeshan Lodro","zeeshanlodro@example.edu","Microsoft Berlin"
"88726445","Syed Bilal Tirmizi","syedbilaltirmizi@example.edu","University of Rome"
"2341329793","Mir Lodro","mirlodro@example.edu","Nvidia Barcelona"
"1709285","L. Lavazza","l.lavazza@example.edu","Nvidia New York"
"1712038","S. Morasca","s.morasca@example.edu","Amazon London"
"2144163414","Jialiang Zhang","jialiangzhang@example.edu","University of Barcelona"
"48580754","Wenting Fu","wentingfu@example.edu","Nvidia Tokyo"
"2109084524","Jianying Wang","jianyingwang@example.edu","Amazon London"
"2110671501","Ling Guo","lingguo@example.edu","Microsoft Toronto"
"2316496716","I. Harris","i.harris@example.edu","University of Rome"
"46252565","Dinh-Liem Nguyen","dinh-liemnguyen@example.edu","Amazon Toronto"
"2110951548","Min Yang","minyang@example.edu","University of London"
"2145403454","Shibin Zhang","shibinzhang@example.edu","University of New York"
"2119078544","Hang Zhang","hangzhang@example.edu","Nvidia Tokyo"
"1748707","Jinyue Xia","jinyuexia@example.edu","University of London"
"2118959717","Hanli Liu","hanliliu@example.edu","University of Tokyo"
"3347391","Atsushi Shirane","atsushishirane@example.edu","Meta Tokyo"
"74958361","K. Okada","k.okada@example.edu","Amazon Barcelona"
"152919362","Zheng Sun","zhengsun@example.edu","Meta Berlin"
"15086873","Hongye Huang","hongyehuang@example.edu","University of London"
"144689865","W. Deng","w.deng@example.edu","Meta Toronto"
"1713026","T. Siriburanon","t.siriburanon@example.edu","Meta Rome"
"46946299","Jian Pang","jianpang@example.edu","Microsoft Paris"
"2118375481","Yun Wang","yunwang@example.edu","University of Paris"
"2116924402","Rui Wu","ruiwu@example.edu","Meta Sydney"
"2069015905","T. Someya","t.someya@example.edu","Nvidia London"
"10760418","Elvina Gindullina","elvinagindullina@example.edu","Meta Rome"
"1689432","L. Badia","l.badia@example.edu","Meta Barcelona"
"3307777","Xavier Vilajosana","xaviervilajosana@example.edu","Nvidia Barcelona"
"2084680892","C. Sánchez","c.sánchez@example.edu","Amazon Toronto"
"1411186760","Diana Martínez-Mosquera","dianamartínez-mosquera@example.edu","University of Barcelona"
"143807211","Rosa Navarrete","rosanavarrete@example.edu","Microsoft New York"
"2061404727","Honoka Arai","honokaarai@example.edu","Nvidia Berlin"
"2608887","Mitsuhiko Kimoto","mitsuhikokimoto@example.edu","University of Toronto"
"47776621","T. Iio","t.iio@example.edu","Meta New York"
"143643764","K. Shimohara","k.shimohara@example.edu","Amazon Tokyo"
"2410176","Reo Matsumura","reomatsumura@example.edu","University of Paris"
"34656564","M. Shiomi","m.shiomi@example.edu","Amazon Tokyo"
"52204534","R. Kopparti","r.kopparti@example.edu","Nvidia Berlin"
"3205667","Tillman Weyde","tillmanweyde@example.edu","Microsoft Berlin"
"51897311","Patricia Vitoria","patriciavitoria@example.edu","University of Tokyo"
"1764099","Lara Raad","lararaad@example.edu","Microsoft Barcelona"
"1702012","C. Ballester","c.ballester@example.edu","University of Rome"
"1986860","N. Hassan","n.hassan@example.edu","Meta Tokyo"
"1749500","A. Serenko","a.serenko@example.edu","Microsoft Rome"
"2047235443","Cheng Qian","chengqian@example.edu","Meta Tokyo"
"1802821","A. Emad","a.emad@example.edu","Meta Toronto"
"21568414","N. Sidiropoulos","n.sidiropoulos@example.edu","Microsoft Toronto"
"32031054","Tasuku Makabe","tasukumakabe@example.edu","Microsoft New York"
"2792352","Takuma Shirai","takumashirai@example.edu","Microsoft Sydney"
"38703884","Yuya Nagamatsu","yuyanagamatsu@example.edu","Microsoft Sydney"
"8308607","Kento Kawaharazuka","kentokawaharazuka@example.edu","University of Berlin"
"50213445","Fumihito Sugai","fumihitosugai@example.edu","Nvidia Rome"
"1683608","K. Okada","k.okada@example.edu","Amazon Barcelona"
"1749935","M. Inaba","m.inaba@example.edu","Meta Rome"
"2145784325","Yuanhan Zhang","yuanhanzhang@example.edu","University of Barcelona"
"46932045","Zhenzhou Ji","zhenzhouji@example.edu","University of Berlin"
"10094721","I. Aggarwal","i.aggarwal@example.edu","University of New York"
"2111007787","Ankit Singh","ankitsingh@example.edu","Meta Toronto"
"52027173","P. Majumdar","p.majumdar@example.edu","Nvidia New York"
"24380882","S. Chhabra","s.chhabra@example.edu","Meta Barcelona"
"2041134713","Richa Singh","richasingh@example.edu","Microsoft Sydney"
"2338122","Mayank Vatsa","mayankvatsa@example.edu","Microsoft Sydney"
"1473102722","IIIT-Delhi","iiit-delhi@example.edu","University of Paris"
"2071784166","W. She","w.she@example.edu","Nvidia New York"
"2109154956","Dingfang Li","dingfangli@example.edu","University of Paris"
"148417127","Yongbo Xia","yongboxia@example.edu","Nvidia Tokyo"
"48163604","S. Tian","s.tian@example.edu","University of Paris"
"2108037542","Soyoung Lee","soyounglee@example.edu","University of Sydney"
"153831537","Karam Choi","karamchoi@example.edu","Nvidia Berlin"
"40539461","Sung-Hyun Nam","sung-hyunnam@example.edu","Amazon Paris"
"102489010","Junlong Zhou","junlongzhou@example.edu","Microsoft Paris"
"48866172","Kun Cao","kuncao@example.edu","Meta Berlin"
"48480265","Jin Sun","jinsun@example.edu","University of Berlin"
"2153910390","Yi Zhang","yizhang@example.edu","Microsoft Sydney"
"8100964","Tongquan Wei","tongquanwei@example.edu","Meta Rome"
"2067465980","Wang Xuan","wangxuan@example.edu","Meta Barcelona"
"50706183","Di Peng","dipeng@example.edu","Nvidia London"
"2266847322","Zichun Ni","zichunni@example.edu","University of Tokyo"
"47697600","R. Pohlman","r.pohlman@example.edu","Nvidia Sydney"
"2089923382","Michael R. Turney","michaelr.turney@example.edu","Meta New York"
"2407413194","Po-hung Wu","po-hungwu@example.edu","Meta London"
"2364527","C. Brace","c.brace@example.edu","Nvidia Barcelona"
"5657553","T. Ziemlewicz","t.ziemlewicz@example.edu","Microsoft Tokyo"
"145646204","T. Varghese","t.varghese@example.edu","Microsoft Barcelona"
"1680657","Manfred Kerber","manfredkerber@example.edu","Nvidia Sydney"
"1799877","C. Rowat","c.rowat@example.edu","Meta Toronto"
"1752692246","Neels Vosloo","neelsvosloo@example.edu","Amazon Toronto"
"1393591007","J. Domingo-Ferrer","j.domingo-ferrer@example.edu","Microsoft Toronto"
"1399352399","Cristina Pérez-Solá","cristinapérez-solá@example.edu","Microsoft New York"
"1398451349","Alberto Blanco-Justicia","albertoblanco-justicia@example.edu","University of Paris"
"145561768","K. K. Tiwari","k.k.tiwari@example.edu","Meta Toronto"
"144531851","E. Grass","e.grass@example.edu","Amazon Barcelona"
"2411264699","John S. Thompson","johns.thompson@example.edu","Meta Tokyo"
"143787397","R. Kraemer","r.kraemer@example.edu","Nvidia Rome"
"21083275","Tailai Wen","tailaiwen@example.edu","Nvidia Barcelona"
"2076185284","Roy Keyes","roykeyes@example.edu","Microsoft London"
"51880803","Artur Strzelecki","arturstrzelecki@example.edu","University of Sydney"
"2261056","Ruey-Kai Sheu","ruey-kaisheu@example.edu","Nvidia New York"
"5266631","M. Pardeshi","m.pardeshi@example.edu","Microsoft Barcelona"
"1909239","Lun-Chi Chen","lun-chichen@example.edu","Meta Barcelona"
"1744004","S. Yuan","s.yuan@example.edu","Nvidia Toronto"
"48354147","Zhenghua Chen","zhenghuachen@example.edu","Nvidia Paris"
"2108006217","Le Zhang","lezhang@example.edu","Microsoft London"
"49296334","Chaoyang Jiang","chaoyangjiang@example.edu","Meta Tokyo"
"3376157","Zhiguang Cao","zhiguangcao@example.edu","Nvidia Sydney"
"2053108155","Wei Cui","weicui@example.edu","University of Sydney"
"2459023","H. Jain","h.jain@example.edu","University of New York"
"145054353","T. S. Raghu","t.s.raghu@example.edu","University of Paris"
"1717848","V. Yoon","v.yoon@example.edu","Amazon Barcelona"
"40381665","W. Yue","w.yue@example.edu","Nvidia Tokyo"
"2116263078","Zhihui Li","zhihuili@example.edu","Microsoft Rome"
"51347067","Li Shi","lishi@example.edu","Nvidia Barcelona"
"120378265","Lifang Yang","lifangyang@example.edu","Nvidia Tokyo"
"143793702","Z. Shang","z.shang@example.edu","Nvidia Barcelona"
"2108134369","Weidong Zhang","weidongzhang@example.edu","Meta Paris"
"2117124218","Xin Tian","xintian@example.edu","University of Sydney"
"1690783","Wu He","wuhe@example.edu","University of Berlin"
"2700036","O. Hohlfeld","o.hohlfeld@example.edu","University of Toronto"
"2112789","Johannes Krude","johanneskrude@example.edu","Microsoft Rome"
"35455751","J. Reelfs","j.reelfs@example.edu","Microsoft Toronto"
"2136203","Jan Rüth","janrüth@example.edu","University of New York"
"1719689","Klaus Wehrle","klauswehrle@example.edu","Microsoft Paris"
"1390599522","Dongzhen Wang","dongzhenwang@example.edu","Amazon Toronto"
"119672039","Daqing Huang","daqinghuang@example.edu","University of New York"
"2117025663","Xiao Chen","xiaochen@example.edu","Microsoft Barcelona"
"30734897","Thomas Navidi","thomasnavidi@example.edu","Amazon Rome"
"2515457","R. Rajagopal","r.rajagopal@example.edu","Microsoft Sydney"
"38195025","M. Morcos","m.morcos@example.edu","University of Toronto"
"144463439","J. Elias","j.elias@example.edu","Meta New York"
"1742341","F. Martignon","f.martignon@example.edu","Amazon Paris"
"1789378","T. Chahed","t.chahed@example.edu","Microsoft Toronto"
"2118536633","Lin Chen","linchen@example.edu","Amazon Paris"
"146498668","Deni Hendriawan","denihendriawan@example.edu","Amazon Barcelona"
"2082155990","Dadiek Pranindito","dadiekpranindito@example.edu","Meta Toronto"
"9114609","D. Zulherman","d.zulherman@example.edu","Microsoft Sydney"
"1412705515","Johanna Pfeiffer","johannapfeiffer@example.edu","Meta Barcelona"
"93335008","A. Gabriel","a.gabriel@example.edu","Meta Barcelona"
"48054640","M. Gandorfer","m.gandorfer@example.edu","Nvidia Tokyo"
"2517549","Weiyang Lin","weiyanglin@example.edu","Nvidia Paris"
"144776495","Ali Anwar","alianwar@example.edu","Amazon Rome"
"98126512","Zhan Li","zhanli@example.edu","Amazon Paris"
"5149388","Mingsi Tong","mingsitong@example.edu","Amazon Sydney"
"1735108","Jianbin Qiu","jianbinqiu@example.edu","Amazon Paris"
"144227966","Huijun Gao","huijungao@example.edu","Meta Barcelona"
"3317906","T. Felsch","t.felsch@example.edu","Nvidia Barcelona"
"118300776","F. Silze","f.silze@example.edu","University of Rome"
"71523673","M. Schnick","m.schnick@example.edu","Meta Sydney"
"5535545","Minah Han","minahhan@example.edu","Amazon Paris"
"3315051","J. Baek","j.baek@example.edu","Amazon Paris"
"1490931829","Tao Chen","taochen@example.edu","Meta Toronto"
"145711988","Wei Tian","weitian@example.edu","Nvidia Tokyo"
"30545663","Jingying Wu","jingyingwu@example.edu","Microsoft Sydney"
"2108919385","Ye Lin","yelin@example.edu","Meta New York"
"51038996","Yunting Yao","yuntingyao@example.edu","Amazon London"
"2148273332","Ciwei Gao","ciweigao@example.edu","University of Sydney"
"2088997835","L. Szczyrba","l.szczyrba@example.edu","Amazon Paris"
"2145957619","Yang Zhang","yangzhang@example.edu","University of Paris"
"1506808695","D. Pamukçu","d.pamukçu@example.edu","University of Sydney"
"2121101648","D. Eroglu","d.eroglu@example.edu","Amazon Barcelona"
"138374287","M. Schneck","m.schneck@example.edu","Meta New York"
"2014539601","M. Schmitt","m.schmitt@example.edu","Amazon Toronto"
"94430377","G. Schlick","g.schlick@example.edu","University of Paris"
"143916016","F. Keogh","f.keogh@example.edu","Meta Tokyo"
"118800134","T. Pierse","t.pierse@example.edu","Microsoft Berlin"
"1398142681","E. O'Shea","e.o'shea@example.edu","Nvidia Paris"
"32152139","C. Fitzgerald","c.fitzgerald@example.edu","Nvidia Toronto"
"3115471","D. Challis","d.challis@example.edu","Microsoft Barcelona"
"2309209417","Ramesha Tariq","rameshatariq@example.edu","Meta London"
"2972512","F. Maqbool","f.maqbool@example.edu","Nvidia Toronto"
"2137118454","S. Z. Abbas","s.z.abbas@example.edu","Amazon New York"
"2516531","Changbo Chen","changbochen@example.edu","Amazon London"
"143972431","Wenyuan Wu","wenyuanwu@example.edu","Meta Tokyo"
"145470985","Yong Feng","yongfeng@example.edu","Amazon Sydney"
"2049085462","L. Marsiglio","l.marsiglio@example.edu","Meta Barcelona"
"2048997243","Susan Cheng","susancheng@example.edu","Amazon Berlin"
"2049086200","E. Falk","e.falk@example.edu","University of New York"
"2049085465","Andrew Fugh","andrewfugh@example.edu","Microsoft London"
"87389632","Kelly Mulvaney","kellymulvaney@example.edu","Microsoft Berlin"
"2049084421","Brian Slocum","brianslocum@example.edu","Microsoft Toronto"
"2064726146","D. Morris","d.morris@example.edu","University of Berlin"
"2084032703","Ganesh Balasubramanian","ganeshbalasubramanian@example.edu","Amazon Berlin"
"2512432","Khanjan Mehta","khanjanmehta@example.edu","Amazon Rome"
"4059757","Nathan Weinstein","nathanweinstein@example.edu","University of Toronto"
"47477471","L. Mendoza","l.mendoza@example.edu","University of Rome"
"1396243890","E. Álvarez-Buylla","e.álvarez-buylla@example.edu","Microsoft Rome"
"12822837","Shengbo Zhou","shengbozhou@example.edu","Meta Paris"
"1928571068","Bingxian Li","bingxianli@example.edu","Microsoft Berlin"
"2152594655","Bin Wang","binwang@example.edu","Nvidia Sydney"
"12874945","Jianzhong He","jianzhonghe@example.edu","Meta Rome"
"50212781","Fan Zhang","fanzhang@example.edu","Nvidia Paris"
"1963133143","Guoqiang Xie","guoqiangxie@example.edu","Amazon Sydney"
"143926737","Shun Yao","shunyao@example.edu","University of Berlin"
"3156839","Yuanjing Feng","yuanjingfeng@example.edu","Microsoft Barcelona"
"29969633","D. Bastos","d.bastos@example.edu","Meta Barcelona"
"1766623","Y. Rathi","y.rathi@example.edu","Microsoft Tokyo"
"1796886","N. Makris","n.makris@example.edu","Meta Tokyo"
"48307303","R. Kikinis","r.kikinis@example.edu","Meta Berlin"
"1804818","A. Golby","a.golby@example.edu","Microsoft Sydney"
"1398222646","L. O’Donnell","l.o’donnell@example.edu","Amazon Sydney"
"9330052","R. Ginzarly","r.ginzarly@example.edu","Nvidia Barcelona"
"2125309034","Ghina Hassan","ghinahassan@example.edu","Meta Berlin"
"2331770","G. Hoblos","g.hoblos@example.edu","Amazon Berlin"
"144387250","N. Moubayed","n.moubayed@example.edu","Nvidia Barcelona"
"81137443","Lorenzo Chelini","lorenzochelini@example.edu","Meta New York"
"3211490","T. Gysi","t.gysi@example.edu","University of Barcelona"
"1756389","T. Grosser","t.grosser@example.edu","Microsoft Toronto"
"1925914","Martin Kong","martinkong@example.edu","Microsoft Rome"
"1684335","H. Corporaal","h.corporaal@example.edu","Amazon Berlin"
"1689536","Ruihui Mu","ruihuimu@example.edu","Meta New York"
"1686138","Xiaoqin Zeng","xiaoqinzeng@example.edu","Microsoft Toronto"
"9226367","J. You","j.you@example.edu","Microsoft Tokyo"
"2087919466","Qian Ma","qianma@example.edu","Meta London"
"9913941","Z. Lan","z.lan@example.edu","University of Tokyo"
"2056427232","Qiang Xiao","qiangxiao@example.edu","Meta New York"
"6412447","N. Panoiu","n.panoiu@example.edu","Meta Tokyo"
"1911485","T. Cui","t.cui@example.edu","Microsoft Tokyo"
"2184701","Susanna Kaiser","susannakaiser@example.edu","Meta New York"
"2035066888","Anna-Elisa Hein","anna-elisahein@example.edu","Meta Rome"
"6725728","B. Vrijens","b.vrijens@example.edu","University of Sydney"
"3507328","M. Hiligsmann","m.hiligsmann@example.edu","Amazon Barcelona"
"39782108","H. Oku","h.oku@example.edu","Amazon London"
"1700664","Kazuki Yamato","kazukiyamato@example.edu","Amazon New York"
"2112766519","Yusuke Tanaka","yusuketanaka@example.edu","University of Paris"
"2750220","K. Yasutomi","k.yasutomi@example.edu","Nvidia London"
"48977089","S. Kawahito","s.kawahito@example.edu","Amazon Barcelona"
"1712423","G. Caldarelli","g.caldarelli@example.edu","Nvidia Tokyo"
"2258629447","Rocco De Nicola","roccodenicola@example.edu","University of Barcelona"
"2485749","M. Petrocchi","m.petrocchi@example.edu","Meta Berlin"
"1768742725","Manuel Pratelli","manuelpratelli@example.edu","University of Rome"
"2419880","F. Saracco","f.saracco@example.edu","Meta London"
"1663988295","Thiago T. P. Silva","thiagot.p.silva@example.edu","Amazon Berlin"
"144992757","Pedro Lara","pedrolara@example.edu","Nvidia Sydney"
"1831012729","Thiago Gonzaga","thiagogonzaga@example.edu","Nvidia Tokyo"
"1830428668","Diego N. Brandão","diegon.brandão@example.edu","Nvidia Berlin"
"52040344","Luís Tarrataca","luístarrataca@example.edu","Amazon Sydney"
"144658416","D. B. Haddad","d.b.haddad@example.edu","Meta Paris"
"145544190","J. E. Casey","j.e.casey@example.edu","Meta Berlin"
"143981446","Lisa K. Pennington","lisak.pennington@example.edu","Nvidia Berlin"
"51021738","Selina V. Mireles","selinav.mireles@example.edu","University of Rome"
"49133777","Kumar Ashutosh","kumarashutosh@example.edu","University of Berlin"
"144508332","J. Nair","j.nair@example.edu","Microsoft Barcelona"
"133612308","Anmol Kagrecha","anmolkagrecha@example.edu","Meta Berlin"
"144046076","K. Jagannathan","k.jagannathan@example.edu","Nvidia Sydney"
"2054665745","Xiao Xin","xiaoxin@example.edu","Meta Toronto"
"2199265110","Fabio Luiz Junior","fabioluizjunior@example.edu","Amazon Toronto"
"145581813","L. Moreira","l.moreira@example.edu","Meta Barcelona"
"50829027","Erick Menezes Moreira","erickmenezesmoreira@example.edu","Microsoft New York"
"2271588492","Thiago J. M. Baldivieso","thiagoj.m.baldivieso@example.edu","Amazon Berlin"
"1854027619","Martin S. Brunaes","martins.brunaes@example.edu","Amazon Paris"
"37374663","P. Rosa","p.rosa@example.edu","Meta Rome"
"40312005","Y. Akbari","y.akbari@example.edu","University of Sydney"
"26888801","Hanadi Hassen","hanadihassen@example.edu","Meta New York"
"145779059","Nandhini Subramanian","nandhinisubramanian@example.edu","Meta Barcelona"
"1455004300","Jayakanth Kunhoth","jayakanthkunhoth@example.edu","University of London"
"31330222","S. Al-Maadeed","s.al-maadeed@example.edu","Amazon Rome"
"145894740","Wael K. M. Alhajyaseen","waelk.m.alhajyaseen@example.edu","University of Barcelona"
"46943341","C. Lazaroiu","c.lazaroiu@example.edu","Nvidia Toronto"
"9425136","M. Roscia","m.roscia@example.edu","Microsoft Paris"
"1742529101","Soheil Saadatmandi","soheilsaadatmandi@example.edu","Nvidia New York"
"2347364639","Edward C. Dillon","edwardc.dillon@example.edu","Microsoft New York"
"2283447716","Krystal L. Williams","krystall.williams@example.edu","Nvidia Toronto"
"2054915585","Qing Cai","qingcai@example.edu","Amazon Barcelona"
"1933662549","H. Ang","h.ang@example.edu","University of Toronto"
"39724474","S. Alam","s.alam@example.edu","Microsoft Toronto"
"103681240","Chunyao Ma","chunyaoma@example.edu","Meta New York"
"144159723","V. Duong","v.duong@example.edu","Nvidia New York"
"2145894798","Qiang Zhang","qiangzhang@example.edu","Microsoft Berlin"
"15727192","Tete Xiao","tetexiao@example.edu","Nvidia New York"
"1763086","Alexei A. Efros","alexeia.efros@example.edu","University of Berlin"
"34026610","Lerrel Pinto","lerrelpinto@example.edu","Meta Berlin"
"122024152","Xiaolong Wang","xiaolongwang@example.edu","Microsoft Sydney"
"65859994","A. García-Pérez","a.garcía-pérez@example.edu","Meta London"
"1787698","A. Ghio","a.ghio@example.edu","Nvidia New York"
"1418126778","Zeila Occhipinti","zeilaocchipinti@example.edu","Microsoft Berlin"
"118369588","R. Verona","r.verona@example.edu","Meta Toronto"
"97558960","F. Lorenz","f.lorenz@example.edu","Nvidia Paris"
"71785495","R. Werner","r.werner@example.edu","Nvidia Barcelona"
"71925555","D. Paul","d.paul@example.edu","Amazon Barcelona"
"96389860","T. Stein","t.stein@example.edu","University of Paris"
"4535134","K. Bučar","k.bučar@example.edu","Meta London"
"145282401","J. Malet","j.malet@example.edu","Amazon Tokyo"
"40399986","L. Stabile","l.stabile@example.edu","Microsoft London"
"4030753","Jure Pražnikar","jurepražnikar@example.edu","Nvidia Paris"
"144331186","S. Seeger","s.seeger@example.edu","University of Tokyo"
"5716192","M. Zitnik","m.zitnik@example.edu","Meta Berlin"
"2005143485","R. Kurniawan","r.kurniawan@example.edu","Microsoft Paris"
"8629101","Siti Norul Huda Sheikh Abdullah","sitinorulhudasheikhabdullah@example.edu","University of Sydney"
"73715803","F. Lestari","f.lestari@example.edu","Microsoft Berlin"
"3417676","M. Nazri","m.nazri@example.edu","Meta Barcelona"
"2079182611","Akhmad Mujahidin","akhmadmujahidin@example.edu","Meta Paris"
"1492125410","Noridayu Adnan","noridayuadnan@example.edu","Amazon Toronto"
"14274097","V. Mikuni","v.mikuni@example.edu","Nvidia Berlin"
"103712074","F. Canelli","f.canelli@example.edu","Amazon Berlin"
"2108137724","Yonghui Lin","yonghuilin@example.edu","Amazon Rome"
"48559520","Zhenbo Xu","zhenboxu@example.edu","Meta Sydney"
"2329600","Wei Zhang","weizhang@example.edu","University of Rome"
"145681032","Xiao Tan","xiaotan@example.edu","Meta Tokyo"
"144984311","Wei Yang","weiyang@example.edu","Microsoft Paris"
"2146052891","Huan Huang","huanhuang@example.edu","Microsoft Toronto"
"2671368","Shilei Wen","shileiwen@example.edu","Nvidia New York"
"12081764","Errui Ding","erruiding@example.edu","Amazon Tokyo"
"2111137251","Liusheng Huang","liushenghuang@example.edu","University of Berlin"
"80019322","S. Siltanen","s.siltanen@example.edu","University of Toronto"
"47176395","Hanna Heinonen","hannaheinonen@example.edu","Amazon Tokyo"
"71570656","Amir Hossein Farzamiyan","amirhosseinfarzamiyan@example.edu","Nvidia Sydney"
"1414118927","Miguel Gutiérrez Gaitán","miguelgutiérrezgaitán@example.edu","Meta Berlin"
"1403095465","R. Sámano-Robles","r.sámano-robles@example.edu","Microsoft London"
"1741624238","Steven J. Krieg","stevenj.krieg@example.edu","Amazon Rome"
"1743905","P. Kogge","p.kogge@example.edu","Nvidia Paris"
"144539424","N. Chawla","n.chawla@example.edu","Meta Tokyo"
"145095759","Yong Yuan","yongyuan@example.edu","University of Toronto"
"4460254","A. Lei","a.lei@example.edu","Nvidia Tokyo"
"1750560","Minbo Li","minboli@example.edu","Amazon Berlin"
"2150636870","Juxiong Xu","juxiongxu@example.edu","Nvidia New York"
"2108463310","Le Han","lehan@example.edu","University of Paris"
"2116286559","Adriana Souza","adrianasouza@example.edu","Microsoft Paris"
"1730790","D. Freitas","d.freitas@example.edu","Microsoft Berlin"
"49411511","Yanbo Fan","yanbofan@example.edu","University of Paris"
"143905981","Baoyuan Wu","baoyuanwu@example.edu","Meta Rome"
"150321316","Tuanhui Li","tuanhuili@example.edu","Amazon Berlin"
"2144289260","Yong Zhang","yongzhang@example.edu","Amazon Sydney"
"2112146600","Mingyang Li","mingyangli@example.edu","Amazon New York"
"2111316339","Zhifeng Li","zhifengli@example.edu","Microsoft Tokyo"
"3001727","Yujiu Yang","yujiuyang@example.edu","Meta Paris"
"2149869703","Jie Li","jieli@example.edu","University of Toronto"
"2144134706","Jinsong Wu","jinsongwu@example.edu","University of New York"
"2118095747","Bin Hu","binhu@example.edu","Microsoft Paris"
"2146309367","Chonggang Wang","chonggangwang@example.edu","Amazon London"
"34665814","M. Daneshmand","m.daneshmand@example.edu","Amazon Rome"
"2798354","R. Malekian","r.malekian@example.edu","Meta Paris"
"48483794","Yiwen Hu","yiwenhu@example.edu","University of Rome"
"51908263","Shengjie Xie","shengjiexie@example.edu","Nvidia Toronto"
"52144753","J. Zhan","j.zhan@example.edu","Microsoft Toronto"
"2145954536","Yang Zhang","yangzhang@example.edu","Amazon Paris"
"5493464","S. Veilleux","s.veilleux@example.edu","Meta Berlin"
"35840688","M. Dagenais","m.dagenais@example.edu","Amazon Tokyo"
"2150414963","Kang Yu","kangyu@example.edu","University of Barcelona"
"120125990","Pei-En Chen","pei-enchen@example.edu","Nvidia Paris"
"13969718","Wenxiang Xu","wenxiangxu@example.edu","Microsoft Sydney"
"2115243310","Yi Ren","yiren@example.edu","Nvidia Toronto"
"145764900","Yang Jiao","yangjiao@example.edu","University of Sydney"
"38635490","Danielle Saunders","daniellesaunders@example.edu","University of London"
"36126076","B. Byrne","b.byrne@example.edu","Amazon Barcelona"
"143840345","A. Khalifa","a.khalifa@example.edu","University of Tokyo"
"14171685","Philip Bontrager","philipbontrager@example.edu","Nvidia New York"
"1490892259","Sam Earle","samearle@example.edu","University of Berlin"
"1810053","J. Togelius","j.togelius@example.edu","Nvidia Paris"
"2152358321","Qun He","qunhe@example.edu","Microsoft Tokyo"
"2145802299","Jingyi Zhao","jingyizhao@example.edu","Amazon New York"
"2084533487","Guoqian Jiang","guoqianjiang@example.edu","Nvidia Paris"
"2056351318","Ping Xie","pingxie@example.edu","Nvidia Toronto"
"1993671630","Sha Yu","shayu@example.edu","Meta Toronto"
"145470864","Kevin McGuinness","kevinmcguinness@example.edu","Amazon London"
"2069506964","P. Moore","p.moore@example.edu","Microsoft London"
"15711563","David Azcona","davidazcona@example.edu","University of Toronto"
"98536322","N. O’Connor","n.o’connor@example.edu","Microsoft London"
"2287041184","Zuyuan Huang","zuyuanhuang@example.edu","University of Tokyo"
"2391240779","G. Yi","g.yi@example.edu","University of London"
"2315825435","Bangbang Liu","bangbangliu@example.edu","Nvidia Toronto"
"7157883","Bahjat Fatima","bahjatfatima@example.edu","Amazon Rome"
"2005415","A. R. Shahid","a.r.shahid@example.edu","University of New York"
"2094311","Sheikh Ziauddin","sheikhziauddin@example.edu","University of New York"
"39095873","A. Safi","a.safi@example.edu","Microsoft Rome"
"32593127","H. Ramzan","h.ramzan@example.edu","Nvidia Tokyo"
"122398167","Laura-Georgeta Baragan","laura-georgetabaragan@example.edu","Microsoft Rome"
"144625909","A. Shelestov","a.shelestov@example.edu","Microsoft Rome"
"10720539","M. Lavreniuk","m.lavreniuk@example.edu","Nvidia New York"
"144188078","V. Vasiliev","v.vasiliev@example.edu","Nvidia Paris"
"51894811","L. Shumilo","l.shumilo@example.edu","Amazon Tokyo"
"49238811","A. Kolotii","a.kolotii@example.edu","University of Sydney"
"2647304","B. Yailymov","b.yailymov@example.edu","Microsoft Barcelona"
"2455282","Nataliia Kussul","nataliiakussul@example.edu","Nvidia Rome"
"30494387","H. Yailymova","h.yailymova@example.edu","Nvidia New York"
"1388677086","I. A. Putra","i.a.putra@example.edu","University of Rome"
"2214228779","I Putu Satwika, M.Kom","iputusatwika,m.kom@example.edu","Amazon Tokyo"
"2214211539","Ketut Queena Fredlina, S.Si., M.Si.","ketutqueenafredlina,s.si.,m.si.@example.edu","University of Rome"
"2078621771","Alena Ermolina","alenaermolina@example.edu","Amazon Berlin"
"103017633","V. Tiberius","v.tiberius@example.edu","Meta New York"
"2046998992","H. S. Lima","h.s.lima@example.edu","Meta Sydney"
"2341893","C. Tsallis","c.tsallis@example.edu","Meta Tokyo"
"2822260","R. Perdisci","r.perdisci@example.edu","University of Toronto"
"40608753","Martina Lindorfer","martinalindorfer@example.edu","University of New York"
"2527531","Adam Doupé","adamdoupé@example.edu","Meta Rome"
"3295950","A. Lanzi","a.lanzi@example.edu","Nvidia Tokyo"
"1696427","A. Kapravelos","a.kapravelos@example.edu","University of Berlin"
"2350947","G. Stringhini","g.stringhini@example.edu","Meta Tokyo"
"2240710091","Jiatong Li","jiatongli@example.edu","Microsoft New York"
"37278009","Fangda Han","fangdahan@example.edu","Microsoft Sydney"
"144753120","Ricardo Guerrero","ricardoguerrero@example.edu","Microsoft Toronto"
"144658464","V. Pavlovic","v.pavlovic@example.edu","Nvidia Paris"
"2124869299","Abhilasha Singh","abhilashasingh@example.edu","Meta Barcelona"
"51497718","K. Gaurav","k.gaurav@example.edu","Nvidia New York"
"146820811","G. Meena","g.meena@example.edu","Meta Rome"
"47519887","Shashi Kumar","shashikumar@example.edu","Microsoft Rome"
"1401267545","F. Mesas-Carrascosa","f.mesas-carrascosa@example.edu","Amazon Berlin"
"144991466","A. D. Castro","a.d.castro@example.edu","Nvidia Tokyo"
"1398642053","J. Torres-Sánchez","j.torres-sánchez@example.edu","Microsoft New York"
"1404757663","Paula Triviño-Tarradas","paulatriviño-tarradas@example.edu","Microsoft Sydney"
"1401252017","F. M. Jiménez-Brenes","f.m.jiménez-brenes@example.edu","University of Sydney"
"1401260551","A. García-Ferrer","a.garcía-ferrer@example.edu","Meta Paris"
"1396985901","F. López-Granados","f.lópez-granados@example.edu","University of London"
"2265170129","Zhongyang Chen","zhongyangchen@example.edu","Meta New York"
"2248259430","Pengfei Zhang","pengfeizhang@example.edu","Amazon Toronto"
"1707029968","Mahuan","mahuan@example.edu","Amazon Rome"
"145131856","A. Zakharova","a.zakharova@example.edu","Nvidia Sydney"
"72600068","E. Vekhter","e.vekhter@example.edu","Nvidia Tokyo"
"11484361","Bernease Herman","berneaseherman@example.edu","Microsoft New York"
"2061800818","Cecilia M. Aragon","ceciliam.aragon@example.edu","Microsoft London"
"2073791719","Sarah Evans","sarahevans@example.edu","Amazon Berlin"
"40147795","L. Shanley","l.shanley@example.edu","Meta London"
"2165594","Mihai Frâncu","mihaifrâncu@example.edu","Meta Sydney"
"1685525158","Aditya Pangam","adityapangam@example.edu","Nvidia Barcelona"
"28263830","Harshit Mohan","harshitmohan@example.edu","Nvidia Berlin"
"144265348","M. Pathak","m.pathak@example.edu","Meta Rome"
"2239022276","J. S","j.s@example.edu","University of Rome"
"9203369","S. Dwivedi","s.dwivedi@example.edu","Nvidia Sydney"
"34660552","R. Uskenbayeva","r.uskenbayeva@example.edu","Microsoft Berlin"
"145575019","S. Mukhanov","s.mukhanov@example.edu","Nvidia Toronto"
"145509516","S. Xie","s.xie@example.edu","Meta Tokyo"
"1915790","Cynthia Yin","cynthiayin@example.edu","Meta Toronto"
"11975724","Jianrei Sun","jianreisun@example.edu","Microsoft Sydney"
"5993769","Shi-Meng Ai","shi-mengai@example.edu","Microsoft Rome"
"8603400","Shu-Qun Liu","shu-qunliu@example.edu","Microsoft Berlin"
"2108442403","Weitao Wang","weitaowang@example.edu","Amazon Rome"
"2377244745","Ruyang Liu","ruyangliu@example.edu","Microsoft Sydney"
"1948247850","Meng Wang","mengwang@example.edu","Meta London"
"27379874","Sen Wang","senwang@example.edu","Amazon Tokyo"
"144950946","Xiaojun Chang","xiaojunchang@example.edu","Meta New York"
"2144353126","Yang Chen","yangchen@example.edu","Meta Toronto"
"1666727061","Tang-Jie Chang","tang-jiechang@example.edu","Meta Toronto"
"2108513623","Jian-Hua Jiang Chen","jian-huajiangchen@example.edu","Meta Sydney"
"24531654","Hao-Ping Lee","hao-pinglee@example.edu","Meta Tokyo"
"1684289","Yung-Ju Chang","yung-juchang@example.edu","University of Berlin"
"2144038558","Yuan Chen","yuanchen@example.edu","Meta New York"
"145810704","D. Zeng","d.zeng@example.edu","Microsoft Toronto"
"2118717666","Tianchen Xu","tianchenxu@example.edu","Meta New York"
"49418120","Yuanjia Wang","yuanjiawang@example.edu","Microsoft Toronto"
"2115723501","Guoliang Xu","guoliangxu@example.edu","Meta Rome"
"145924537","Daowen Qiu","daowenqiu@example.edu","Nvidia Sydney"
"8792285","Olivia Wiles","oliviawiles@example.edu","Microsoft Sydney"
"39866422","Sébastien Ehrhardt","sébastienehrhardt@example.edu","Microsoft Rome"
"1688869","Andrew Zisserman","andrewzisserman@example.edu","Nvidia Tokyo"
"1423797914","Marco Romanelli","marcoromanelli@example.edu","University of Toronto"
"2145955848","Yang Zhang","yangzhang@example.edu","Microsoft Paris"
"2117807613","Yuan Jiang","yuanjiang@example.edu","Nvidia Paris"
"2152592354","Bin Wang","binwang@example.edu","Meta Barcelona"
"1562573194","Lin Zhang","linzhang@example.edu","Nvidia Toronto"
"2190902996","Wenxuan Chen","wenxuanchen@example.edu","Amazon Rome"
"51311082","Petras Swissler","petrasswissler@example.edu","Nvidia New York"
"145262982","Michael Rubenstein","michaelrubenstein@example.edu","University of New York"
"2571322","W. Pruett","w.pruett@example.edu","Meta Paris"
"6478273","J. Clemmer","j.clemmer@example.edu","Nvidia Tokyo"
"31608995","R. Hester","r.hester@example.edu","Amazon Paris"
"2267050408","Taichi Sakakibara","taichisakakibara@example.edu","Meta Toronto"
"3037568","T. Nishio","t.nishio@example.edu","Microsoft Sydney"
"3286428","Akihito Taya","akihitotaya@example.edu","University of Rome"
"1731593","M. Morikura","m.morikura@example.edu","Amazon Sydney"
"145524496","Koji Yamamoto","kojiyamamoto@example.edu","Meta Barcelona"
"2350777","T. Nabetani","t.nabetani@example.edu","Nvidia Sydney"
"2051453710","Mina Schütz","minaschütz@example.edu","Meta New York"
"7298041","Alexander Schindler","alexanderschindler@example.edu","University of Berlin"
"40449690","Melanie Siegel","melaniesiegel@example.edu","Meta Sydney"
"2173350","Kawa Nazemi","kawanazemi@example.edu","Nvidia Tokyo"
"1768559464","Guohang Lu","guohanglu@example.edu","University of Berlin"
"2153630810","Yi Liu","yiliu@example.edu","Meta Berlin"
"2341277843","Yifei Chen","yifeichen@example.edu","Meta Tokyo"
"2117825906","Chengwei Zhang","chengweizhang@example.edu","Meta Tokyo"
"1985456","Yayu Gao","yayugao@example.edu","Microsoft Tokyo"
"46642721","Guohui Zhong","guohuizhong@example.edu","Amazon London"
"50843456","Evgeny V. Tsykunov","evgenyv.tsykunov@example.edu","Meta Sydney"
"2046867605","V. Ilin","v.ilin@example.edu","Meta Tokyo"
"2091575691","S. Perminov","s.perminov@example.edu","University of Sydney"
"1409344322","A. Fedoseev","a.fedoseev@example.edu","Nvidia Barcelona"
"1603029568","E. Zainulina","e.zainulina@example.edu","Amazon Toronto"
"2115242876","Yifei Ren","yifeiren@example.edu","University of London"
"35244477","Kwan-Wu Chin","kwan-wuchin@example.edu","University of Rome"
"1694479","S. Soh","s.soh@example.edu","Microsoft Sydney"
"49172565","Zhiwei Xie","zhiweixie@example.edu","Nvidia Rome"
"2109268653","Yandong Chen","yandongchen@example.edu","Microsoft Paris"
"47203469","Wenhua Wu","wenhuawu@example.edu","Amazon Rome"
"1500427365","Yuancan Xu","yuancanxu@example.edu","Nvidia Berlin"
"2157842803","Haining Wang","hainingwang@example.edu","Nvidia London"
"2148902523","Jian Guo","jianguo@example.edu","University of Toronto"
"144251321","An Luo","anluo@example.edu","University of Rome"
"2069707975","Xin Wen","xinwen@example.edu","Microsoft Berlin"
"2116864543","Biying Li","biyingli@example.edu","University of Berlin"
"2313045","Haiyun Guo","haiyunguo@example.edu","Meta Tokyo"
"2109079276","Zhiwei Liu","zhiweiliu@example.edu","Nvidia Tokyo"
"38819702","Guosheng Hu","guoshenghu@example.edu","Amazon Paris"
"2113727378","Ming Tang","mingtang@example.edu","Microsoft Barcelona"
"49606029","Jinqiao Wang","jinqiaowang@example.edu","University of Sydney"
"73690883","S. S. Sonawane","s.s.sonawane@example.edu","Amazon Sydney"
"8920918","S. Kolhe","s.kolhe@example.edu","Nvidia Toronto"
"49864741","Hongwei Ren","hongweiren@example.edu","Nvidia Paris"
"2681613","Zhiping Peng","zhipingpeng@example.edu","University of New York"
"2112677879","Yu Gu","yugu@example.edu","Microsoft Tokyo"
"40056275","J. Rohmer","j.rohmer@example.edu","Nvidia Rome"
"2882287","P. Gehl","p.gehl@example.edu","Meta Barcelona"
"20437926","Hyoukjun Kwon","hyoukjunkwon@example.edu","Amazon Rome"
"3390646","Prasanth Chatarasi","prasanthchatarasi@example.edu","Amazon Rome"
"1728219","Vivek Sarkar","viveksarkar@example.edu","Amazon Rome"
"145984583","T. Krishna","t.krishna@example.edu","University of London"
"1790200","Michael Pellauer","michaelpellauer@example.edu","Meta Tokyo"
"1790421","A. Parashar","a.parashar@example.edu","Nvidia Berlin"
"1685533002","Qimeng Yang","qimengyang@example.edu","Nvidia London"
"1410142769","Long Yu","longyu@example.edu","University of Tokyo"
"2092246","Shengwei Tian","shengweitian@example.edu","Amazon Toronto"
"1685039529","Jinmiao Song","jinmiaosong@example.edu","Microsoft Paris"
"49029806","Qingqing Ye","qingqingye@example.edu","Meta London"
"46458261","Liwei Liu","liweiliu@example.edu","Microsoft Paris"
"2114746060","Tao Jiang","taojiang@example.edu","Microsoft Sydney"
"71554443","Baoxian Chang","baoxianchang@example.edu","Meta London"
"144465374","Kejun Li","kejunli@example.edu","Microsoft London"
"152358983","Maegan Tucker","maegantucker@example.edu","Amazon Barcelona"
"8307674","Erdem Biyik","erdembiyik@example.edu","Nvidia Berlin"
"151479011","Ellen R. Novoseller","ellenr.novoseller@example.edu","University of Toronto"
"144751617","J. Burdick","j.burdick@example.edu","Amazon New York"
"3285568","Yanan Sui","yanansui@example.edu","University of Sydney"
"1779671","Dorsa Sadigh","dorsasadigh@example.edu","Nvidia London"
"1740159","Yisong Yue","yisongyue@example.edu","Nvidia Sydney"
"6386345","A. Ames","a.ames@example.edu","University of Toronto"
"1885349309","Juan Berón","juanberón@example.edu","University of Toronto"
"1409254018","H. Benítez-Restrepo","h.benítez-restrepo@example.edu","Microsoft New York"
"1747569","A. Bovik","a.bovik@example.edu","Amazon Sydney"
"8286187","Shaoning Zeng","shaoningzeng@example.edu","Nvidia Berlin"
"37437068","Bob Zhang","bobzhang@example.edu","Microsoft Paris"
"95681022","Yanghao Zhang","yanghaozhang@example.edu","University of Sydney"
"38978232","Jianping Gou","jianpinggou@example.edu","Microsoft Rome"
"2113200808","Xiong Yi","xiongyi@example.edu","Microsoft Sydney"
"2277271313","Chuanyu Xiong","chuanyuxiong@example.edu","Microsoft Tokyo"
"2139706492","Wen Wu","wenwu@example.edu","Nvidia Sydney"
"2061495408","Zhiwei Xiong","zhiweixiong@example.edu","Meta Toronto"
"2061641680","Li Lie","lilie@example.edu","University of Barcelona"
"2152086239","Xiaohong Liao","xiaohongliao@example.edu","Nvidia New York"
"4156517","S. Lipin","s.lipin@example.edu","Meta Barcelona"
"2116128095","Qiupeng Zhou","qiupengzhou@example.edu","Amazon Berlin"
"67289296","Zou Yuxin","zouyuxin@example.edu","Amazon London"
"2272244262","Shuang Liao","shuangliao@example.edu","Amazon New York"
"2055264379","Ming Yue","mingyue@example.edu","Meta Sydney"
"1661026482","G. Ting","g.ting@example.edu","Meta Berlin"
"2118481032","Ma Li","mali@example.edu","Amazon Toronto"
"48642588","A. Moussa","a.moussa@example.edu","Microsoft Toronto"
"2115584808","Xin Yao","xinyao@example.edu","Meta Tokyo"
"1943837","Cho-Li Wang","cho-liwang@example.edu","Amazon Rome"
"27062135","Zewen He","zewenhe@example.edu","Nvidia Rome"
"2106506628","Rui Wu","ruiwu@example.edu","Nvidia Barcelona"
"30485300","Dingqian Zhang","dingqianzhang@example.edu","Nvidia Barcelona"
"1411258793","Aiman Al-Sabaawi","aimanal-sabaawi@example.edu","Microsoft Barcelona"
"121470572","Jérôme-Alexis Chevalier","jérôme-alexischevalier@example.edu","University of Tokyo"
"1797840","Alexandre Gramfort","alexandregramfort@example.edu","Microsoft Berlin"
"143627573","J. Salmon","j.salmon@example.edu","Meta Berlin"
"8493461","B. Thirion","b.thirion@example.edu","Nvidia Barcelona"
"145927086","Willem Conradie","willemconradie@example.edu","Amazon Barcelona"
"3174162","Dario Della Monica","dariodellamonica@example.edu","University of London"
"1400965327","Emilio Muñoz-Velasco","emiliomuñoz-velasco@example.edu","Nvidia Barcelona"
"1924294","G. Sciavicco","g.sciavicco@example.edu","Amazon Barcelona"
"9384148","Eduard Ionel Stan","eduardionelstan@example.edu","Nvidia Barcelona"
"2832309","A. Anokić","a.anokić@example.edu","Meta Tokyo"
"35184002","Z. Stanimirović","z.stanimirović@example.edu","Microsoft Sydney"
"1798072","T. Davidović","t.davidović@example.edu","Meta London"
"40224039","Đorđe Stakić","đorđestakić@example.edu","Microsoft Tokyo"
"3369856","Dorin Moldovan","dorinmoldovan@example.edu","Meta Barcelona"
"40390132","I. Anghel","i.anghel@example.edu","Amazon Rome"
"1729979","T. Cioara","t.cioara@example.edu","Microsoft London"
"1706937","I. Salomie","i.salomie@example.edu","Amazon Rome"
"3300572","M. Grammatikakis","m.grammatikakis@example.edu","Amazon Paris"
"2047692811","Anastasios Koumarelis","anastasioskoumarelis@example.edu","University of New York"
"123458978","E. Ntallaris","e.ntallaris@example.edu","Amazon Tokyo"
"2450841","F. Verbiest","f.verbiest@example.edu","Amazon Toronto"
"2109165","M. Proesmans","m.proesmans@example.edu","Amazon Sydney"
"1681236","L. Gool","l.gool@example.edu","University of London"
"1742337823","Huwei Zhang","huweizhang@example.edu","Amazon New York"
"51138127","V. Sanzharov","v.sanzharov@example.edu","Nvidia Toronto"
"2127570511","V. Frolov","v.frolov@example.edu","Nvidia Rome"
"2564545","A. Voloboy","a.voloboy@example.edu","Nvidia Sydney"
"145710131","V. Galaktionov","v.galaktionov@example.edu","Amazon Berlin"
"1692511","R. Boppana","r.boppana@example.edu","University of Paris"
"10844138","J. Lewis","j.lewis@example.edu","Microsoft Sydney"
"2242699917","Sarah A. Alkhodair","saraha.alkhodair@example.edu","Amazon Berlin"
"1760762","B. Fung","b.fung@example.edu","Nvidia Barcelona"
"9414926","Steven H. H. Ding","stevenh.h.ding@example.edu","Amazon Rome"
"145340216","W. K. Cheung","w.k.cheung@example.edu","Amazon Barcelona"
"145250991","Shih-Chia Huang","shih-chiahuang@example.edu","Nvidia New York"
"1748844142","Runxin Xu","runxinxu@example.edu","University of New York"
"2109830278","Jun Cao","juncao@example.edu","Nvidia Rome"
"2067908","Mingxuan Wang","mingxuanwang@example.edu","Nvidia London"
"2108182762","Jiaze Chen","jiazechen@example.edu","University of Berlin"
"2111824520","Hao Zhou","haozhou@example.edu","Amazon Paris"
"2111106416","Ying Zeng","yingzeng@example.edu","Amazon Rome"
"2130355791","Yuping Wang","yupingwang@example.edu","Microsoft Rome"
"152875291","L. Chen","l.chen@example.edu","Amazon Rome"
"145158503","Xiang Yin","xiangyin@example.edu","Meta London"
"2393599844","Xijin Zhang","xijinzhang@example.edu","University of London"
"2220923064","Songcheng Jiang","songchengjiang@example.edu","Microsoft Tokyo"
"2115828379","Yuxuan Wang","yuxuanwang@example.edu","Amazon Barcelona"
"143900005","Lei Li","leili@example.edu","Nvidia Barcelona"
"2111140983","Song Cheng","songcheng@example.edu","Amazon New York"
"50384136","Qi Liu","qiliu@example.edu","Amazon New York"
"2227868312","Enhong Chen","enhongchen@example.edu","Microsoft Barcelona"
"2111007714","Anil Kumar Singh","anilkumarsingh@example.edu","University of Rome"
"2364545154","R. Sharma","r.sharma@example.edu","Amazon Sydney"
"2100836","S. Acharya","s.acharya@example.edu","Nvidia Barcelona"
"1678696","Laizhong Cui","laizhongcui@example.edu","Amazon Barcelona"
"144680113","Yi Pan","yipan@example.edu","Meta Rome"
"2316588","M. Smyrnakis","m.smyrnakis@example.edu","Meta New York"
"1768073","Hongyang Qu","hongyangqu@example.edu","Meta Toronto"
"1740046","D. Bauso","d.bauso@example.edu","Meta Paris"
"144171121","S. Veres","s.veres@example.edu","Meta New York"
"31035964","P. Mikhailov","p.mikhailov@example.edu","Amazon Tokyo"
"2034268047","Zhomart Ualiyev","zhomartualiyev@example.edu","Nvidia Sydney"
"49947665","A. Heinrich","a.heinrich@example.edu","Meta Toronto"
"48489612","F. Güttler","f.güttler@example.edu","University of Berlin"
"2094246023","S. Schenkl","s.schenkl@example.edu","Nvidia Sydney"
"151196926","R. Wagner","r.wagner@example.edu","Meta Toronto"
"50283523","U. Teichgräber","u.teichgräber@example.edu","Amazon London"
"2264444739","S. Eroshenko","s.eroshenko@example.edu","Meta London"
"2220783171","G. Nesterenko","g.nesterenko@example.edu","Microsoft Berlin"
"40367753","V. Zyryanov","v.zyryanov@example.edu","Meta New York"
"27099559","N. Kiryanova","n.kiryanova@example.edu","University of Sydney"
"31217324","G. Prankevich","g.prankevich@example.edu","Microsoft London"
"47535587","Chun Liu","chunliu@example.edu","Nvidia Tokyo"
"2143454660","Yiwei Wang","yiweiwang@example.edu","Meta New York"
"3320817","Chin-Yi Cheng","chin-yicheng@example.edu","Meta Tokyo"
"13986477","Y. Heryanto","y.heryanto@example.edu","Microsoft Berlin"
"2071316146","Ryo Yamada","ryoyamada@example.edu","University of Tokyo"
"2887750","Haipeng Xing","haipengxing@example.edu","Nvidia Barcelona"
"108486764","Ke Wang","kewang@example.edu","Nvidia London"
"2118215366","Zhi Li","zhili@example.edu","Microsoft London"
"2118426587","Ying Chen","yingchen@example.edu","Amazon Toronto"
"1424479524","M. Ranzini","m.ranzini@example.edu","University of Toronto"
"1643725539","Irme Groothuis","irmegroothuis@example.edu","Nvidia New York"
"14393302","Kerstin Kläser","kerstinkläser@example.edu","Amazon Tokyo"
"145244251","M. Jorge Cardoso","m.jorgecardoso@example.edu","Nvidia New York"
"2056590","J. Henckel","j.henckel@example.edu","Amazon Berlin"
"143951081","S. Ourselin","s.ourselin@example.edu","Microsoft Barcelona"
"76970890","A. Hart","a.hart@example.edu","Microsoft Rome"
"1711439","M. Modat","m.modat@example.edu","Microsoft Berlin"
"1418053219","Nina Slamnik-Kriještorac","ninaslamnik-kriještorac@example.edu","Amazon Barcelona"
"3056661","Haris Kremo","hariskremo@example.edu","University of Barcelona"
"2987837","M. Ruffini","m.ruffini@example.edu","University of New York"
"2249410668","J. Marquez-Barja","j.marquez-barja@example.edu","Nvidia Barcelona"
"7506584","Marcel Hildebrandt","marcelhildebrandt@example.edu","Meta Rome"
"1473074253","Jorge Andres Quintero Serna","jorgeandresquinteroserna@example.edu","Meta Rome"
"10684484","Yunpu Ma","yunpuma@example.edu","Meta Rome"
"2599096","Martin Ringsquandl","martinringsquandl@example.edu","Amazon London"
"2020545","Mitchell Joblin","mitchelljoblin@example.edu","Amazon Toronto"
"1700754","Volker Tresp","volkertresp@example.edu","Meta Tokyo"
"2219046336","Deqiang Yang","deqiangyang@example.edu","University of London"
"2217908039","Yue Tang","yuetang@example.edu","Meta Tokyo"
"103829612","K. Sun","k.sun@example.edu","Amazon Barcelona"
"48641770","Sihao Liu","sihaoliu@example.edu","Microsoft New York"
"144600251","Jin Pan","jinpan@example.edu","Microsoft New York"
"2104147989","Ulrike Brocza","ulrikebrocza@example.edu","Meta Tokyo"
"2096794228","S. Kollarits","s.kollarits@example.edu","Microsoft Paris"
"1946298353","M. Wyburd","m.wyburd@example.edu","Nvidia London"
"1733095","M. Jenkinson","m.jenkinson@example.edu","Meta Sydney"
"2119305297","A. Namburete","a.namburete@example.edu","Meta Toronto"
"35649732","Xuesong Niu","xuesongniu@example.edu","Amazon New York"
"1915941538","Zitong Yu","zitongyu@example.edu","Nvidia Paris"
"144703904","Hu Han","huhan@example.edu","Microsoft Sydney"
"1502872895","Xiaobai Li","xiaobaili@example.edu","Microsoft Toronto"
"145455919","S. Shan","s.shan@example.edu","University of Toronto"
"1757287","Guoying Zhao","guoyingzhao@example.edu","Meta Toronto"
"12841431","Kiwoo Shin","kiwooshin@example.edu","Meta Toronto"
"1680165","M. Tomizuka","m.tomizuka@example.edu","University of Sydney"
"35440810","Sabbir M. Saleh","sabbirm.saleh@example.edu","Meta London"
"1381092885","Supta Richard Philip","suptarichardphilip@example.edu","Microsoft Tokyo"
"1500648979","Nahida Akhter Shemu","nahidaakhtershemu@example.edu","Nvidia Tokyo"
"1626085800","Khondoker Ali Asgor Pavel","khondokeraliasgorpavel@example.edu","Nvidia Rome"
"2109504512","Xiaofei Yang","xiaofeiyang@example.edu","Microsoft Berlin"
"50379371","Shenghan Gao","shenghangao@example.edu","Nvidia Sydney"
"13688992","Tingjie Wang","tingjiewang@example.edu","Microsoft Tokyo"
"2119658784","Boyu Yang","boyuyang@example.edu","Meta Sydney"
"123833574","Ningxin Dang","ningxindang@example.edu","Amazon Berlin"
"145416638","Kai Ye","kaiye@example.edu","Nvidia Berlin"
"145783854","E. Cramer","e.cramer@example.edu","Nvidia London"
"35257771","Sara A. Kaiser","saraa.kaiser@example.edu","Nvidia Rome"
"30949332","M. Webster","m.webster@example.edu","University of Sydney"
"11801115","T. Ryder","t.ryder@example.edu","University of London"
"3097289","Uzay Çetin","uzayçetin@example.edu","University of Barcelona"
"2473987","Mursel Tasgin","murseltasgin@example.edu","Microsoft New York"
"1400771155","Álvaro Fernández-Rodríguez","álvarofernández-rodríguez@example.edu","University of Tokyo"
"1404495418","M. Medina-Juliá","m.medina-juliá@example.edu","University of Berlin"
"1403815366","Francisco Velasco-Álvarez","franciscovelasco-álvarez@example.edu","Nvidia Sydney"
"1398246592","R. Ron-Angevin","r.ron-angevin@example.edu","Microsoft Berlin"
"2521294","C. Meshram","c.meshram@example.edu","Meta Berlin"
"1747075","M. Obaidat","m.obaidat@example.edu","University of Berlin"
"2293212","Jitendra V. Tembhurne","jitendrav.tembhurne@example.edu","University of Tokyo"
"38784270","Shailendra W. Shende","shailendraw.shende@example.edu","Amazon Tokyo"
"121404739","K. Kalare","k.kalare@example.edu","Amazon Paris"
"27059304","S. G. Meshram","s.g.meshram@example.edu","Nvidia Sydney"
"46337067","J. Mcalaney","j.mcalaney@example.edu","University of Sydney"
"92294881","Manal Aldhayan","manalaldhayan@example.edu","University of Sydney"
"3299113","M. B. Almourad","m.b.almourad@example.edu","Nvidia Sydney"
"80950139","S. Cham","s.cham@example.edu","Amazon Paris"
"144170376","Raian Ali","raianali@example.edu","Meta Paris"
"52416763","M. Lehtimäki","m.lehtimäki@example.edu","Microsoft Toronto"
"1654101420","Ippa Seppälä","ippaseppälä@example.edu","Amazon New York"
"3294862","L. Paunonen","l.paunonen@example.edu","Microsoft Paris"
"144169341","M. Linne","m.linne@example.edu","University of Toronto"
"1819868864","Anja Bertard","anjabertard@example.edu","University of Barcelona"
"147095024","Jennifer-Kathrin Kopp","jennifer-kathrinkopp@example.edu","Microsoft Paris"
"2046969798","L. Franken","l.franken@example.edu","University of Tokyo"
"88714212","B. Georgiev","b.georgiev@example.edu","Microsoft Berlin"
"28974080","Tejas G. Puranik","tejasg.puranik@example.edu","Meta Berlin"
"1703218","D. Mavris","d.mavris@example.edu","Nvidia Paris"
"35867883","Pantelis R. Vlachas","pantelisr.vlachas@example.edu","Meta Tokyo"
"145038036","G. Arampatzis","g.arampatzis@example.edu","Microsoft New York"
"3338091","Caroline Uhler","carolineuhler@example.edu","Meta New York"
"1802604","P. Koumoutsakos","p.koumoutsakos@example.edu","Microsoft Sydney"
"2143443123","Yu Gao","yugao@example.edu","Nvidia Berlin"
"2110227195","Chen Guo","chenguo@example.edu","Amazon Tokyo"
"50479846","Zhifang Xiao","zhifangxiao@example.edu","Meta London"
"2109408880","Zhihong Liu","zhihongliu@example.edu","University of Toronto"
"51509270","Shuo Peng","shuopeng@example.edu","Amazon Tokyo"
"1924288","Xingde Duan","xingdeduan@example.edu","Microsoft Berlin"
"2145401110","Shi Zhang","shizhang@example.edu","Meta London"
"153645334","Wenzhuan Zhang","wenzhuanzhang@example.edu","University of Berlin"
"1420430947","Xinli Miao","xinlimiao@example.edu","Meta Tokyo"
"2026311761","Meemnur Rashid","meemnurrashid@example.edu","Meta Paris"
"2026310990","Kaisar Ahmed Alman","kaisarahmedalman@example.edu","Microsoft Toronto"
"35801558","Khaled Hasan","khaledhasan@example.edu","Microsoft Toronto"
"144270764","J. Hansen","j.hansen@example.edu","Nvidia Rome"
"144782474","T. Hasan","t.hasan@example.edu","University of London"
"1483754050","Rebecca M. Walsh","rebeccam.walsh@example.edu","University of Barcelona"
"6543598","Amanda L. Forest","amandal.forest@example.edu","Meta Toronto"
"4697137","E. Orehek","e.orehek@example.edu","University of Paris"
"30807212","Ayça Özçelikkale","ayçaözçelikkale@example.edu","Nvidia New York"
"2119321839","Anil Kumar","anilkumar@example.edu","Meta Barcelona"
"2266465632","P. Hebbar","p.hebbar@example.edu","Meta Paris"
"1999690468","Arvind Handoo","arvindhandoo@example.edu","University of Sydney"
"153366125","V. Ravichandran","v.ravichandran@example.edu","Microsoft New York"
"49691793","S. Sudhakar","s.sudhakar@example.edu","Amazon London"
"1999679519","P. K. Pandey","p.k.pandey@example.edu","Nvidia Berlin"
"145209013","K. Heljakka","k.heljakka@example.edu","Microsoft Barcelona"
"2531173","P. Ihamäki","p.ihamäki@example.edu","Nvidia Sydney"
"2007893258","A. Lamminen","a.lamminen@example.edu","Microsoft New York"
"2109792643","Jaeyoung Yang","jaeyoungyang@example.edu","Microsoft Rome"
"145362140","Rakmin Choi","rakminchoi@example.edu","University of Tokyo"
"1931948382","Kyubum Cho","kyubumcho@example.edu","Microsoft New York"
"2109624511","Seonjin Kim","seonjinkim@example.edu","Nvidia Toronto"
"2202729578","Bousung Lee","bousunglee@example.edu","University of Rome"
"66406561","K. Lee","k.lee@example.edu","Amazon Toronto"
"2111414627","Dongseok Kim","dongseokkim@example.edu","Nvidia Rome"
"3583645","Jaedo Lee","jaedolee@example.edu","Microsoft Rome"
"2399928341","Xinhang Ding","xinhangding@example.edu","Meta Tokyo"
"144243147","Zhilong Zhang","zhilongzhang@example.edu","Microsoft Tokyo"
"1901365","Danpu Liu","danpuliu@example.edu","Meta Rome"
"144503802","B. Kaplan","b.kaplan@example.edu","Microsoft Berlin"
"4210172","A. Čulina","a.čulina@example.edu","University of London"
"6734274","F. Adriaensen","f.adriaensen@example.edu","Nvidia London"
"40326833","Liam D. Bailey","liamd.bailey@example.edu","Amazon Barcelona"
"10305044","M. Burgess","m.burgess@example.edu","University of London"
"6347625","A. Charmantier","a.charmantier@example.edu","Nvidia Tokyo"
"4765671","E. Cole","e.cole@example.edu","Amazon New York"
"5007508","T. Eeva","t.eeva@example.edu","Nvidia Toronto"
"4013632","E. Matthysen","e.matthysen@example.edu","Meta New York"
"40868381","C. R. Nater","c.r.nater@example.edu","Amazon Tokyo"
"6799312","B. Sheldon","b.sheldon@example.edu","Nvidia New York"
"4819919","B. Saether","b.saether@example.edu","Microsoft New York"
"81814653","S. Vriend","s.vriend@example.edu","Amazon Sydney"
"6814091","Zuzana Zajková","zuzanazajková@example.edu","Nvidia New York"
"5670756","P. Adamík","p.adamík@example.edu","University of London"
"4679421","L. Aplin","l.aplin@example.edu","University of Berlin"
"2891416","E. Angulo","e.angulo@example.edu","Amazon Tokyo"
"50201499","A. Artemyev","a.artemyev@example.edu","University of Berlin"
"31728469","E. Barba","e.barba@example.edu","Amazon New York"
"39382392","S. Barišić","s.barišić@example.edu","Amazon Berlin"
"6531401","E. Belda","e.belda@example.edu","Microsoft Toronto"
"2026699347","C. Can Bilgin","c.canbilgin@example.edu","University of Sydney"
"5957219","J. Bleu","j.bleu@example.edu","Nvidia Rome"
"3439077","C. Both","c.both@example.edu","Meta London"
"6027058","S. Bouwhuis","s.bouwhuis@example.edu","Microsoft Berlin"
"40977675","C. Branston","c.branston@example.edu","Meta Rome"
"37465583","Julie Broggi","juliebroggi@example.edu","Microsoft Toronto"
"145779687","T. Burke","t.burke@example.edu","Meta Paris"
"34181111","A. Bushuev","a.bushuev@example.edu","Nvidia Paris"
"144454279","C. Camacho","c.camacho@example.edu","Nvidia Tokyo"
"5771767","D. Campobello","d.campobello@example.edu","Nvidia Sydney"
"46483759","D. Canal","d.canal@example.edu","Amazon Tokyo"
"1717434","Alejandro Cantarero","alejandrocantarero@example.edu","Microsoft Tokyo"
"8555093","Samuel P. Caro","samuelp.caro@example.edu","Amazon Barcelona"
"3184114","M. Cauchoix","m.cauchoix@example.edu","Nvidia Tokyo"
"4167636","A. Chaine","a.chaine@example.edu","Amazon Sydney"
"117969622","M. Cichoń","m.cichoń@example.edu","University of London"
"5190217","D. Ćiković","d.ćiković@example.edu","Meta Berlin"
"5454227","C. Cusimano","c.cusimano@example.edu","Nvidia Tokyo"
"8981985","C. Deimel","c.deimel@example.edu","University of Sydney"
"4034555","A. Dhondt","a.dhondt@example.edu","Meta Rome"
"6279193","N. Dingemanse","n.dingemanse@example.edu","University of Barcelona"
"6876371","B. Doligez","b.doligez@example.edu","Meta Rome"
"4255133","Davide M. Dominoni","davidem.dominoni@example.edu","Nvidia Rome"
"5471779","C. Doutrelant","c.doutrelant@example.edu","University of Toronto"
"2887924","S. Drobniak","s.drobniak@example.edu","Amazon Paris"
"5240460","A. Dubiec","a.dubiec@example.edu","Meta Berlin"
"5065611","M. Eens","m.eens@example.edu","Meta Berlin"
"3511541","K. Erikstad","k.erikstad@example.edu","Nvidia London"
"32248119","S. Espín","s.espín@example.edu","Microsoft Barcelona"
"3384335","D. Farine","d.farine@example.edu","Nvidia New York"
"144742088","J. Figuerola","j.figuerola@example.edu","Meta Tokyo"
"2026698757","Pınar Kavak Gülbeyaz","pınarkavakgülbeyaz@example.edu","Nvidia Toronto"
"30070978","A. Grégoire","a.grégoire@example.edu","Amazon Rome"
"3773443","I. Hartley","i.hartley@example.edu","Nvidia New York"
"2355132","M. Hau","m.hau@example.edu","Nvidia Toronto"
"15599068","G. Hegyi","g.hegyi@example.edu","Nvidia Paris"
"3435539","S. Hille","s.hille@example.edu","Nvidia London"
"5460139","C. Hinde","c.hinde@example.edu","Amazon Paris"
"46679197","B. Holtmann","b.holtmann@example.edu","Microsoft Sydney"
"33899638","T. Ilyina","t.ilyina@example.edu","Nvidia Sydney"
"4510972","C. Isaksson","c.isaksson@example.edu","Nvidia Toronto"
"5432516","Arne Iserbyt","arneiserbyt@example.edu","Amazon Tokyo"
"143626711","E. Ivankina","e.ivankina@example.edu","University of New York"
"4386056","W. Kania","w.kania@example.edu","Meta Barcelona"
"4110169","B. Kempenaers","b.kempenaers@example.edu","Microsoft New York"
"2511105","A. Kerimov","a.kerimov@example.edu","University of London"
"3967898","J. Komdeur","j.komdeur@example.edu","Nvidia Paris"
"3603337","P. Korsten","p.korsten@example.edu","Microsoft London"
"49069003","M. Král","m.král@example.edu","Nvidia Rome"
"3530821","Miloš Krist","miloškrist@example.edu","Nvidia Tokyo"
"2466537","M. Lambrechts","m.lambrechts@example.edu","Amazon Barcelona"
"145119559","C. E. Lara","c.e.lara@example.edu","Amazon Toronto"
"11679795","A. Leivits","a.leivits@example.edu","Meta Sydney"
"5676596","A. Liker","a.liker@example.edu","Amazon Tokyo"
"4567365","Jaanis Lodjak","jaanislodjak@example.edu","Meta Toronto"
"4138854","M. Mägi","m.mägi@example.edu","University of Toronto"
"6979863","M. Mainwaring","m.mainwaring@example.edu","Amazon Barcelona"
"6368606","R. Mänd","r.mänd@example.edu","Meta Toronto"
"2592272","B. Massa","b.massa@example.edu","Microsoft Toronto"
"3971016","S. Massemin","s.massemin@example.edu","Meta Berlin"
"1422188587","J. Martínez-Padilla","j.martínez-padilla@example.edu","Microsoft Tokyo"
"152572930","T. Mazgajski","t.mazgajski@example.edu","University of London"
"49488705","A. Mennerat","a.mennerat@example.edu","Amazon Paris"
"145222697","J. Moreno","j.moreno@example.edu","Meta Toronto"
"49733044","A. Mouchet","a.mouchet@example.edu","Microsoft Tokyo"
"143676798","Shinichi Nakagawa","shinichinakagawa@example.edu","University of Berlin"
"39933636","Jan‐Åke Nilsson","jan‐åkenilsson@example.edu","Meta Rome"
"5580808","A. Norte","a.norte@example.edu","Amazon London"
"6224157","K. Oers","k.oers@example.edu","Microsoft London"
"7029103","M. Orell","m.orell@example.edu","Microsoft Tokyo"
"6824882","J. Potti","j.potti@example.edu","Amazon New York"
"34641390","J. Quinn","j.quinn@example.edu","University of Berlin"
"8533209","D. Réale","d.réale@example.edu","Nvidia Paris"
"6904400","T. Reiertsen","t.reiertsen@example.edu","Amazon Tokyo"
"3699770","B. Rosivall","b.rosivall@example.edu","Meta Tokyo"
"2026699140","Andrew F Russel","andrewfrussel@example.edu","Nvidia Tokyo"
"3906052","Seppo Rytkönen","sepporytkönen@example.edu","University of New York"
"1389242352","P. Sánchez-Virosta","p.sánchez-virosta@example.edu","Nvidia Barcelona"
"145926782","E. S. Santos","e.s.santos@example.edu","Meta Tokyo"
"39794327","J. Schroeder","j.schroeder@example.edu","Nvidia London"
"2799201","J. Senar","j.senar@example.edu","Meta New York"
"5578491","G. Seress","g.seress@example.edu","Amazon New York"
"4198021","T. Slagsvold","t.slagsvold@example.edu","Microsoft Rome"
"5747694","Marta Szulkin","martaszulkin@example.edu","Microsoft Toronto"
"4884534","C. Teplitsky","c.teplitsky@example.edu","University of Paris"
"6692866","V. Tilgar","v.tilgar@example.edu","Nvidia London"
"91263619","A. Tolstoguzov","a.tolstoguzov@example.edu","Meta Toronto"
"40137859","J. Török","j.török@example.edu","Microsoft New York"
"2858186","M. Valcu","m.valcu@example.edu","Amazon Rome"
"5296766","Emma Vatka","emmavatka@example.edu","Amazon Paris"
"48726489","S. Verhulst","s.verhulst@example.edu","Microsoft Barcelona"
"153438070","H. Watson","h.watson@example.edu","Microsoft London"
"2849767","Teru Yuta","teruyuta@example.edu","Amazon New York"
"1412692466","J. M. Zamora-Marín","j.m.zamora-marín@example.edu","Microsoft New York"
"3558378","M. Visser","m.visser@example.edu","Meta Barcelona"
"2155302637","Peng Wang","pengwang@example.edu","Meta London"
"30592993","Mengyu Sun","mengyusun@example.edu","Meta London"
"2116382265","Haiyan Wang","haiyanwang@example.edu","Amazon Rome"
"2108749483","Xiaoyan Li","xiaoyanli@example.edu","Amazon Sydney"
"1490452791","Yongxia Yang","yongxiayang@example.edu","Amazon New York"
"83567637","Judith Awiti","judithawiti@example.edu","Microsoft Berlin"
"1789686","R. Wrembel","r.wrembel@example.edu","Microsoft Berlin"
"32330012","L. Straffon","l.straffon@example.edu","Meta Barcelona"
"145303541","Andrea Bender","andreabender@example.edu","Microsoft New York"
"4749852","C. Tennie","c.tennie@example.edu","Nvidia Rome"
"49994160","D. Stout","d.stout@example.edu","Amazon New York"
"2219178","Simon J. Greenhill","simonj.greenhill@example.edu","Microsoft London"
"1418653304","F. d’Errico","f.d’errico@example.edu","Meta Tokyo"
"2121214334","Ju Zhang","juzhang@example.edu","Meta New York"
"2116000034","Jialin Yu","jialinyu@example.edu","University of Sydney"
"2040467054","D. Lin","d.lin@example.edu","University of Tokyo"
"48421584","Xinyun Guo","xinyunguo@example.edu","Nvidia New York"
"144279314","Huan He","huanhe@example.edu","Microsoft New York"
"1843382","Shaoping Shi","shaopingshi@example.edu","Nvidia Rome"
"24386742","Mounia Elqortobi","mouniaelqortobi@example.edu","University of Toronto"
"1409495588","Warda El-Khouly","wardael-khouly@example.edu","Amazon London"
"1414305529","Amine Rahj","aminerahj@example.edu","Amazon Berlin"
"1812107","J. Bentahar","j.bentahar@example.edu","Microsoft Berlin"
"1741232","R. Dssouli","r.dssouli@example.edu","Amazon Tokyo"
"119627029","S. Simić","s.simić@example.edu","Nvidia New York"
"50976227","Robert Šajina","robertšajina@example.edu","Nvidia Berlin"
"2283154397","Nikola Tanković","nikolatanković@example.edu","Microsoft Sydney"
"20899369","D. Etinger","d.etinger@example.edu","Microsoft Toronto"
"9350936","N. Anithadevi","n.anithadevi@example.edu","Meta London"
"2091340351","P. Gokul","p.gokul@example.edu","University of Toronto"
"2346530358","S. Nandan","s.nandan@example.edu","University of Rome"
"7019110","R. Magesh","r.magesh@example.edu","Microsoft London"
"2034273229","S. Shiddharth","s.shiddharth@example.edu","Microsoft Paris"
"1739062440","J. Arthur Davis","j.arthurdavis@example.edu","Nvidia Barcelona"
"2137138124","A. G. Jesudoss","a.g.jesudoss@example.edu","University of Barcelona"
"2057353021","N. Watson","n.watson@example.edu","Nvidia Tokyo"
"2197585564","Balaji Dhanasekaran","balajidhanasekaran@example.edu","Amazon Berlin"
"2117943145","Zixin Liu","zixinliu@example.edu","Amazon Berlin"
"49424586","Huawei Yang","huaweiyang@example.edu","University of New York"
"2638758","Lianglin Xiong","lianglinxiong@example.edu","Microsoft Toronto"
"52522593","G. Moldovan","g.moldovan@example.edu","Nvidia Toronto"
"3437890","G. Lehnasch","g.lehnasch@example.edu","University of New York"
"35108334","L. Cordier","l.cordier@example.edu","Microsoft Paris"
"2235478","M. Meldi","m.meldi@example.edu","Meta Rome"
"1982812","S. Asai","s.asai@example.edu","Meta London"
"31837119","K. Yan","k.yan@example.edu","Amazon Rome"
"145400502","Hongyu Zhao","hongyuzhao@example.edu","Amazon London"
"2111155094","Joseph T. Wu","josepht.wu@example.edu","Amazon Toronto"
"1905832","H. Pang","h.pang@example.edu","Microsoft Paris"
"120738683","Yanchao Sun","yanchaosun@example.edu","Microsoft Sydney"
"31186224","Xiangyu Yin","xiangyuyin@example.edu","Microsoft Sydney"
"2117426487","Furong Huang","furonghuang@example.edu","Meta Tokyo"
"1940437","Huiba Li","huibali@example.edu","Microsoft Sydney"
"48641911","Shengyun Liu","shengyunliu@example.edu","Meta Rome"
"2110477027","Jiawei Xu","jiaweixu@example.edu","Microsoft Tokyo"
"1684808","Guangtao Xue","guangtaoxue@example.edu","Nvidia Toronto"
"101393975","Yuuki Ozawa","yuukiozawa@example.edu","Amazon New York"
"2110737863","M. Watanabe","m.watanabe@example.edu","Meta Sydney"
"2229921","K. Tadakuma","k.tadakuma@example.edu","Meta Berlin"
"8151950","Eri Takane","eritakane@example.edu","Amazon Tokyo"
"2318900","G. Marafioti","g.marafioti@example.edu","University of Sydney"
"1794952","S. Tadokoro","s.tadokoro@example.edu","Amazon Tokyo"
"28870662","Svenja Schäfer","svenjaschäfer@example.edu","University of Barcelona"
"2006747944","Lynda Alkama","lyndaalkama@example.edu","Amazon New York"
"1398503958","Louiza Bouallouche-Medjkoune","louizabouallouche-medjkoune@example.edu","Microsoft Rome"
"152446979","Pritpal Singh","pritpalsingh@example.edu","Meta Tokyo"
"2218740","Suzana Brown","suzanabrown@example.edu","Nvidia New York"
"145613514","P. Wall","p.wall@example.edu","University of New York"
"2042529113","Patience Desire","patiencedesire@example.edu","Nvidia New York"
"152175445","D. Lewis","d.lewis@example.edu","Microsoft Toronto"
"3064672","L. Hederman","l.hederman@example.edu","Amazon London"
"32733239","Chrystina Russell","chrystinarussell@example.edu","Nvidia Toronto"
"1399109630","Z. Al-qudah","z.al-qudah@example.edu","Meta Rome"
"3106258","Khalid A. Darabkh","khalida.darabkh@example.edu","Nvidia Toronto"
"2215881772","Nino Mashia","ninomashia@example.edu","University of Rome"
"2026684355","Devansh Amin","devanshamin@example.edu","Microsoft Barcelona"
"2815999","Yusuf Albayram","yusufalbayram@example.edu","Meta Sydney"
"2133061468","Endah P Haryono","endahpharyono@example.edu","Nvidia Sydney"
"34475405","Dario Augusto Borges Oliveira","darioaugustoborgesoliveira@example.edu","Amazon Paris"
"47191575","D. Semin","d.semin@example.edu","Microsoft Rome"
"143665229","S. Zaytsev","s.zaytsev@example.edu","Nvidia Berlin"
"9235290","Ali Taylan Cemgil","alitaylancemgil@example.edu","Meta Toronto"
"145053127","Sumedh Ghaisas","sumedhghaisas@example.edu","Meta Rome"
"1729912","K. Dvijotham","k.dvijotham@example.edu","University of Barcelona"
"2071666","Sven Gowal","svengowal@example.edu","Amazon Paris"
"143967473","Pushmeet Kohli","pushmeetkohli@example.edu","University of New York"
"1434898147","Ma Elena Fernández-Martínez","maelenafernández-martínez@example.edu","Meta Tokyo"
"2287386899","A. García-Holgado","a.garcía-holgado@example.edu","Amazon Tokyo"
"1398703160","M. Rodríguez-Conde","m.rodríguez-conde@example.edu","Nvidia Berlin"
"81087552","Noah Amsel","noahamsel@example.edu","Microsoft Tokyo"
"1407118826","Jordi Ros-Giralt","jordiros-giralt@example.edu","Amazon Tokyo"
"1471371109","Sruthi Yellamraju","sruthiyellamraju@example.edu","Meta London"
"46449010","J. Ezick","j.ezick@example.edu","University of Paris"
"2046896307","Brendan von Hofe","brendanvonhofe@example.edu","Nvidia Toronto"
"49941546","Alison Ryan","alisonryan@example.edu","Nvidia Sydney"
"1802881","R. Lethin","r.lethin@example.edu","Meta Rome"
"2106573","Chunshan Liu","chunshanliu@example.edu","University of Paris"
"40217176","Min Li","minli@example.edu","Microsoft Barcelona"
"3431691","Lou Zhao","louzhao@example.edu","Nvidia London"
"145438705","P. Whiting","p.whiting@example.edu","Meta Rome"
"145041415","S. Hanly","s.hanly@example.edu","Nvidia Paris"
"1710187","I. Collings","i.collings@example.edu","Amazon Paris"
"1758158","Minjian Zhao","minjianzhao@example.edu","Meta Tokyo"
"2116117692","Sandip Das","sandipdas@example.edu","Amazon Rome"
"2038740","Ayan Nandy","ayannandy@example.edu","University of Paris"
"2233231","Swami Sarvottamananda","swamisarvottamananda@example.edu","Microsoft Tokyo"
"10751841","V. Nath","v.nath@example.edu","Microsoft Rome"
"2122470","S. Pathak","s.pathak@example.edu","Nvidia Toronto"
"143667969","K. Schilling","k.schilling@example.edu","University of Rome"
"1600570032","W. Schneider","w.schneider@example.edu","Nvidia Berlin"
"2826716","Ahmed Y. Zakariya","ahmedy.zakariya@example.edu","Amazon Barcelona"
"3216025","Ahmed F. Tayel","ahmedf.tayel@example.edu","Meta Barcelona"
"2278174","S. Rabia","s.rabia@example.edu","Nvidia Sydney"
"2064008803","A. M. Mansour","a.m.mansour@example.edu","University of Sydney"
"66326872","Rohit B. Chaurasiya","rohitb.chaurasiya@example.edu","Amazon Toronto"
"37934378","R. Shrestha","r.shrestha@example.edu","Meta Tokyo"
"32791484","Shen Fu","shenfu@example.edu","Nvidia London"
"2064191776","Dong Qin","dongqin@example.edu","Nvidia Paris"
"144261500","D. Qiao","d.qiao@example.edu","Amazon New York"
"1758123","G. Amariucai","g.amariucai@example.edu","Microsoft Berlin"
"1659436886","Thuan Sarzynski","thuansarzynski@example.edu","University of Rome"
"4521383","X. Giam","x.giam@example.edu","Amazon Paris"
"145351037","Luis Carrasco","luiscarrasco@example.edu","Amazon Rome"
"2133419906","J. Lee","j.lee@example.edu","Amazon Paris"
"2109863087","Syogo Kobayashi","syogokobayashi@example.edu","Microsoft Toronto"
"3006429","Hiroki Nomiya","hirokinomiya@example.edu","Microsoft Paris"
"28975007","T. Hochin","t.hochin@example.edu","Nvidia Toronto"
"39213040","Sterett H. Mercer","steretth.mercer@example.edu","Microsoft Barcelona"
"47341769","Joanna Cannon","joannacannon@example.edu","University of New York"
"5204981","Bonita Squires","bonitasquires@example.edu","Nvidia Barcelona"
"2090554996","Ella Pinco","ellapinco@example.edu","University of New York"
"2144109479","Xu Zhang","xuzhang@example.edu","Nvidia Paris"
"2118048756","Kai Yang","kaiyang@example.edu","Meta Paris"
"2482656","Rongqi Zhang","rongqizhang@example.edu","Meta Berlin"
"1751942","Qilin Fan","qilinfan@example.edu","Nvidia Sydney"
"2112779420","Hong Tang","hongtang@example.edu","Nvidia Paris"
"2128816029","Zhan Ma","zhanma@example.edu","Nvidia Paris"
"2109624445","Astha Sharma","asthasharma@example.edu","University of Rome"
"1687728","T. Hoque","t.hoque@example.edu","University of Barcelona"
"2456955","Elias Ioup","eliasioup@example.edu","Microsoft Sydney"
"2928835","M. Abdelguerfi","m.abdelguerfi@example.edu","Nvidia Paris"
"2256311576","Huan Liu","huanliu@example.edu","Meta New York"
"2109041752","Haijiang Wang","haijiangwang@example.edu","University of London"
"1405959012","Huixian Gu","huixiangu@example.edu","Microsoft London"
"2212594","A. Melchiorre","a.melchiorre@example.edu","Microsoft Paris"
"144309515","L. Boschetti","l.boschetti@example.edu","Microsoft London"
"47404931","D. Roy","d.roy@example.edu","Amazon Tokyo"
"2062007","L. Mailaender","l.mailaender@example.edu","Meta Tokyo"
"1414294066","Arkady Molev-Shteiman","arkadymolev-shteiman@example.edu","Nvidia Berlin"
"2115902245","Xue-Hong Jiang","xue-hongjiang@example.edu","University of Berlin"
"6613767","Hui-Li Feng","hui-lifeng@example.edu","Nvidia Tokyo"
"1959814779","Yiyang Dong","yiyangdong@example.edu","Microsoft Barcelona"
"2090930410","Vikas J. Magar","vikasj.magar@example.edu","Meta Paris"
"66646473","Rajivkumar S. Mente","rajivkumars.mente@example.edu","Microsoft Tokyo"
"69007848","Hendy","hendy@example.edu","University of Barcelona"
"2007002342","A. N. Mudholifah","a.n.mudholifah@example.edu","Microsoft Sydney"
"1952776","K. Sugeng","k.sugeng@example.edu","University of Barcelona"
"48466117","M. Bača","m.bača@example.edu","Nvidia Barcelona"
"1398041673","A. Semaničová-Feňovčíková","a.semaničová-feňovčíková@example.edu","Meta New York"
"52601722","N. Zainudin","n.zainudin@example.edu","Microsoft Sydney"
"46628920","T. Latef","t.latef@example.edu","University of Tokyo"
"2242962765","N. K. Aridas","n.k.aridas@example.edu","Meta Barcelona"
"1985384","Yoshihide Yamada","yoshihideyamada@example.edu","Microsoft Paris"
"3371615","K. Kamardin","k.kamardin@example.edu","Amazon Barcelona"
"30924151","N. Rahman","n.rahman@example.edu","Amazon Paris"
"1423761039","S. Barburiceanu","s.barburiceanu@example.edu","University of London"
"1970096","R. Terebes","r.terebes@example.edu","Nvidia London"
"144021298","S. Meza","s.meza@example.edu","Microsoft Paris"
"2115598702","Kai Wu","kaiwu@example.edu","Nvidia Rome"
"50433354","Shun Xu","shunxu@example.edu","Nvidia New York"
"2056727732","Biao Wan","biaowan@example.edu","Microsoft Barcelona"
"3065363","P. Xiu","p.xiu@example.edu","Nvidia London"
"98320135","Xin Zhou","xinzhou@example.edu","Microsoft New York"
"2152912295","Jing Li","jingli@example.edu","Microsoft Rome"
"2112558580","Yang Weng","yangweng@example.edu","University of Paris"
"2108368171","Zhu Wang","zhuwang@example.edu","Microsoft New York"
"2147012410","Suyuan Gu","suyuangu@example.edu","Nvidia Tokyo"
"2090801524","Isnaini Rohayati","isnainirohayati@example.edu","Nvidia Rome"
"69842430","S. Sarwanto","s.sarwanto@example.edu","Nvidia Toronto"
"2090465630","N. S. Aminah","n.s.aminah@example.edu","Nvidia Toronto"
"31717083","Christian A. Webb","christiana.webb@example.edu","University of Tokyo"
"22471662","M. Hirshberg","m.hirshberg@example.edu","Nvidia Rome"
"118576023","R. Davidson","r.davidson@example.edu","Amazon Sydney"
"6383773","Simon B. Goldberg","simonb.goldberg@example.edu","Microsoft Tokyo"
"151077540","K. Mehmood","k.mehmood@example.edu","University of Tokyo"
"2377724","Katina Kralevska","katinakralevska@example.edu","University of New York"
"145971115","David Palma","davidpalma@example.edu","Amazon Tokyo"
"1687201","Guangxia Xu","guangxiaxu@example.edu","Nvidia Tokyo"
"1476829098","Daiqi Zhou","daiqizhou@example.edu","Amazon London"
"9756930","Jun Liu","junliu@example.edu","Nvidia Berlin"
"2116816371","Jiying Li","jiyingli@example.edu","University of Tokyo"
"2055130996","Tao He","taohe@example.edu","Amazon Berlin"
"2143418800","Wanjin Xu","wanjinxu@example.edu","University of Rome"
"2151699437","Junjie Bai","junjiebai@example.edu","Microsoft Toronto"
"1893334","Zhaoqing Pan","zhaoqingpan@example.edu","Nvidia Paris"
"2118684712","Weijie Yu","weijieyu@example.edu","Nvidia Sydney"
"143879230","Jianjun Lei","jianjunlei@example.edu","Amazon Tokyo"
"144515403","N. Ling","n.ling@example.edu","Amazon Sydney"
"1687386","S. Kwong","s.kwong@example.edu","Amazon Toronto"
"2116315500","Jangsaeng Kim","jangsaengkim@example.edu","Microsoft Paris"
"14627358","D. Kwon","d.kwon@example.edu","Microsoft Sydney"
"2315875","S. Woo","s.woo@example.edu","Meta Berlin"
"8880502","Won-Mook Kang","won-mookkang@example.edu","Amazon Toronto"
"12109942","Soochang Lee","soochanglee@example.edu","Amazon Toronto"
"8110046","Seongbin Oh","seongbinoh@example.edu","Amazon Berlin"
"22194507","Chul-Heung Kim","chul-heungkim@example.edu","Nvidia New York"
"12274858","J. Bae","j.bae@example.edu","Microsoft Tokyo"
"144890810","Byung-Gook Park","byung-gookpark@example.edu","Meta Berlin"
"97850279","Jong-Ho Lee","jong-holee@example.edu","University of Paris"
"2075165459","Kosuke Toda","kosuketoda@example.edu","Nvidia Rome"
"34173006","Naomi Kuze","naomikuze@example.edu","Nvidia Rome"
"1749345","T. Ushio","t.ushio@example.edu","Nvidia Tokyo"
"49598631","Jie Xie","jiexie@example.edu","Meta Sydney"
"2055735950","Kai Hu","kaihu@example.edu","Amazon Sydney"
"93422197","Ya Guo","yaguo@example.edu","Nvidia Toronto"
"14554248","Qibing Zhu","qibingzhu@example.edu","University of Berlin"
"2151481326","Jinghu Yu","jinghuyu@example.edu","Microsoft Sydney"
"39265883","A. Specian","a.specian@example.edu","Meta Sydney"
"144390486","Ross Mead","rossmead@example.edu","Nvidia Rome"
"2144272189","Simon Kim","simonkim@example.edu","Amazon Berlin"
"2062776414","Maja J. Matari'c","majaj.matari'c@example.edu","Microsoft Tokyo"
"144123129","Mark H. Yim","markh.yim@example.edu","University of Toronto"
"2894523","Eugenio Vocaturo","eugeniovocaturo@example.edu","Microsoft Sydney"
"1757723","E. Zumpano","e.zumpano@example.edu","Meta Sydney"
"3013763","Luciano Caroprese","lucianocaroprese@example.edu","Amazon Sydney"
"73775081","Y. Ammi","y.ammi@example.edu","Nvidia New York"
"13231443","L. Khaouane","l.khaouane@example.edu","Microsoft Rome"
"6313540","S. Hanini","s.hanini@example.edu","Microsoft London"
"1829777","Abdelouahab Belazoui","abdelouahabbelazoui@example.edu","Meta New York"
"31782512","Abdelmoutia Telli","abdelmoutiatelli@example.edu","Amazon Toronto"
"40442909","C. Arar","c.arar@example.edu","Nvidia Rome"
"19407585","P. Grudniewski","p.grudniewski@example.edu","University of Barcelona"
"143827685","A. Sobey","a.sobey@example.edu","Nvidia Sydney"
"119970229","N. Almazova","n.almazova@example.edu","Microsoft Barcelona"
"104076199","G. Barmparis","g.barmparis@example.edu","Amazon Paris"
"2064430370","G. P. Tsironis","g.p.tsironis@example.edu","Meta Toronto"
"113657943","Saleh Bajaba","salehbajaba@example.edu","University of Rome"
"2051711156","Khider Mandurah","khidermandurah@example.edu","University of London"
"46173902","M. Yamin","m.yamin@example.edu","Meta Paris"
"2764166","Qiyue Li","qiyueli@example.edu","Meta Paris"
"2111233926","Yuxing Deng","yuxingdeng@example.edu","Amazon Paris"
"19172169","Jinjin Ding","jinjinding@example.edu","Meta Barcelona"
"143779616","Wei Sun","weisun@example.edu","Microsoft Tokyo"
"2128137801","Weitao Li","weitaoli@example.edu","Meta Berlin"
"2118433269","Shanshan Chen","shanshanchen@example.edu","Nvidia Rome"
"2151243434","Xinxin Sun","xinxinsun@example.edu","Meta Barcelona"
"87977178","Luisa Dovale","luisadovale@example.edu","Meta Tokyo"
"2786034","E. Roa","e.roa@example.edu","Microsoft Rome"
"1700962957","Aleksandra Pawlicka","aleksandrapawlicka@example.edu","Nvidia Toronto"
"1749015","M. Choraś","m.choraś@example.edu","Nvidia London"
"1678485","R. Kozik","r.kozik@example.edu","Nvidia Paris"
"1700893781","M. Pawlicki","m.pawlicki@example.edu","Microsoft London"
"2056721044","Xinrui Ge","xinruige@example.edu","Nvidia Paris"
"46380550","Jia Yu","jiayu@example.edu","University of Berlin"
"2157325472","Fei Chen","feichen@example.edu","Nvidia Sydney"
"8550973","Fanyu Kong","fanyukong@example.edu","University of Barcelona"
"40245505","Huaqun Wang","huaqunwang@example.edu","Nvidia London"
"2265918051","Carlos Sánchez","carlossánchez@example.edu","University of Paris"
"1879314006","Evaristo José Madarro-Capó","evaristojosémadarro-capó@example.edu","Meta London"
"2389843681","Guillermo Sosa-Gómez","guillermososa-gómez@example.edu","Amazon Sydney"
"2304142","Aleksander Jarzębowicz","aleksanderjarzębowicz@example.edu","Nvidia Tokyo"
"3246790","Paweł Weichbroth","pawełweichbroth@example.edu","Meta Paris"
"2129564128","V. Karantaev","v.karantaev@example.edu","University of Tokyo"
"1486033312","V. Karpenko","v.karpenko@example.edu","Amazon London"
"48006397","B. Sjoberg","b.sjoberg@example.edu","University of Barcelona"
"34424610","S. Kalluri","s.kalluri@example.edu","Meta Tokyo"
"2065261323","Kai Peng","kaipeng@example.edu","University of Rome"
"26924116","Jiangtian Nie","jiangtiannie@example.edu","Amazon Rome"
"2143693445","Neeraj Kumar","neerajkumar@example.edu","Meta Toronto"
"2078691036","Chao Cai","chaocai@example.edu","Microsoft Sydney"
"145993626","Jiawen Kang","jiawenkang@example.edu","Nvidia Toronto"
"2943819","Zehui Xiong","zehuixiong@example.edu","University of Paris"
"2145954062","Yang Zhang","yangzhang@example.edu","Microsoft Rome"
"2141678942","Shotaro Gotanda","shotarogotanda@example.edu","Amazon Rome"
"1897551","Takahiro Shinagawa","takahiroshinagawa@example.edu","Microsoft Berlin"
"2110489216","Yanxia Li","yanxiali@example.edu","Meta New York"
"144152212","Y. Chai","y.chai@example.edu","University of Tokyo"
"1390966397","Han Zhou","hanzhou@example.edu","Amazon Tokyo"
"1727965","H. Yin","h.yin@example.edu","University of Tokyo"
"2152441778","Jing Wang","jingwang@example.edu","Amazon New York"
"2139142776","Tung Nguyen Van","tungnguyenvan@example.edu","Nvidia Barcelona"
"2139886881","Tien Le Hung","tienlehung@example.edu","University of Rome"
"24746746","T. Q. Truong","t.q.truong@example.edu","Amazon Toronto"
"145298798","S. Fuentes","s.fuentes@example.edu","Nvidia Berlin"
"30772377","E. Tongson","e.tongson@example.edu","Amazon Rome"
"21058844","R. Unnithan","r.unnithan@example.edu","Microsoft Sydney"
"13288046","Claudia Gonzalez Viejo","claudiagonzalezviejo@example.edu","Amazon Berlin"
"2110545019","Yuxiang Li","yuxiangli@example.edu","Amazon Berlin"
"2124776391","Pengpeng Su","pengpengsu@example.edu","Microsoft Rome"
"30691857","M. Cao","m.cao@example.edu","Meta Paris"
"3045932","Haoyao Chen","haoyaochen@example.edu","University of Rome"
"2110310817","Xin Jiang","xinjiang@example.edu","Nvidia London"
"46398631","Yunhui Liu","yunhuiliu@example.edu","Meta Berlin"
"80457697","Stefano Franzini","stefanofranzini@example.edu","Meta Rome"
"29738819","M. Stefano","m.stefano@example.edu","Nvidia Toronto"
"145107345","C. Micheletti","c.micheletti@example.edu","University of Toronto"
"3311548","Y. Shirota","y.shirota@example.edu","Meta New York"
"46617919","Akane Murakami","akanemurakami@example.edu","Meta Sydney"
"2060979427","P. Cambareri","p.cambareri@example.edu","Amazon Barcelona"
"6608622","C. de Falco","c.defalco@example.edu","Microsoft New York"
"33171367","L. Di Rienzo","l.dirienzo@example.edu","University of Berlin"
"31160235","P. Seri","p.seri@example.edu","Nvidia Sydney"
"31516317","G. Montanari","g.montanari@example.edu","University of Toronto"
"1591132058","Yichi Zhang","yichizhang@example.edu","Meta Paris"
"1720767190","Qingcheng Liao","qingchengliao@example.edu","Nvidia Barcelona"
"2143195404","Rushi Jiao","rushijiao@example.edu","University of Sydney"
"8776861","Jicong Zhang","jicongzhang@example.edu","Meta Toronto"
"145205243","S. Anjomshoae","s.anjomshoae@example.edu","Meta Tokyo"
"2304958760","Lili Jiang","lilijiang@example.edu","Nvidia Barcelona"
"31330786","Kary Främling","karyfrämling@example.edu","Meta Berlin"
"123658753","Dora Jambor","dorajambor@example.edu","Meta Paris"
"3335364","Dzmitry Bahdanau","dzmitrybahdanau@example.edu","Microsoft Berlin"
"1659009771","Javier Perez Tobia","javierpereztobia@example.edu","University of Rome"
"2174690","Apurva Narayan","apurvanarayan@example.edu","Meta Toronto"
"7454509","William DeMeo","williamdemeo@example.edu","University of London"
"2120190300","Qishen Han","qishenhan@example.edu","University of Berlin"
"2120223766","Sikai Ruan","sikairuan@example.edu","Amazon London"
"3374192","Yuqing Kong","yuqingkong@example.edu","Amazon Rome"
"2113950726","Ao Liu","aoliu@example.edu","Amazon New York"
"9130240","Farhad Mohsin","farhadmohsin@example.edu","Amazon New York"
"35276487","Lirong Xia","lirongxia@example.edu","Meta London"
"1753015689","Lea Morschel","leamorschel@example.edu","Amazon Rome"
"2133022765","Krishnaveni Chitrapu","krishnavenichitrapu@example.edu","Nvidia Paris"
"2897755","V. Garonne","v.garonne@example.edu","Amazon Rome"
"153401729","D. Litvintsev","d.litvintsev@example.edu","University of Rome"
"2141498358","S. Meyer","s.meyer@example.edu","University of Toronto"
"145564722","P. Millar","p.millar@example.edu","Nvidia New York"
"97776354","T. Mkrtchyan","t.mkrtchyan@example.edu","Microsoft Toronto"
"72077658","A. Rossi","a.rossi@example.edu","University of Paris"
"144355080","Marina Sahakyan","marinasahakyan@example.edu","Meta Tokyo"
"104261497","Renxiang Shi","renxiangshi@example.edu","Microsoft Sydney"
"2128722551","L. N","l.n@example.edu","Microsoft Tokyo"
"36064713","U. Surendra","u.surendra@example.edu","University of Sydney"
"51304340","M. M.","m.m.@example.edu","Microsoft Rome"
"6644408","J. Cabañas","j.cabañas@example.edu","Amazon Toronto"
"145518428","Á. Cuevas","á.cuevas@example.edu","Microsoft Toronto"
"6140312","R. C. Rumín","r.c.rumín@example.edu","Meta London"
"2056954014","Martin Maier","martinmaier@example.edu","Meta Rome"
"2155165369","Qin Wang","qinwang@example.edu","University of Barcelona"
"113980490","Fang-Ming Pan","fang-mingpan@example.edu","University of Tokyo"
"1389976160","N. Biller-Andorno","n.biller-andorno@example.edu","Meta Tokyo"
"1911151","A. Biller","a.biller@example.edu","Microsoft Rome"
"40997628","P. Hanzal","p.hanzal@example.edu","Microsoft Barcelona"
"47565220","P. Chládek","p.chládek@example.edu","University of New York"
"98462215","S. Aziz","s.aziz@example.edu","Meta Rome"
"144284673","S. R. M. Nasir","s.r.m.nasir@example.edu","Meta Paris"
"4907921","Urvashi Tandon","urvashitandon@example.edu","University of Rome"
"48498632","P. Chand","p.chand@example.edu","Meta Sydney"
"48003732","A. Mittal","a.mittal@example.edu","Amazon Paris"
"13731410","A. Shindin","a.shindin@example.edu","Amazon Tokyo"
"38775054","E. Sergeev","e.sergeev@example.edu","Amazon Berlin"
"15851277","S. Grach","s.grach@example.edu","University of Rome"
"2584134","G. Milikh","g.milikh@example.edu","Microsoft Barcelona"
"32394458","P. Bernhardt","p.bernhardt@example.edu","Meta London"
"31529424","C. Siefring","c.siefring@example.edu","University of Tokyo"
"40622354","M. McCarrick","m.mccarrick@example.edu","Nvidia London"
"2120317910","Yu. K. Legostaeva","yu.k.legostaeva@example.edu","Nvidia Sydney"
"38276130","Gabriel Hogan","gabrielhogan@example.edu","Nvidia Toronto"
"31179962","Mostafa Al‐Gabalawy","mostafaal‐gabalawy@example.edu","University of Paris"
"31722318","A. Quinn","a.quinn@example.edu","University of Barcelona"
"1404649715","V. Lopes-dos-Santos","v.lopes-dos-santos@example.edu","University of Rome"
"3409334","David Dupret","daviddupret@example.edu","Microsoft Rome"
"1692729","A. Nobre","a.nobre@example.edu","Microsoft Berlin"
"1813998","M. Woolrich","m.woolrich@example.edu","Amazon London"
"144397047","Masahiro Kato","masahirokato@example.edu","University of Rome"
"70622073","K. McAlinn","k.mcalinn@example.edu","Meta Rome"
"84233097","Shota Yasui","shotayasui@example.edu","Amazon Berlin"
"47853172","C. Ceccarini","c.ceccarini@example.edu","Amazon Toronto"
"1820387","S. Mirri","s.mirri@example.edu","Meta Sydney"
"1925089","P. Salomoni","p.salomoni@example.edu","University of Sydney"
"50227290","Catia Prandi","catiaprandi@example.edu","Nvidia Toronto"
"103802118","Zuhair Shakor Mahmood","zuhairshakormahmood@example.edu","Amazon Berlin"
"1450746431","A. Nasret","a.nasret@example.edu","University of Paris"
"27482891","O. Mahmood","o.mahmood@example.edu","Microsoft London"
"39107991","J. Horák","j.horák@example.edu","University of Barcelona"
"46679009","J. Kucera","j.kucera@example.edu","University of Sydney"
"1855452211","Taufiq Khairi Ahmad khairuddin","taufiqkhairiahmadkhairuddin@example.edu","Nvidia Tokyo"
"96869708","N. M. Yunos","n.m.yunos@example.edu","Amazon London"
"2014749429","Suzarina Ahmed Sukri","suzarinaahmedsukri@example.edu","University of London"
"2154369733","Hiba Chelabi","hibachelabi@example.edu","Nvidia Barcelona"
"2860683","Tarek Khadir","tarekkhadir@example.edu","Meta Berlin"
"2026478","B. Chikhaoui","b.chikhaoui@example.edu","University of Berlin"
"3218712","A. Telmoudi","a.telmoudi@example.edu","Meta Rome"
"3411672","S. Nabavi","s.nabavi@example.edu","Nvidia Berlin"
"31043248","S. Gill","s.gill@example.edu","University of Paris"
"2889350","Minxian Xu","minxianxu@example.edu","Amazon Toronto"
"2835378","Mohammad Masdari","mohammadmasdari@example.edu","University of Berlin"
"3052818","Peter Garraghan","petergarraghan@example.edu","Nvidia London"
"46283451","L. Arpaia","l.arpaia@example.edu","Meta Barcelona"
"144356416","H. Beaugendre","h.beaugendre@example.edu","Nvidia Sydney"
"102782231","L. Cirrottola","l.cirrottola@example.edu","University of Tokyo"
"102490993","A. Froehly","a.froehly@example.edu","Nvidia Tokyo"
"66973871","Marco Lorini","marcolorini@example.edu","Nvidia London"
"32640008","L. Nouveau","l.nouveau@example.edu","Meta Berlin"
"2361064","M. Ricchiuto","m.ricchiuto@example.edu","Meta Berlin"
"2285104271","O. Michael","o.michael@example.edu","Nvidia Paris"
"2118590164","Zhiyuan Li","zhiyuanli@example.edu","Nvidia Rome"
"2108147319","Mingyang Zhang","mingyangzhang@example.edu","Amazon Berlin"
"2153561195","Chunzeng Luo","chunzengluo@example.edu","Meta Barcelona"
"32024145","Shurun Tan","shuruntan@example.edu","University of Sydney"
"2653530","D. Kang","d.kang@example.edu","Nvidia Tokyo"
"2117891386","Sumin Li","suminli@example.edu","Microsoft Toronto"
"2894680","X. Pan","x.pan@example.edu","Meta Tokyo"
"2117126237","Qian Li","qianli@example.edu","Microsoft New York"
"152993384","Jina Park","jinapark@example.edu","Meta London"
"1872631","M. Jeon","m.jeon@example.edu","Amazon Toronto"
"66957611","A. Adamovich","a.adamovich@example.edu","Meta Tokyo"
"1962161","A. Klimov","a.klimov@example.edu","University of Rome"
"2143918089","Fengqing Du","fengqingdu@example.edu","Microsoft Rome"
"2116746444","Zhe Liu","zheliu@example.edu","Microsoft Paris"
"1657480349","Hongyuan Tao","hongyuantao@example.edu","Nvidia Toronto"
"2064633666","Huichun Hua","huichunhua@example.edu","Microsoft London"
"2144180539","Lifeng Zhang","lifengzhang@example.edu","University of Toronto"
"8573642","Anqin Zhang","anqinzhang@example.edu","Amazon Toronto"
"2192576631","Qizheng Liu","qizhengliu@example.edu","Amazon New York"
"2146321283","Ting Zhang","tingzhang@example.edu","University of Sydney"
"102691613","M. Anzidei","m.anzidei@example.edu","Nvidia London"
"15578110","G. Scicchitano","g.scicchitano@example.edu","Microsoft London"
"113672119","G. Scardino","g.scardino@example.edu","Amazon Paris"
"2076523","C. Bignami","c.bignami@example.edu","Nvidia Sydney"
"1826309","C. Tolomei","c.tolomei@example.edu","Meta Rome"
"36108143","A. Vecchio","a.vecchio@example.edu","Microsoft Sydney"
"1892650","E. Serpelloni","e.serpelloni@example.edu","Microsoft Barcelona"
"4047675","V. Santis","v.santis@example.edu","Amazon Rome"
"29181997","C. Monaco","c.monaco@example.edu","Microsoft Rome"
"118273495","M. Milella","m.milella@example.edu","University of London"
"95034329","A. Piscitelli","a.piscitelli@example.edu","Amazon Barcelona"
"95950388","G. Mastronuzzi","g.mastronuzzi@example.edu","University of Barcelona"
"2051333006","Christoph Capellaro","christophcapellaro@example.edu","Nvidia London"
"2416913","D. Maciel","d.maciel@example.edu","Amazon London"
"2080435284","Emidio Paiva","emidiopaiva@example.edu","Meta New York"
"10691332","K. Costa","k.costa@example.edu","Meta Paris"
"2087356130","Mathews P. S. Lima","mathewsp.s.lima@example.edu","Amazon London"
"2080437413","Vitor Lopes","vitorlopes@example.edu","Nvidia London"
"144535814","A. Neto","a.neto@example.edu","Amazon Toronto"
"2339040","Felipe S. Dantas Silva","felipes.dantassilva@example.edu","Nvidia Sydney"
"145391061","Silvio Sampaio","silviosampaio@example.edu","University of Berlin"
"29819798","C. Mateo","c.mateo@example.edu","Nvidia New York"
"2000246","J. Corrales","j.corrales@example.edu","Amazon Tokyo"
"1711766","Y. Mezouar","y.mezouar@example.edu","University of Toronto"
"151464534","Haider S. Najem","haiders.najem@example.edu","Nvidia Toronto"
"146286551","B. Munahi","b.munahi@example.edu","Nvidia Paris"
"30601434","Abdulbaki K. Ali","abdulbakik.ali@example.edu","Nvidia Toronto"
"90934547","Mengyao Xiao","mengyaoxiao@example.edu","Meta Berlin"
"2108672658","Xiaolong Li","xiaolongli@example.edu","Microsoft Sydney"
"2084600423","B. Ma","b.ma@example.edu","University of London"
"152899522","Xinpeng Zhang","xinpengzhang@example.edu","University of Rome"
"1517826311","Yao Zhao","yaozhao@example.edu","Amazon Paris"
"15001906","Jessica H. Porembka","jessicah.porembka@example.edu","University of Barcelona"
"48723885","R. Lee","r.lee@example.edu","Amazon Tokyo"
"8996875","Lucy B. Spalluto","lucyb.spalluto@example.edu","Meta Berlin"
"144323781","J. Yee","j.yee@example.edu","Nvidia New York"
"2753973","A. Krishnaraj","a.krishnaraj@example.edu","Meta New York"
"10738155","Sumbal Zaidi","sumbalzaidi@example.edu","Meta Rome"
"37159328","C. Brewington","c.brewington@example.edu","Meta Barcelona"
"96039938","Mariana Ondrusová","marianaondrusová@example.edu","Amazon Paris"
"2606880","I. Cimrák","i.cimrák@example.edu","University of London"
"40185455","Georgios Rizos","georgiosrizos@example.edu","Meta Paris"
"40399407","Alice Baird","alicebaird@example.edu","Nvidia Berlin"
"1380215298","Najla D. Al Futaisi","najlad.alfutaisi@example.edu","Amazon London"
"145411696","Björn Schuller","björnschuller@example.edu","Amazon Toronto"
"2251877","Marcus Behrendt","marcusbehrendt@example.edu","University of Paris"
"2959228","Bertram Wortelen","bertramwortelen@example.edu","Nvidia Toronto"
"2109400217","Zhentao Liu","zhentaoliu@example.edu","University of Rome"
"1935036223","Cheng-Shan Jiang","cheng-shanjiang@example.edu","Microsoft Paris"
"74747320","Si-Han Li","si-hanli@example.edu","Nvidia Sydney"
"144492514","Min Wu","minwu@example.edu","Nvidia Barcelona"
"2075436217","Weihua Cao","weihuacao@example.edu","Nvidia Paris"
"30632777","Man Hao","manhao@example.edu","Amazon Rome"
"5443525","S. De","s.de@example.edu","Meta Sydney"
"1619320501","Bo-Han Qiu","bo-hanqiu@example.edu","Microsoft London"
"2104144243","Wei-Xuan Bu","wei-xuanbu@example.edu","Meta Barcelona"
"1752581236","M. Baig","m.baig@example.edu","Nvidia Toronto"
"2037685405","C. Su","c.su@example.edu","University of Berlin"
"2109315906","Yao-Jen Lee","yao-jenlee@example.edu","Microsoft Sydney"
"7382670","D. Lu","d.lu@example.edu","Meta Barcelona"
"2025145026","Severin Laicher","severinlaicher@example.edu","Microsoft London"
"2047306644","Sinan Kurtyigit","sinankurtyigit@example.edu","University of Sydney"
"3449121","Dominik Schlechtweg","dominikschlechtweg@example.edu","Nvidia Tokyo"
"1716963","Jonas Kuhn","jonaskuhn@example.edu","University of Sydney"
"7965906","Sabine Schulte im Walde","sabineschulteimwalde@example.edu","Microsoft Toronto"
"103918159","Yaguang Gu","yaguanggu@example.edu","University of Toronto"
"2292805218","Zhen Gao","zhengao@example.edu","Meta London"
"46411801","G. Hu","g.hu@example.edu","Meta Tokyo"
"50492525","Peng Li","pengli@example.edu","Meta Tokyo"
"2142468376","Lifeng Wang","lifengwang@example.edu","University of Barcelona"
"1577172948","N. Kholidah","n.kholidah@example.edu","University of Tokyo"
"104098891","A. Qohar","a.qohar@example.edu","Nvidia Berlin"
"89292349","D. D. Silalahi","d.d.silalahi@example.edu","Microsoft Toronto"
"3439605","H. Midi","h.midi@example.edu","Meta Sydney"
"10684185","J. Arasan","j.arasan@example.edu","University of New York"
"72034253","M. Mustafa","m.mustafa@example.edu","Nvidia Barcelona"
"6107960","J. Caliman","j.caliman@example.edu","Microsoft Sydney"
"71709685","Congjun Mu","congjunmu@example.edu","Meta Toronto"
"1768762902","A. Nepomuceno","a.nepomuceno@example.edu","Nvidia London"
"36925765","P. Antunes","p.antunes@example.edu","Meta London"
"145377218","N. Alberto","n.alberto@example.edu","Meta Berlin"
"144194221","P. André","p.andré@example.edu","Nvidia Barcelona"
"30816947","H. Chi","h.chi@example.edu","University of Barcelona"
"145875480","A. Radwan","a.radwan@example.edu","Microsoft Berlin"
"8674179","M. F. Domingues","m.f.domingues@example.edu","Microsoft Barcelona"
"150176166","Karol Niewiadomski","karolniewiadomski@example.edu","Nvidia Sydney"
"2854961","D. Tutsch","d.tutsch@example.edu","University of Barcelona"
"1380420887","Jayamini Ranaweera","jayaminiranaweera@example.edu","Meta Toronto"
"100600220","M. Zanin","m.zanin@example.edu","Meta Sydney"
"12664174","D. Weaving","d.weaving@example.edu","Amazon Sydney"
"46480199","C. Withanage","c.withanage@example.edu","Microsoft Sydney"
"2305668878","Gregory Roe","gregoryroe@example.edu","Meta Rome"
"2128107798","Carlo Alfano","carloalfano@example.edu","University of Tokyo"
"2494252","Patrick Rebeschini","patrickrebeschini@example.edu","University of Tokyo"
"2637084","Riccardo Zese","riccardozese@example.edu","University of Rome"
"2232336","Giuseppe Cota","giuseppecota@example.edu","Amazon New York"
"27682056","L. Kalabarige","l.kalabarige@example.edu","Nvidia Paris"
"32484739","S. Rodda","s.rodda@example.edu","University of Sydney"
"3182463","Shanti Chilukuri","shantichilukuri@example.edu","University of New York"
"2108511528","J. H. Lee","j.h.lee@example.edu","Meta Paris"
"40211094","Michael J. Ostwald","michaelj.ostwald@example.edu","Meta Sydney"
"50619755","M. J. Kim","m.j.kim@example.edu","Microsoft London"
"2382980","Kyle Robert Harrison","kylerobertharrison@example.edu","Nvidia Rome"
"1401342593","Beatrice M. Ombuki-Berman","beatricem.ombuki-berman@example.edu","University of London"
"1725768","A. Engelbrecht","a.engelbrecht@example.edu","Amazon Sydney"
"3157588","S. Bouget","s.bouget@example.edu","Microsoft Rome"
"46527166","S. Raza","s.raza@example.edu","Nvidia Paris"
"52425950","Martin Furuhed","martinfuruhed@example.edu","Amazon Toronto"
"2160099","A. Dimopoulos","a.dimopoulos@example.edu","Nvidia New York"
"2291017802","K. Koukoutegos","k.koukoutegos@example.edu","Meta Rome"
"2856466","F. Psomopoulos","f.psomopoulos@example.edu","Nvidia Rome"
"2261635","P. Moulos","p.moulos@example.edu","University of London"
"51456715","Sheyang Tang","sheyangtang@example.edu","Microsoft Barcelona"
"143854143","M. S. Hosseini","m.s.hosseini@example.edu","Amazon Tokyo"
"2115513612","Lina Chen","linachen@example.edu","Meta Tokyo"
"50615258","Sonal Varma","sonalvarma@example.edu","University of Toronto"
"6963108","C. Rowsell","c.rowsell@example.edu","University of Berlin"
"13138926","S. Damaskinos","s.damaskinos@example.edu","Meta Rome"
"1705037","K. Plataniotis","k.plataniotis@example.edu","Microsoft New York"
"2107998590","Zhou Wang","zhouwang@example.edu","University of New York"
"2057254377","Na Shen","nashen@example.edu","Meta London"
"72520021","Sandro Speth","sandrospeth@example.edu","Microsoft Rome"
"2133419233","Niklas Krieger","niklaskrieger@example.edu","Amazon Barcelona"
"2168607","Uwe Breitenbücher","uwebreitenbücher@example.edu","Amazon New York"
"145379840","Steffen Becker","steffenbecker@example.edu","Nvidia Paris"
"2899178","Therdpong Daengsi","therdpongdaengsi@example.edu","University of Tokyo"
"2121510153","Pana Ungkap","panaungkap@example.edu","Nvidia Toronto"
"3179982","Pongpisit Wuttidittachotti","pongpisitwuttidittachotti@example.edu","Nvidia Rome"
"46690737","Dongping Cao","dongpingcao@example.edu","Meta Rome"
"2041846875","Jiachen Dang","jiachendang@example.edu","Microsoft Sydney"
"2023972375","Yong Zhong","yongzhong@example.edu","Amazon London"
"49039276","Wenhan Zhang","wenhanzhang@example.edu","Meta Toronto"
"145309490","Ming Feng","mingfeng@example.edu","Microsoft Barcelona"
"1741829","M. Krunz","m.krunz@example.edu","Microsoft Toronto"
"52174183","A. Y. Abyaneh","a.y.abyaneh@example.edu","Nvidia Rome"
"2128113403","Xiaohui Huang","xiaohuihuang@example.edu","Nvidia Rome"
"1850860081","Jixing Yang","jixingyang@example.edu","Microsoft Barcelona"
"1852092823","Wenbo Jin","wenbojin@example.edu","Microsoft Barcelona"
"1850970068","Yudong Fang","yudongfang@example.edu","Nvidia Sydney"
"2114844148","L. Cui","l.cui@example.edu","Meta Berlin"
"2035572365","E. Tokarchuk","e.tokarchuk@example.edu","Nvidia Sydney"
"24905818","Jan Rosendahl","janrosendahl@example.edu","University of New York"
"2108446987","Weiyue Wang","weiyuewang@example.edu","Nvidia Berlin"
"24043135","Pavel Petrushkov","pavelpetrushkov@example.edu","Microsoft Barcelona"
"2596604","Tomer Lancewicki","tomerlancewicki@example.edu","Microsoft Berlin"
"2490162","Shahram Khadivi","shahramkhadivi@example.edu","Microsoft New York"
"145322333","H. Ney","h.ney@example.edu","Nvidia Barcelona"
"37538156","Kellie Vella","kellievella@example.edu","Amazon Tokyo"
"3409615","Tshering Dema","tsheringdema@example.edu","University of Toronto"
"2181723","A. Soro","a.soro@example.edu","University of Barcelona"
"1720522","M. Brereton","m.brereton@example.edu","Nvidia Paris"
"66057386","Tyler M. Paine","tylerm.paine@example.edu","Amazon New York"
"1696120","L. Whitcomb","l.whitcomb@example.edu","University of Tokyo"
"2420278","Gabriela Ferraro","gabrielaferraro@example.edu","Meta Paris"
"2046252","B. Lam","b.lam@example.edu","Microsoft Berlin"
"103230999","S. Lockhart","s.lockhart@example.edu","University of Tokyo"
"2081908460","D. Gardner","d.gardner@example.edu","Meta Sydney"
"37622776","C. Woodward","c.woodward@example.edu","Microsoft London"
"2109771993","Stephen J. Thomas","stephenj.thomas@example.edu","Amazon Barcelona"
"2404759","Luke N. Olson","luken.olson@example.edu","Amazon Sydney"
"2131095894","Alberto Calzado-Martínez","albertocalzado-martínez@example.edu","Nvidia Sydney"
"120053367","A. Fernández","a.fernández@example.edu","Nvidia Tokyo"
"2185730092","Lidia M. Ortega-Alvarado","lidiam.ortega-alvarado@example.edu","Nvidia Toronto"
"68991961","L. Boeschoten","l.boeschoten@example.edu","University of New York"
"2088382473","Roos Voorvaart","roosvoorvaart@example.edu","Nvidia Sydney"
"114604978","Casper S. Kaandorp","caspers.kaandorp@example.edu","Microsoft Tokyo"
"119239577","Ruben van den Goorbergh","rubenvandengoorbergh@example.edu","University of Sydney"
"143760751","M. Vos","m.vos@example.edu","Meta Barcelona"
"2051654659","Rong-Ching Chang","rong-chingchang@example.edu","Meta New York"
"2912487","Chun-Ming Lai","chun-minglai@example.edu","University of New York"
"2304343599","Kaiju Chang","kaijuchang@example.edu","Nvidia Tokyo"
"2116763588","Chu-Hsing Lin","chu-hsinglin@example.edu","Microsoft Sydney"
"49504506","N. Agrawal","n.agrawal@example.edu","Nvidia Tokyo"
"2110199755","Ajeet K. Sharma","ajeetk.sharma@example.edu","Nvidia Sydney"
"153022193","Nicolas Herzig","nicolasherzig@example.edu","Microsoft Barcelona"
"2115589077","Joanna Jones","joannajones@example.edu","Nvidia Paris"
"1405459115","Eduardo R. Perez-Guagnelli","eduardor.perez-guagnelli@example.edu","University of Sydney"
"144568799","Dana D. Damian","danad.damian@example.edu","Meta Berlin"
"26424470","Shubhani Aggarwal","shubhaniaggarwal@example.edu","Nvidia Sydney"
"144996075","Neeraj Kumar","neerajkumar@example.edu","Amazon Sydney"
"24581663","A. Hurst","a.hurst@example.edu","University of New York"
"9296846","D. Lucani","d.lucani@example.edu","Amazon Sydney"
"2152057255","Ira Assent","iraassent@example.edu","University of New York"
"3368504","Andreas Fjellstad","andreasfjellstad@example.edu","Nvidia Sydney"
"2435896","Abhishek Bichhawat","abhishekbichhawat@example.edu","Meta Barcelona"
"46215575","M. McCall","m.mccall@example.edu","Microsoft Rome"
"144191105","Limin Jia","liminjia@example.edu","Microsoft Sydney"
"2286825530","Rob Stevenson","robstevenson@example.edu","University of Tokyo"
"102302125","Jan Westerdiep","janwesterdiep@example.edu","Amazon Tokyo"
"2155872066","Jie Li","jieli@example.edu","Meta London"
"2297551063","Liyu Yao","liyuyao@example.edu","Nvidia London"
"2155647218","Xin Li","xinli@example.edu","Meta Rome"
"2145581384","Ce Li","celi@example.edu","Meta Berlin"
"2155582540","Xianlong Wei","xianlongwei@example.edu","Meta New York"
"2115412637","Feng Yang","fengyang@example.edu","Meta Barcelona"
"28000040","Jee-Tae Park","jee-taepark@example.edu","Nvidia Toronto"
"51056263","Ui-Jun Baek","ui-junbaek@example.edu","Nvidia Rome"
"2003804483","Min-Seong Lee","min-seonglee@example.edu","Nvidia Berlin"
"1879425","Young-Hoon Goo","young-hoongoo@example.edu","Meta New York"
"2144501858","Sung-Ho Lee","sung-holee@example.edu","University of Toronto"
"1716614","Myung-Sup Kim","myung-supkim@example.edu","Amazon Tokyo"
"2188096","G. Ghiani","g.ghiani@example.edu","University of Toronto"
"2079082048","Andrea Manni","andreamanni@example.edu","Nvidia Tokyo"
"72903573","Emanuele Manni","emanuelemanni@example.edu","Amazon Paris"
"1698058849","Valentino Moretto","valentinomoretto@example.edu","Meta Toronto"
"148312427","V. Porokhnya","v.porokhnya@example.edu","Meta London"
"1729312005","V. Penev","v.penev@example.edu","Amazon Tokyo"
"147749258","Oleksandr Ostapenko","oleksandrostapenko@example.edu","Amazon Barcelona"
"10305789","M. J. Sarol","m.j.sarol@example.edu","Meta Sydney"
"145198825","Ly Dinh","lydinh@example.edu","Nvidia Berlin"
"3207378","Jana Diesner","janadiesner@example.edu","Microsoft Sydney"
"2202598968","H. Huang","h.huang@example.edu","University of New York"
"48670402","Xiaohui Xu","xiaohuixu@example.edu","Microsoft Tokyo"
"2118762295","Chunlin Tang","chunlintang@example.edu","Nvidia Barcelona"
"2237788523","Rod-Arnold A. Labarete","rod-arnolda.labarete@example.edu","Amazon Toronto"
"2057797485","J. Ortiz","j.ortiz@example.edu","Microsoft Rome"
"2237782098","Jocelyn Flores Villaverde","jocelynfloresvillaverde@example.edu","Nvidia Rome"
"32643561","Samriddha Sanyal","samriddhasanyal@example.edu","University of Berlin"
"22203177","Xin-Yi Tong","xin-yitong@example.edu","Nvidia Berlin"
"2113488135","T. Lu","t.lu@example.edu","Nvidia London"
"2661493","Chin-Ming Fu","chin-mingfu@example.edu","Amazon Tokyo"
"65938148","Chia-Chun Liao","chia-chunliao@example.edu","University of New York"
"2399676","Yu-Tso Lin","yu-tsolin@example.edu","Amazon New York"
"2109691280","Chih-Hsien Chang","chih-hsienchang@example.edu","Amazon Barcelona"
"39186430","K. Hsieh","k.hsieh@example.edu","University of Toronto"
"3276722","N. Maletic","n.maletic@example.edu","University of Paris"
"36885576","M. Eissa","m.eissa@example.edu","Meta London"
"1786041","L. Lopacinski","l.lopacinski@example.edu","Microsoft New York"
"2974902","V. Sark","v.sark@example.edu","Microsoft Toronto"
"153933912","J. Gutiérrez","j.gutiérrez@example.edu","Microsoft Berlin"
"2093212323","Qiao Peng","qiaopeng@example.edu","Nvidia Rome"
"134187810","Johny Matar","johnymatar@example.edu","Microsoft New York"
"3214961","Hicham El Khoury","hichamelkhoury@example.edu","University of Sydney"
"1720790","Jean-Claude Charr","jean-claudecharr@example.edu","Microsoft Rome"
"1765612","C. Guyeux","c.guyeux@example.edu","University of Rome"
"49211781","Nasim Ahmed","nasimahmed@example.edu","Amazon Barcelona"
"11316292","Ziaur Rahman Khan","ziaurrahmankhan@example.edu","Amazon Toronto"
"2069542822","Jingjing Mao","jingjingmao@example.edu","Microsoft Toronto"
"2114092480","Lv Wen","lvwen@example.edu","Microsoft Berlin"
"2143853347","Jing Yang","jingyang@example.edu","Amazon Berlin"
"2091996748","Da Zhi","dazhi@example.edu","Microsoft Berlin"
"35496337","Maedbh King","maedbhking@example.edu","Microsoft Rome"
"1401684904","C. Hernandez-Castillo","c.hernandez-castillo@example.edu","Amazon Paris"
"2935706","J. Diedrichsen","j.diedrichsen@example.edu","University of Sydney"
"90258957","J. Grüger","j.grüger@example.edu","Microsoft Toronto"
"2074392673","Tobias Geyer","tobiasgeyer@example.edu","Meta Sydney"
"2066556299","M. Kuhn","m.kuhn@example.edu","University of Toronto"
"2054089930","Stephan Braun","stephanbraun@example.edu","Meta Paris"
"145550612","R. Bergmann","r.bergmann@example.edu","Microsoft Rome"
"32813107","L. Q. Anh","l.q.anh@example.edu","Microsoft Barcelona"
"92138836","T. Q. Duy","t.q.duy@example.edu","Meta Barcelona"
"2180013","L. Muu","l.muu@example.edu","Nvidia Tokyo"
"2074830379","Truong Van Tri","truongvantri@example.edu","Meta Paris"
"47756678","Jingying Hu","jingyinghu@example.edu","Microsoft Paris"
"49080524","Shiqi Yang","shiqiyang@example.edu","Amazon Sydney"
"2107916962","Yaxing Wang","yaxingwang@example.edu","University of Berlin"
"2820687","Joost van de Weijer","joostvandeweijer@example.edu","Microsoft Paris"
"143603281","Luis Herranz","luisherranz@example.edu","University of New York"
"114581743","Shangling Jui","shanglingjui@example.edu","Amazon London"
"65808197","Jingzhi Tu","jingzhitu@example.edu","Nvidia New York"
"2053224984","Gang Mei","gangmei@example.edu","University of Paris"
"1784067","F. Piccialli","f.piccialli@example.edu","Microsoft Toronto"
"40934857","Takanori Isobe","takanoriisobe@example.edu","Amazon Barcelona"
"2245757","Ryoma Ito","ryomaito@example.edu","Nvidia Barcelona"
"152270990","Yingli Pan","yinglipan@example.edu","Meta Barcelona"
"1453924341","Zhanxu Liu","zhanxuliu@example.edu","Meta Sydney"
"21665893","Jessica Prinz","jessicaprinz@example.edu","University of London"
"5860536","Eshkol Rafaeli","eshkolrafaeli@example.edu","Nvidia Paris"
"2109930238","Jana Wasserheß","janawasserheß@example.edu","Amazon Barcelona"
"143615959","W. Lutz","w.lutz@example.edu","Nvidia Berlin"
"1943164513","N. Bayat","n.bayat@example.edu","University of Rome"
"1752873904","Vahid Reza Khazaie","vahidrezakhazaie@example.edu","Nvidia Sydney"
"1998054277","Andrew Keyes","andrewkeyes@example.edu","Amazon Rome"
"49318589","Y. Mohsenzadeh","y.mohsenzadeh@example.edu","Meta Berlin"
"48676147","Ludovica Sacco","ludovicasacco@example.edu","Meta Rome"
"1789397","D. Ienco","d.ienco@example.edu","Microsoft Sydney"
"2125780","R. Interdonato","r.interdonato@example.edu","Microsoft Paris"
"1572766139","I. Zaidi","i.zaidi@example.edu","Nvidia Barcelona"
"1692018","A. Oulamara","a.oulamara@example.edu","University of Toronto"
"3482237","L. Idoumghar","l.idoumghar@example.edu","Nvidia New York"
"143954109","M. Basset","m.basset@example.edu","University of Toronto"
"3198182","Shinobu Kudo","shinobukudo@example.edu","University of New York"
"3366445","Shota Orihashi","shotaorihashi@example.edu","Microsoft New York"
"48324309","Ryuichi Tanida","ryuichitanida@example.edu","Microsoft Sydney"
"1803014","Seishi Takamura","seishitakamura@example.edu","Microsoft Sydney"
"34073980","H. Kimata","h.kimata@example.edu","Meta Tokyo"
"1978726850","O. Ivashchuk","o.ivashchuk@example.edu","University of Berlin"
"31230324","I. Ostroumov","i.ostroumov@example.edu","Microsoft Barcelona"
"88625827","V. Chandrasekar","v.chandrasekar@example.edu","Amazon Berlin"
"144132043","C. Radhakrishnan","c.radhakrishnan@example.edu","Microsoft Toronto"
"2471799","S. Reising","s.reising@example.edu","Microsoft Barcelona"
"48423474","W. Berg","w.berg@example.edu","Amazon Tokyo"
"35248836","Shannon T. Brown","shannont.brown@example.edu","University of Paris"
"2594675","S. Tanelli","s.tanelli@example.edu","Meta London"
"39560837","O. Sy","o.sy@example.edu","Amazon London"
"31963940","G. Sacco","g.sacco@example.edu","Meta Sydney"
"34035325","Hiroki Furuhata","hirokifuruhata@example.edu","Meta Sydney"
"144710424","K. Araki","k.araki@example.edu","Microsoft Tokyo"
"2700215","Taisuke Ogawa","taisukeogawa@example.edu","University of Sydney"
"2054108830","Liam Schoneveld","liamschoneveld@example.edu","Amazon Berlin"
"2739515","Alice Othmani","aliceothmani@example.edu","University of New York"
"51436507","Hazem Abdelkawy","hazemabdelkawy@example.edu","Amazon London"
"2081776","W. K. Mashwani","w.k.mashwani@example.edu","Microsoft Toronto"
"2370525593","R. Haider","r.haider@example.edu","Microsoft New York"
"102804035","S. Belhaouari","s.belhaouari@example.edu","Amazon New York"
"3000041","S. Ferré","s.ferré@example.edu","Nvidia Barcelona"
"2089761905","L. Zeng","l.zeng@example.edu","Amazon Berlin"
"2108081238","Yonghua Wang","yonghuawang@example.edu","Nvidia Barcelona"
"2076484191","Asminah Rachmi","asminahrachmi@example.edu","Amazon London"
"2229702561","Tri Istining Wardani","triistiningwardani@example.edu","University of Sydney"
"2229927304","Kartika DS Susilowati","kartikadssusilowati@example.edu","Meta Toronto"
"72787270","N. Shetty","n.shetty@example.edu","Microsoft London"
"50767869","R. L. Chakrasali","r.l.chakrasali@example.edu","Microsoft Rome"
"46905645","Y. Fassin","y.fassin@example.edu","Amazon London"
"47410275","T. Fujimoto","t.fujimoto@example.edu","Meta Paris"
"2058328762","N. Otsuka","n.otsuka@example.edu","University of London"
"51175803","Chai-Eu Guan","chai-euguan@example.edu","University of Tokyo"
"2066348490","Robin San Roman","robinsanroman@example.edu","Meta London"
"3436681","Eliya Nachmani","eliyanachmani@example.edu","Nvidia Sydney"
"48519520","Lior Wolf","liorwolf@example.edu","Nvidia Toronto"
"3644401","B. Nath","b.nath@example.edu","Nvidia Barcelona"
"1401011550","W. Ni-Meister","w.ni-meister@example.edu","Nvidia New York"
"2146711174","Bin Chen","binchen@example.edu","Microsoft Berlin"
"145314891","Zhiwu Huang","zhiwuhuang@example.edu","Nvidia Paris"
"143861536","Rui Zhang","ruizhang@example.edu","Meta Berlin"
"46193985","Weirong Liu","weirongliu@example.edu","Amazon Rome"
"49404191","Heng Li","hengli@example.edu","Nvidia Toronto"
"2152445075","Jing Wang","jingwang@example.edu","Microsoft Barcelona"
"8767958","Yunsheng Fan","yunshengfan@example.edu","Nvidia Toronto"
"143839368","Jun Peng","junpeng@example.edu","University of Toronto"
"51124223","Kirill Ragozin","kirillragozin@example.edu","Amazon Rome"
"2156174952","Xiaru Meng","xiarumeng@example.edu","Microsoft Rome"
"2041477","R. Peiris","r.peiris@example.edu","University of Barcelona"
"97362676","Katrin Wolf","katrinwolf@example.edu","Nvidia Rome"
"143656424","G. Chernyshov","g.chernyshov@example.edu","Amazon Sydney"
"143973307","K. Kunze","k.kunze@example.edu","Meta Paris"
"48661484","Xinxing Wu","xinxingwu@example.edu","University of Berlin"
"2156633653","Tao Wang","taowang@example.edu","Microsoft London"
"1762182","Peide Liu","peideliu@example.edu","Meta London"
"8774937","G. Çaylı","g.çaylı@example.edu","Microsoft Tokyo"
"2115462408","Xu Zhang","xuzhang@example.edu","Microsoft Sydney"
"34704689","Udit Mittal","uditmittal@example.edu","University of Tokyo"
"9304874","Abhilasha Pawar","abhilashapawar@example.edu","Meta Barcelona"
"35474393","Gunjan Varshney","gunjanvarshney@example.edu","Amazon Paris"
"2072073873","Y. Yadav","y.yadav@example.edu","Amazon Paris"
"2111335543","Rahul Sharma","rahulsharma@example.edu","Nvidia Berlin"
"2132176967","Satyajeet","satyajeet@example.edu","University of Sydney"
"2606799","Penghui Huang","penghuihuang@example.edu","Microsoft London"
"11001043","Zihao Zou","zihaozou@example.edu","Meta Paris"
"144229533","X. Xia","x.xia@example.edu","Amazon Rome"
"1690695","Xingzhao Liu","xingzhaoliu@example.edu","Amazon London"
"145976124","G. Liao","g.liao@example.edu","University of Paris"
"36839092","Zhihui Xin","zhihuixin@example.edu","Meta Sydney"
"2058372362","Sarah R Andersson","sarahrandersson@example.edu","Meta Berlin"
"2054702397","Sarah Hassanen","sarahhassanen@example.edu","Amazon Berlin"
"2054704191","Amos M Momanyi","amosmmomanyi@example.edu","Meta Sydney"
"151381952","D. K. Onyango","d.k.onyango@example.edu","Microsoft Rome"
"2054700855","Daniel K Gatwechi","danielkgatwechi@example.edu","Amazon Berlin"
"1397207555","Mercy Lutukai","mercylutukai@example.edu","Nvidia Berlin"
"2054702281","Karen O Aura","karenoaura@example.edu","Amazon Toronto"
"2054701713","Alex M Mungai","alexmmungai@example.edu","Nvidia Barcelona"
"3468148","Y. Chandani","y.chandani@example.edu","Microsoft Toronto"
"152411829","Thien Nguyen","thiennguyen@example.edu","University of London"
"2174314","Dmitry I. Lyakh","dmitryi.lyakh@example.edu","Amazon Toronto"
"34296116","R. Pooser","r.pooser@example.edu","Meta London"
"2054708","T. Humble","t.humble@example.edu","Meta Rome"
"2295708","T. Proctor","t.proctor@example.edu","Microsoft Berlin"
"2707503","M. Sarovar","m.sarovar@example.edu","University of Rome"
"48865984","Kaidi Cao","kaidicao@example.edu","Amazon Toronto"
"2312031","Maria Brbic","mariabrbic@example.edu","Microsoft Sydney"
"1702139","J. Leskovec","j.leskovec@example.edu","Meta Barcelona"
"133616629","Aleksei Krylov","alekseikrylov@example.edu","Amazon Toronto"
"2405573","A. Rashich","a.rashich@example.edu","Microsoft Rome"
"2755772","Dmitrii K. Fadeev","dmitriik.fadeev@example.edu","Meta Sydney"
"2138412819","Kirill Sinjutin","kirillsinjutin@example.edu","University of Rome"
"2061298","V. Bellandi","v.bellandi@example.edu","Amazon Berlin"
"1734072","P. Ceravolo","p.ceravolo@example.edu","Meta Tokyo"
"1443738204","Samira Maghool","samiramaghool@example.edu","Amazon Barcelona"
"2149930742","Margherita Pindaro","margheritapindaro@example.edu","University of Rome"
"1897785","S. Siccardi","s.siccardi@example.edu","University of London"
"2144978935","A. Kamath","a.kamath@example.edu","Microsoft Sydney"
"2120128348","Bharath Kumar","bharathkumar@example.edu","Nvidia New York"
"2093204008","S. Aggarwal","s.aggarwal@example.edu","Microsoft Rome"
"66517007","Subramanian Parameswaran","subramanianparameswaran@example.edu","University of Paris"
"35705542","Mukesh Goyal","mukeshgoyal@example.edu","Nvidia Paris"
"49973962","P. Lonkar","p.lonkar@example.edu","Nvidia Rome"
"2091866610","Somasunder Sreenath","somasundersreenath@example.edu","Meta Sydney"
"2338094687","J. Alam","j.alam@example.edu","Meta Berlin"
"1741744","Daniela E. Damian","danielae.damian@example.edu","Meta Toronto"
"3211695","Johan Linåker","johanlinåker@example.edu","University of Barcelona"
"2150446978","David Johnson","davidjohnson@example.edu","Microsoft Sydney"
"2326533","T. Clear","t.clear@example.edu","Amazon Toronto"
"1715864","Kelly Blincoe","kellyblincoe@example.edu","Amazon Toronto"
"2116785303","Zhimin Li","zhiminli@example.edu","Amazon Toronto"
"47829900","Fan Yang","fanyang@example.edu","Nvidia Barcelona"
"2150790639","Tian Tan","tiantan@example.edu","University of Berlin"
"2116676677","Xu Lu","xulu@example.edu","Meta Barcelona"
"2136088293","Jie Tian","jietian@example.edu","Amazon Barcelona"
"10170508","D. Allegra","d.allegra@example.edu","Microsoft Berlin"
"1802481976","Mattia Litrico","mattialitrico@example.edu","Amazon Toronto"
"2141795441","Maria Ausilia Napoli Spatafora","mariaausilianapolispatafora@example.edu","Amazon Berlin"
"2577760","F. Stanco","f.stanco@example.edu","Amazon Tokyo"
"1729739","G. Farinella","g.farinella@example.edu","University of Sydney"
"2028256528","D. Luo","d.luo@example.edu","Amazon Rome"
"2075368470","J. Tong","j.tong@example.edu","Nvidia Toronto"
"2153647554","Xing Zhang","xingzhang@example.edu","Nvidia Paris"
"2148893277","Xue-chun Xiao","xue-chunxiao@example.edu","University of Rome"
"16139053","Shuai Bian","shuaibian@example.edu","University of Barcelona"
"2135731602","Haoyu Zhang","haoyuzhang@example.edu","Nvidia London"
"153411327","Zhen Zhong","zhenzhong@example.edu","University of London"
"2055961353","Guobao Xiao","guobaoxiao@example.edu","Amazon Berlin"
"2099978229","Kun Zeng","kunzeng@example.edu","Nvidia Barcelona"
"47672719","Shiping Wang","shipingwang@example.edu","University of London"
"2060429542","István Varga","istvánvarga@example.edu","Microsoft Sydney"
"50347055","Yuta Hayashibe","yutahayashibe@example.edu","Microsoft Paris"
"2314229","I. Glauche","i.glauche@example.edu","Meta Sydney"
"2064108279","Carsten Marr","carstenmarr@example.edu","Meta Sydney"
"1384522991","Zanqiu Shen","zanqiushen@example.edu","Amazon Rome"
"47792700","Jianshe Ma","jianshema@example.edu","Meta London"
"145023211","Ping Su","pingsu@example.edu","Nvidia London"
"1490700288","Amanda Breckner","amandabreckner@example.edu","University of Toronto"
"1490698210","Catharina Roth","catharinaroth@example.edu","Nvidia Rome"
"3012644","J. Szecsenyi","j.szecsenyi@example.edu","Meta Rome"
"10135213","M. Wensing","m.wensing@example.edu","Microsoft Toronto"
"51170193","Amine Barrak","aminebarrak@example.edu","University of Barcelona"
"3379298","Ellis E. Eghan","ellise.eghan@example.edu","Meta Sydney"
"143612725","Bram Adams","bramadams@example.edu","Nvidia Rome"
"27821608","Jafar Mahmoudi","jafarmahmoudi@example.edu","University of Tokyo"
"34813077","Trevor L. Buckner","trevorl.buckner@example.edu","Microsoft Sydney"
"1400632409","Rebecca Kramer‐Bottiglio","rebeccakramer‐bottiglio@example.edu","Microsoft Rome"
"101746993","M. Rani","m.rani@example.edu","Amazon London"
"1650197150","Kalpna Guleria","kalpnaguleria@example.edu","Amazon Toronto"
"152779201","S. Panda","s.panda@example.edu","University of Tokyo"
"7397276","Chamandeep Kaur","chamandeepkaur@example.edu","Microsoft London"
"2109205704","Preeti Singh","preetisingh@example.edu","Meta Barcelona"
"34709429","Amandeep Bisht","amandeepbisht@example.edu","Microsoft Toronto"
"3426940","G. Joshi","g.joshi@example.edu","Amazon London"
"1737377","S. Agrawal","s.agrawal@example.edu","Nvidia Berlin"
"2381456671","A. Perera","a.perera@example.edu","Nvidia Sydney"
"2148576194","I.K.P.H. Indikadulle","i.k.p.h.indikadulle@example.edu","Meta New York"
"2269584876","S.D. Perera","s.d.perera@example.edu","Microsoft Rome"
"144645335","L. Gomes","l.gomes@example.edu","Microsoft Barcelona"
"1419686067","Ekta Sharma","ektasharma@example.edu","Amazon Sydney"
"144848281","A. Souza","a.souza@example.edu","Amazon Paris"
"144279278","A. Serrano","a.serrano@example.edu","Microsoft Paris"
"1479588019","G. Rheder","g.rheder@example.edu","Nvidia Paris"
"3406799","E. Pistono","e.pistono@example.edu","Microsoft Paris"
"2587229","P. Ferrari","p.ferrari@example.edu","Nvidia Paris"
"2229044","S. Bourdel","s.bourdel@example.edu","University of Berlin"
"1380140627","Yoo Ho Son","yoohoson@example.edu","University of Barcelona"
"2118987168","Goo-Young Kim","goo-youngkim@example.edu","Amazon Sydney"
"30902853","Hyeonnam Kim","hyeonnamkim@example.edu","Meta New York"
"72606352","Chanmo Jun","chanmojun@example.edu","Nvidia Paris"
"144640726","S. Noh","s.noh@example.edu","Nvidia Barcelona"
"2130329707","M. Rusanen","m.rusanen@example.edu","University of Barcelona"
"89150026","S. Myllymaa","s.myllymaa@example.edu","University of Sydney"
"1397003459","Laura Kalevo","laurakalevo@example.edu","Nvidia London"
"3730049","Katja Myllymaa","katjamyllymaa@example.edu","Amazon London"
"2876006","J. Töyräs","j.töyräs@example.edu","Meta Berlin"
"31766632","T. Leppänen","t.leppänen@example.edu","University of Rome"
"148070543","S. Kainulainen","s.kainulainen@example.edu","Amazon Tokyo"
"144117202","Rong Fu","rongfu@example.edu","Meta Rome"
"73636991","Vincent Monardo","vincentmonardo@example.edu","Amazon London"
"2527990","Tianyao Huang","tianyaohuang@example.edu","University of Tokyo"
"2108053135","Yimin Liu","yiminliu@example.edu","University of Sydney"
"39056493","Ron Schindler","ronschindler@example.edu","Nvidia Sydney"
"2614483","C. Flannagan","c.flannagan@example.edu","Microsoft Rome"
"50194404","A. Bálint","a.bálint@example.edu","University of Sydney"
"49967891","Giulio Bianchi Piccinini","giuliobianchipiccinini@example.edu","Microsoft Barcelona"
"2552277","Yuedou Pan","yuedoupan@example.edu","University of Barcelona"
"2024236711","Guoqing Cai","guoqingcai@example.edu","University of Tokyo"
"83132798","Sylvain Daronnat","sylvaindaronnat@example.edu","Microsoft Sydney"
"1716332","L. Azzopardi","l.azzopardi@example.edu","Microsoft London"
"1767534","Martin Halvey","martinhalvey@example.edu","Amazon Paris"
"153329452","Mateusz Dubiel","mateuszdubiel@example.edu","University of Rome"
"1790073","M. Ingalhalikar","m.ingalhalikar@example.edu","Nvidia Tokyo"
"116506705","Sumeet Shinde","sumeetshinde@example.edu","Microsoft Tokyo"
"2092490343","Arnav Karmarkar","arnavkarmarkar@example.edu","Nvidia Berlin"
"144010127","Archith Rajan","archithrajan@example.edu","Nvidia Paris"
"3064304","D. Rangaprakash","d.rangaprakash@example.edu","Meta New York"
"143879680","G. Deshpande","g.deshpande@example.edu","University of New York"
"2044359322","D. Cassanelli","d.cassanelli@example.edu","University of Barcelona"
"1823104","S. Cattini","s.cattini@example.edu","Amazon Berlin"
"2122983513","Giorgio Di Loro","giorgiodiloro@example.edu","Nvidia Paris"
"26946409","L. D. Cecilia","l.d.cecilia@example.edu","University of Rome"
"2071029042","L. Ferrari","l.ferrari@example.edu","Amazon New York"
"47759147","D. Goldoni","d.goldoni@example.edu","Microsoft Rome"
"145872396","L. Rovati","l.rovati@example.edu","University of Paris"
"2173007353","Yiwen Chen","yiwenchen@example.edu","University of Paris"
"2118939836","Lingyun Zhu","lingyunzhu@example.edu","Meta New York"
"2109556508","Saurav Kumar","sauravkumar@example.edu","Meta Tokyo"
"145843121","P. Sumathi","p.sumathi@example.edu","Nvidia Berlin"
"2022404080","Sanjay Kumar","sanjaykumar@example.edu","Meta London"
"2064889460","Abhishek Mallik","abhishekmallik@example.edu","Meta Toronto"
"2124419002","Anavi Khetarpal","anavikhetarpal@example.edu","Amazon Tokyo"
"34775605","B. S. Panda","b.s.panda@example.edu","University of Tokyo"
"51881112","A. Fluhrer","a.fluhrer@example.edu","Meta Rome"
"1848327","T. Jagdhuber","t.jagdhuber@example.edu","Microsoft New York"
"2288973","Alireza Tabatabaeenejad","alirezatabatabaeenejad@example.edu","Meta Sydney"
"1826072","S. H. Alemohammad","s.h.alemohammad@example.edu","Microsoft Berlin"
"3123876","C. Montzka","c.montzka@example.edu","Nvidia Berlin"
"144654603","P. Friedl","p.friedl@example.edu","Microsoft Sydney"
"2484078","E. Forootan","e.forootan@example.edu","Meta Rome"
"2294846","H. Kunstmann","h.kunstmann@example.edu","Nvidia Berlin"
"2075328618","Viet Hung Nguyen","viethungnguyen@example.edu","Nvidia Berlin"
"2065907235","Ngoc Nam Pham","ngocnampham@example.edu","Microsoft Tokyo"
"145511287","T. Thang","t.thang@example.edu","Microsoft Tokyo"
"2172237421","Duy Tien Bui","duytienbui@example.edu","Microsoft Rome"
"2182986922","Huu-Thanh Nguyen","huu-thanhnguyen@example.edu","Microsoft Paris"
"2154125279","T. Truong","t.truong@example.edu","Microsoft Tokyo"
"30912082","J. Dočekal","j.dočekal@example.edu","Nvidia London"
"1581132851","Jakub Rozlivek","jakubrozlivek@example.edu","University of Rome"
"145564537","Jiri Matas","jirimatas@example.edu","Microsoft New York"
"3216789","M. Hoffmann","m.hoffmann@example.edu","Amazon Rome"
"119726210","G. Butkovskaya","g.butkovskaya@example.edu","University of Barcelona"
"104799711","E. Krasnov","e.krasnov@example.edu","Meta Toronto"
"10146147","Laura Poplawski Ma","laurapoplawskima@example.edu","University of Berlin"
"2080904680","Christopher Eck","christophereck@example.edu","Meta Barcelona"
"2062482630","David Duran","davidduran@example.edu","Microsoft Tokyo"
"2525112","S. Zabele","s.zabele@example.edu","University of Paris"
"2202568651","Marina Gurevich","marinagurevich@example.edu","University of Sydney"
"40396821","G. Lauer","g.lauer@example.edu","Meta Sydney"
"1471431374","Zhengliang Zhu","zhengliangzhu@example.edu","Amazon Barcelona"
"2198039930","Weiwang Chen","weiwangchen@example.edu","Meta Paris"
"2182230504","Bruno Santos F. Silva","brunosantosf.silva@example.edu","Microsoft New York"
"1405598963","Márjory Da Costa-Abreu","márjorydacosta-abreu@example.edu","Amazon London"
"2182290895","Mingyue Wang","mingyuewang@example.edu","University of Rome"
"2182406639","Jiaqi Li","jiaqili@example.edu","Amazon London"
"2087535942","Yuyu Jia","yuyujia@example.edu","Nvidia Rome"
"2182562164","Zhenhuan Sun","zhenhuansun@example.edu","Microsoft Paris"
"2116662323","Yuhang Liu","yuhangliu@example.edu","Nvidia New York"
"2182485794","Teng Li","tengli@example.edu","Amazon Rome"
"2182415141","Song Liu","songliu@example.edu","Microsoft New York"
"2413018","Lukasz Szpruch","lukaszszpruch@example.edu","Microsoft Paris"
"150325164","Tanut Treetanthiploet","tanuttreetanthiploet@example.edu","Amazon Tokyo"
"2145056051","Yufei Zhang","yufeizhang@example.edu","Nvidia Sydney"
"143773131","Chen Cao","chencao@example.edu","University of Rome"
"145386542","T. Simon","t.simon@example.edu","Microsoft Berlin"
"2178647329","Jin Kyu Kim","jinkyukim@example.edu","Meta London"
"40116153","Gabriel Schwartz","gabrielschwartz@example.edu","Amazon New York"
"2065899365","Michael Zollhoefer","michaelzollhoefer@example.edu","Microsoft London"
"1645244475","Shunsuke Saito","shunsukesaito@example.edu","University of Paris"
"153360678","Stephen Lombardi","stephenlombardi@example.edu","Amazon Tokyo"
"2797981","S. Wei","s.wei@example.edu","Microsoft Berlin"
"2081622530","Danielle Belko","daniellebelko@example.edu","University of Barcelona"
"143642520","Shoou-I Yu","shoou-iyu@example.edu","Nvidia Paris"
"1774867","Yaser Sheikh","yasersheikh@example.edu","Microsoft Sydney"
"2398245","Jason M. Saragih","jasonm.saragih@example.edu","Amazon Berlin"
"46935802","Hao Liu","haoliu@example.edu","Meta London"
"9153980","Bahare Kiumarsi","baharekiumarsi@example.edu","Amazon Rome"
"13248016","Yusuf Kartal","yusufkartal@example.edu","Nvidia Berlin"
"3277894","A. T. Koru","a.t.koru@example.edu","Amazon Berlin"
"2204634","H. Modares","h.modares@example.edu","Amazon Sydney"
"144441675","F. Lewis","f.lewis@example.edu","Amazon Barcelona"
"2126872628","Anna Harbluk Lorimer","annaharbluklorimer@example.edu","Nvidia Berlin"
"1800154","N. Feamster","n.feamster@example.edu","Microsoft Sydney"
"143615345","Prateek Mittal","prateekmittal@example.edu","Microsoft Sydney"
"10223431","J. Klingemann","j.klingemann@example.edu","University of London"
"10687602","Łukasz Wieczorek","łukaszwieczorek@example.edu","University of Tokyo"
"144218436","K. Qureshi","k.qureshi@example.edu","Microsoft Sydney"
"2247853213","Adi Alhudhaif","adialhudhaif@example.edu","Nvidia London"
"2187342556","Moeen Azahar","moeenazahar@example.edu","Amazon Tokyo"
"46872757","Ibrahim Tariq Javed","ibrahimtariqjaved@example.edu","Amazon New York"
"31444174","Gwanggil Jeon","gwanggiljeon@example.edu","Microsoft London"
"2191500366","Ki-Nam Kim","ki-namkim@example.edu","Nvidia Tokyo"
"2136006125","W. Ko","w.ko@example.edu","Meta Berlin"
"2136132361","Jun-Ho Byun","jun-hobyun@example.edu","University of Tokyo"
"2191509705","Do-Yeon Lee","do-yeonlee@example.edu","Amazon Rome"
"95888020","J. Jeong","j.jeong@example.edu","University of Paris"
"2109188048","H. Lee","h.lee@example.edu","Nvidia Toronto"
"5838239","Ga-Won Lee","ga-wonlee@example.edu","Microsoft Toronto"
"49344384","B. Bentsen","b.bentsen@example.edu","Nvidia Toronto"
"37487199","R. Lontis","r.lontis@example.edu","Meta Berlin"
"2904869","M. Gaihede","m.gaihede@example.edu","Meta Barcelona"
"69892195","Ásgerdur Arna Pálsdóttir","ásgerdurarnapálsdóttir@example.edu","Amazon London"
"2375760","L. Struijk","l.struijk@example.edu","Nvidia Toronto"
"6676851","D. Schokker","d.schokker@example.edu","Microsoft London"
"66964851","M. Poppe","m.poppe@example.edu","Meta New York"
"114501062","J. ten Napel","j.tennapel@example.edu","University of Tokyo"
"144373046","I. Athanasiadis","i.athanasiadis@example.edu","Amazon New York"
"48122048","C. Kamphuis","c.kamphuis@example.edu","Nvidia Tokyo"
"4558683","R. Veerkamp","r.veerkamp@example.edu","Microsoft Rome"
"2042004651","S. Rachel","s.rachel@example.edu","Nvidia Paris"
"2144269398","Pravin Kumar P","pravinkumarp@example.edu","Microsoft Berlin"
"2125265030","Y. B","y.b@example.edu","Meta Rome"
"5783387","G. D. Crescenzo","g.d.crescenzo@example.edu","Amazon Tokyo"
"28285069","Matluba Khodjaeva","matlubakhodjaeva@example.edu","Nvidia Berlin"
"2093472879","Delaram Kahrobaei","delaramkahrobaei@example.edu","Amazon Sydney"
"2477955","V. Shpilrain","v.shpilrain@example.edu","Nvidia Rome"
"39539991","Kiwoon Kwon","kiwoonkwon@example.edu","Meta Berlin"
"98129471","Zhengran Lu","zhengranlu@example.edu","University of Barcelona"
"1392396316","Chao Guo","chaoguo@example.edu","Amazon Paris"
"2072703090","Charlene K. Chu","charlenek.chu@example.edu","Amazon Barcelona"
"80378192","Rune Nyrup","runenyrup@example.edu","Meta Toronto"
"1805974389","Simon Donato-Woodger","simondonato-woodger@example.edu","Meta Barcelona"
"47925242","Kathleen Leslie","kathleenleslie@example.edu","Nvidia Barcelona"
"2152490051","Shehroz S. Khan","shehrozs.khan@example.edu","Meta London"
"2175682841","Corinne Bernett","corinnebernett@example.edu","University of Barcelona"
"4307282","A. Grenier","a.grenier@example.edu","Amazon Berlin"
"2159008991","Hannon Shepard","hannonshepard@example.edu","Meta New York"
"2114085260","Michael Young","michaelyoung@example.edu","Microsoft Barcelona"
"1936237","Billy Kihei","billykihei@example.edu","Nvidia Tokyo"
"2150191474","L. Pereira","l.pereira@example.edu","Amazon Toronto"
"33327424","J. Correia","j.correia@example.edu","Meta Toronto"
"107861160","J. Sequeiros","j.sequeiros@example.edu","Amazon Toronto"
"150161215","J. Santos","j.santos@example.edu","Microsoft Toronto"
"2149711879","Carlos M. Jerónimo","carlosm.jerónimo@example.edu","Amazon Barcelona"
"1490528902","Guy Laban","guylaban@example.edu","Nvidia Toronto"
"1971821","Sébastien Le Maguer","sébastienlemaguer@example.edu","Microsoft New York"
"2109502862","Minha Lee","minhalee@example.edu","University of Tokyo"
"2150503","Dimosthenis Kontogiorgos","dimostheniskontogiorgos@example.edu","Meta London"
"31031511","Samantha Reig","samanthareig@example.edu","Meta Paris"
"1996210170","Ilaria Torre","ilariatorre@example.edu","University of New York"
"2087926","Ravi Tejwani","ravitejwani@example.edu","Nvidia Tokyo"
"34588657","M. Dennis","m.dennis@example.edu","Nvidia London"
"11845717","André Pereira","andrépereira@example.edu","Amazon London"
"1471651910","Haobo Xu","haoboxu@example.edu","University of Toronto"
"2108795677","Yuxin Yang","yuxinyang@example.edu","Amazon New York"
"2129832639","Feng Min","fengmin@example.edu","Microsoft Barcelona"
"2118227176","Ju Huang","juhuang@example.edu","Nvidia Tokyo"
"2116124200","Xiaoming Chen","xiaomingchen@example.edu","Amazon Berlin"
"2276854","Yinhe Han","yinhehan@example.edu","Amazon London"
"145550877","Ninghui Sun","ninghuisun@example.edu","Nvidia Rome"
"2242703827","Shuchang Zhang","shuchangzhang@example.edu","Microsoft Rome"
"145582211","Duanpo Wu","duanpowu@example.edu","Meta Sydney"
"50442443","Lurong Jiang","lurongjiang@example.edu","Meta Tokyo"
"2149170343","Xinyu Jin","xinyujin@example.edu","University of London"
"151202646","Shuwei Cen","shuweicen@example.edu","Amazon Berlin"
"3227812","Fuqing Zhao","fuqingzhao@example.edu","Microsoft New York"
"2052379198","Haizhu Bao","haizhubao@example.edu","Meta Paris"
"2151978954","Ling Wang","lingwang@example.edu","Microsoft Rome"
"1471660477","Tianpeng Xu","tianpengxu@example.edu","Meta Paris"
"1491163960","N. Zhu","n.zhu@example.edu","University of London"
"2551855","Jonrinaldi","jonrinaldi@example.edu","Microsoft Rome"
"26950252","B. Rajapandian","b.rajapandian@example.edu","Microsoft Sydney"
"2138586155","S. Premalatha","s.premalatha@example.edu","University of New York"
"83978392","S. Sivakumar","s.sivakumar@example.edu","Nvidia Paris"
"2169004495","A. Vimonisha","a.vimonisha@example.edu","Nvidia Tokyo"
"2091042193","K. Abirami","k.abirami@example.edu","University of Barcelona"
"2141949082","Pierre Lambert","pierrelambert@example.edu","University of Tokyo"
"144798472","Rebecca Marion","rebeccamarion@example.edu","Nvidia Barcelona"
"90496510","J. Albert","j.albert@example.edu","Nvidia Rome"
"2199751772","Emmanuel Jean","emmanueljean@example.edu","Amazon Sydney"
"2199753887","Sacha Corbugy","sachacorbugy@example.edu","University of Toronto"
"24288498","Cyril de Bodt","cyrildebodt@example.edu","University of Paris"
"2158583100","M. Kirisci","m.kirisci@example.edu","University of London"
"2126635311","Ozge Cagcag Yolcu","ozgecagcagyolcu@example.edu","Amazon Berlin"
"2179709834","Jay A. Mackenzie","jaya.mackenzie@example.edu","Microsoft London"
"2296732578","Megan J. Miller","meganj.miller@example.edu","Microsoft Rome"
"2609367","M. Olufsen","m.olufsen@example.edu","University of Toronto"
"2361909683","Nicholas A. Hill","nicholasa.hill@example.edu","Meta Barcelona"
"144298226","M. Zaheri","m.zaheri@example.edu","Microsoft Rome"
"2141335406","Zhuang Li","zhuangli@example.edu","Microsoft Tokyo"
"98177814","Y. Li","y.li@example.edu","Microsoft Sydney"
"2145213876","Yanping Wang","yanpingwang@example.edu","Microsoft Rome"
"2192009","Yun Lin","yunlin@example.edu","Meta Rome"
"2106225906","Wenjie Shen","wenjieshen@example.edu","Meta Paris"
"49917175","Anne Schulz","anneschulz@example.edu","University of Sydney"
"145408552","R. Fletcher","r.fletcher@example.edu","University of New York"
"2212978","R. Nielsen","r.nielsen@example.edu","Amazon Sydney"
"6450121","L. Carmi","l.carmi@example.edu","Nvidia Barcelona"
"2181210864","Mishael Zohar","mishaelzohar@example.edu","University of Tokyo"
"153462795","Gianluigi M. Riva","gianluigim.riva@example.edu","Microsoft New York"
"2422228752","G. Swathi","g.swathi@example.edu","Nvidia Paris"
"2180179437","G. Kumar","g.kumar@example.edu","University of Paris"
"2122670724","A.P. Siva Kumar","a.p.sivakumar@example.edu","Nvidia Tokyo"
"150938362","Behnam Ojaghi","behnamojaghi@example.edu","Nvidia Berlin"
"1756234","F. Adelantado","f.adelantado@example.edu","Nvidia London"
"2364578","A. Antonopoulos","a.antonopoulos@example.edu","Meta Berlin"
"145804197","C. Verikoukis","c.verikoukis@example.edu","Microsoft London"
"40805728","Pouria A. Mistani","pouriaa.mistani@example.edu","Microsoft Barcelona"
"89972030","Samira Pakravan","samirapakravan@example.edu","University of Toronto"
"2121355885","Rajesh Ilango","rajeshilango@example.edu","Nvidia Berlin"
"89330148","Frédéric Gibou","frédéricgibou@example.edu","University of New York"
"2195639928","J. L. Aeberhard","j.l.aeberhard@example.edu","Microsoft Tokyo"
"48359293","Anda Radan","andaradan@example.edu","Meta Sydney"
"1397904342","R. Delgado-Gonzalo","r.delgado-gonzalo@example.edu","Microsoft London"
"2184504234","K. Strahm","k.strahm@example.edu","Microsoft London"
"1972387119","Halla Sigurthorsdottir","hallasigurthorsdottir@example.edu","University of Sydney"
"2067749358","S. Schneider","s.schneider@example.edu","Microsoft Berlin"
"2068981183","D. Surbek","d.surbek@example.edu","Amazon Rome"
"6141546","R. Kender","r.kender@example.edu","Nvidia London"
"2067471156","Florian Kaufmann","floriankaufmann@example.edu","Meta Tokyo"
"2083838923","F. Rößler","f.rößler@example.edu","Microsoft Paris"
"38818767","Bernd Wunderlich","berndwunderlich@example.edu","Microsoft Rome"
"2061398898","D. Golubev","d.golubev@example.edu","Microsoft Sydney"
"2054642784","Ingo Thomas","ingothomas@example.edu","University of Toronto"
"143708015","A. Ecker","a.ecker@example.edu","Nvidia Berlin"
"15002588","S. Rehfeldt","s.rehfeldt@example.edu","University of New York"
"2119435513","Harald Klein","haraldklein@example.edu","Nvidia London"
"1391031207","H. Tang","h.tang@example.edu","Microsoft Berlin"
"2093202288","Yanan Qiao","yananqiao@example.edu","Microsoft Sydney"
"2158030820","Fan Yang","fanyang@example.edu","Amazon Toronto"
"2054379856","Bowen Cai","bowencai@example.edu","University of Berlin"
"117423675","R. Gao","r.gao@example.edu","Meta New York"
"40382728","M. Sretenovic","m.sretenovic@example.edu","University of Paris"
"48485495","P. Lauren","p.lauren@example.edu","Meta Barcelona"
"2157842686","Wen Li","wenli@example.edu","Amazon Sydney"
"2150638150","Junfei Xu","junfeixu@example.edu","Nvidia Barcelona"
"1819450790","Qi Chen","qichen@example.edu","Amazon Paris"
"2155469181","Wei Zhang","weizhang@example.edu","Microsoft Rome"
"2112266945","Xiaoguang Xu","xiaoguangxu@example.edu","University of Rome"
"2111787017","Z. Fu","z.fu@example.edu","Microsoft Tokyo"
"2155524451","Jian Chen","jianchen@example.edu","Microsoft Barcelona"
"2107969689","Saijuan Chen","saijuanchen@example.edu","Meta London"
"143957826","Yun Tan","yuntan@example.edu","Nvidia Barcelona"
"40211557","J. Agajo","j.agajo@example.edu","Meta New York"
"2116299418","S. Thomas","s.thomas@example.edu","Microsoft Sydney"
"2102268268","N. Gafai","n.gafai@example.edu","Meta Berlin"
"2173942905","Shadrach Sule","shadrachsule@example.edu","Meta Tokyo"
"2173942291","Eneji Ali","enejiali@example.edu","Meta New York"
"2173942885","Paul Tizhe","paultizhe@example.edu","Meta Berlin"
"2081831346","Dragan Golubović","dragangolubović@example.edu","Amazon Toronto"
"46428397","M. Erić","m.erić@example.edu","Nvidia Toronto"
"2390623","N. Vukmirović","n.vukmirović@example.edu","Amazon Berlin"
"3269662","E. Etien","e.etien@example.edu","Meta Tokyo"
"80057274","Thierry Doget","thierrydoget@example.edu","University of Toronto"
"9236823","L. Rambault","l.rambault@example.edu","Meta Paris"
"3000648","S. Cauet","s.cauet@example.edu","Microsoft Berlin"
"3499584","A. Sakout","a.sakout@example.edu","Meta Toronto"
"32427271","S. Moreau","s.moreau@example.edu","Nvidia New York"
"2052284267","S. Kanazawa","s.kanazawa@example.edu","Meta London"
"2328155","T. Shindo","t.shindo@example.edu","Microsoft Tokyo"
"98278768","Mingche Chen","mingchechen@example.edu","Meta Toronto"
"1996374","Y. Nakanishi","y.nakanishi@example.edu","University of Sydney"
"2181811791","Hirotaka Nakamura","hirotakanakamura@example.edu","Nvidia Toronto"
"145679503","M. Landa","m.landa@example.edu","University of Barcelona"
"36496903","L. Brodský","l.brodský@example.edu","Meta Barcelona"
"2587864","L. Halounová","l.halounová@example.edu","University of London"
"2173383571","Tomáš Bouček","tomášbouček@example.edu","University of Paris"
"97619850","O. Pešek","o.pešek@example.edu","Amazon Toronto"
"2133571","Bochra Boughzala","bochraboughzala@example.edu","Meta Tokyo"
"2111677493","Christoph Gärtner","christophgärtner@example.edu","University of Toronto"
"1807668","B. Koldehofe","b.koldehofe@example.edu","Microsoft Berlin"
"2139762849","Xiaofeng Yu","xiaofengyu@example.edu","Meta Rome"
"2108657002","Yiqing Zhang","yiqingzhang@example.edu","University of Paris"
"49470570","Xiaoxue Zhang","xiaoxuezhang@example.edu","Nvidia Toronto"
"2155030474","Zhang Yang","zhangyang@example.edu","University of London"
"47746980","Tao Ping","taoping@example.edu","University of Barcelona"
"2113668452","Liu Rui","liurui@example.edu","Meta Barcelona"
"2182544740","Xianghong Li","xianghongli@example.edu","Meta Berlin"
"2057879690","L. Ran","l.ran@example.edu","Meta London"
"2183576695","Yaping Li","yapingli@example.edu","Nvidia Sydney"
"2066355040","Yang Guang","yangguang@example.edu","Microsoft Sydney"
"2211016240","Yuan Hong","yuanhong@example.edu","University of London"
"5686992","Leon Yao","leonyao@example.edu","Nvidia Toronto"
"40144526","Caroline Lo","carolinelo@example.edu","Amazon London"
"2074246020","I. Nir","i.nir@example.edu","Microsoft Berlin"
"145176257","S. Tan","s.tan@example.edu","University of London"
"2169942927","Ariel Evnine","arielevnine@example.edu","University of Rome"
"1977806","Adam Lerer","adamlerer@example.edu","Microsoft Sydney"
"1970752","A. Peysakhovich","a.peysakhovich@example.edu","Nvidia Paris"
"2155843733","Yidong Huang","yidonghuang@example.edu","Microsoft Tokyo"
"2110411583","Qiuyue Xu","qiuyuexu@example.edu","Amazon Tokyo"
"2190479789","Yao Liu","yaoliu@example.edu","Meta Barcelona"
"46748091","Chunlin Xu","chunlinxu@example.edu","Amazon London"
"1684230","Shengli Wu","shengliwu@example.edu","Nvidia Toronto"
"1944871289","Salvador V. Balkus","salvadorv.balkus@example.edu","University of New York"
"3355567","Donghui Yan","donghuiyan@example.edu","University of Barcelona"
"2109867723","Song Zhu","songzhu@example.edu","University of Barcelona"
"2143443001","Yu Gao","yugao@example.edu","Microsoft London"
"2118739932","Yuxin Hou","yuxinhou@example.edu","Amazon London"
"46962558","Chunyu Yang","chunyuyang@example.edu","Amazon Sydney"
"2189464566","Ahmad Almaksour","ahmadalmaksour@example.edu","Amazon Barcelona"
"2189463352","Hadi Gerges","hadigerges@example.edu","Amazon Barcelona"
"35373752","S. Gorecki","s.gorecki@example.edu","Microsoft Toronto"
"1678479","G. Zacharewicz","g.zacharewicz@example.edu","Amazon London"
"51235696","J. Possik","j.possik@example.edu","Microsoft London"
"2057611300","Songsong Xiong","songsongxiong@example.edu","Amazon Toronto"
"69533920","H. Kasaei","h.kasaei@example.edu","Microsoft Sydney"
"34501523","Dongshu Wang","dongshuwang@example.edu","Microsoft Rome"
"2110749577","Shuli Chen","shulichen@example.edu","Meta Paris"
"2378882603","Yuhang Hu","yuhanghu@example.edu","Microsoft Rome"
"2152044199","Lei Liu","leiliu@example.edu","Nvidia Rome"
"1390775340","Heshan Wang","heshanwang@example.edu","Microsoft New York"
"2112134932","Shailesh Mishra","shaileshmishra@example.edu","University of Sydney"
"104323907","Jonathan Granskog","jonathangranskog@example.edu","Nvidia Sydney"
"2109070782","Zhuofei Xu","zhuofeixu@example.edu","University of Tokyo"
"2395563520","Chanchan Zhang","chanchanzhang@example.edu","Microsoft Sydney"
"3332277","Shanhui Liu","shanhuiliu@example.edu","Microsoft Tokyo"
"2124775961","Wu Zhang","wuzhang@example.edu","Meta Toronto"
"2119596584","Yafeng Zhang","yafengzhang@example.edu","Amazon Barcelona"
"31168333","Azarakhsh Keipour","azarakhshkeipour@example.edu","Meta Rome"
"3339788","Roy Laurens","roylaurens@example.edu","Microsoft Toronto"
"98702062","Edo Christianto","edochristianto@example.edu","Microsoft Toronto"
"3339101","Bruce D. Caulkins","bruced.caulkins@example.edu","Meta Toronto"
"1705877","C. Zou","c.zou@example.edu","University of Paris"
"49408564","Weitao Jiang","weitaojiang@example.edu","University of Barcelona"
"101829183","Wei Zhou","weizhou@example.edu","University of London"
"145030935","Haifeng Hu","haifenghu@example.edu","Microsoft London"
"2047517602","Yuyan Ge","yuyange@example.edu","Amazon Paris"
"1759679","Zhenyu Tang","zhenyutang@example.edu","Meta Paris"
"2109705507","Lei Ma","leima@example.edu","Microsoft London"
"2136180304","Caiwen Jiang","caiwenjiang@example.edu","University of London"
"1686093","Feng Shi","fengshi@example.edu","Meta New York"
"144410771","S. Du","s.du@example.edu","Microsoft New York"
"2112477074","Dinggang Shen","dinggangshen@example.edu","Meta New York"
"143959908","Hannah Bast","hannahbast@example.edu","Meta Berlin"
"102403072","J. Kalmbach","j.kalmbach@example.edu","Microsoft New York"
"2106191623","Theresa Klumpp","theresaklumpp@example.edu","University of London"
"27218388","F. Kramer","f.kramer@example.edu","Microsoft London"
"34190967","N. Schnelle","n.schnelle@example.edu","Nvidia New York"
"143701176","Knut Hinkelmann","knuthinkelmann@example.edu","Nvidia London"
"2109247625","Sajjad Ahmed","sajjadahmed@example.edu","Nvidia London"
"1695958","F. Corradini","f.corradini@example.edu","Nvidia Berlin"
"2149267449","Jinglin Wu","jinglinwu@example.edu","Microsoft Paris"
"2168200555","Shiqi Liang","shiqiliang@example.edu","Meta Sydney"
"145039211","Ning Bi","ningbi@example.edu","Meta Barcelona"
"2411428614","Jun Tan","juntan@example.edu","Nvidia Paris"
"2276675020","K. Sepp","k.sepp@example.edu","Amazon Paris"
"2318070930","Vasilos Ionut Ciobanu","vasilosionutciobanu@example.edu","Amazon New York"
"2162446116","Ali Forghani Elah Abadi","aliforghanielahabadi@example.edu","Amazon Sydney"
"2262901","S. A. Asghari","s.a.asghari@example.edu","Microsoft Sydney"
"2068016","Mohammadreza Binesh Marvasti","mohammadrezabineshmarvasti@example.edu","Nvidia Rome"
"2820701","Golnoush Abaei","golnoushabaei@example.edu","Amazon Berlin"
"1490934493","Morteza Nabavi","mortezanabavi@example.edu","Nvidia London"
"1756949","Y. Savaria","y.savaria@example.edu","Amazon Tokyo"
"1401658911","Sameh Abd-Elhaleem","samehabd-elhaleem@example.edu","Meta London"
"117460428","Walaa Shoeib","walaashoeib@example.edu","Nvidia Tokyo"
"66444638","Abdel Azim Sobaih","abdelazimsobaih@example.edu","Meta Paris"
"30692558","Guanxue Yang","guanxueyang@example.edu","Microsoft Tokyo"
"2144522159","Chunnian Wang","chunnianwang@example.edu","Microsoft Rome"
"2149523295","Guanxiao Yang","guanxiaoyang@example.edu","University of Rome"
"2191019976","Viola Dwicha Asda","violadwichaasda@example.edu","Amazon New York"
"2215435904","Eka Frima Asda","ekafrimaasda@example.edu","Meta London"
"2312937471","Fikri Aulia","fikriaulia@example.edu","Nvidia Rome"
"2362147187","Ahmad Asdi","ahmadasdi@example.edu","Meta Barcelona"
"2285039181","R. Jamal","r.jamal@example.edu","Microsoft Rome"
"2265461649","Zhifeng Xiao","zhifengxiao@example.edu","Meta New York"
"121844189","Jianing Zhi","jianingzhi@example.edu","Amazon Rome"
"39189434","B. Keskin","b.keskin@example.edu","University of Paris"
"1961222159","V. Oliseenko","v.oliseenko@example.edu","Nvidia Tokyo"
"35206935","M. Abramov","m.abramov@example.edu","University of Berlin"
"35354357","Yuanpeng Xu","yuanpengxu@example.edu","University of Barcelona"
"2223102426","Ronghang Liao","ronghangliao@example.edu","Meta Barcelona"
"48480393","Junwei Sun","junweisun@example.edu","University of New York"
"1412243445","Antonio Bono","antoniobono@example.edu","Meta Rome"
"1403415918","L. D’Alfonso","l.d’alfonso@example.edu","Amazon New York"
"2355311","G. Fedele","g.fedele@example.edu","University of New York"
"1992903632","Anselmo Filice","anselmofilice@example.edu","Meta New York"
"1704256","E. Natalizio","e.natalizio@example.edu","Meta Berlin"
"2238453174","Ariana Polyviou","arianapolyviou@example.edu","Microsoft Barcelona"
"2798252","E. Zamani","e.zamani@example.edu","University of Paris"
"2109060876","Bailing Zhou","bailingzhou@example.edu","Meta Rome"
"2199360558","Maolin Ding","maolinding@example.edu","Amazon Barcelona"
"2199601963","Jing Feng","jingfeng@example.edu","Nvidia Barcelona"
"2071197697","Baohua Ji","baohuaji@example.edu","Meta Rome"
"2119408004","Pingping Huang","pingpinghuang@example.edu","Microsoft Toronto"
"50561785","Junye Zhang","junyezhang@example.edu","Amazon Tokyo"
"2199522381","Xue Yu","xueyu@example.edu","Microsoft Berlin"
"50082887","Zanxia Cao","zanxiacao@example.edu","Meta Toronto"
"7607711","Yuedong Yang","yuedongyang@example.edu","Amazon New York"
"2150666690","Yaoqi Zhou","yaoqizhou@example.edu","Meta Barcelona"
"2109655451","Jihua Wang","jihuawang@example.edu","Meta Toronto"
"2108126458","Yanyi Wang","yanyiwang@example.edu","Nvidia Sydney"
"2146361033","Weiping Li","weipingli@example.edu","Microsoft Paris"
"2110857236","Junjie Ding","junjieding@example.edu","Nvidia Sydney"
"2108001295","Jiao Zhang","jiaozhang@example.edu","Microsoft Rome"
"2108636529","Feng Wang","fengwang@example.edu","Nvidia London"
"2146562831","Chen Wang","chenwang@example.edu","Amazon Paris"
"2157761848","Li Zhao","lizhao@example.edu","Meta Toronto"
"152598568","Cuiwei Liu","cuiweiliu@example.edu","University of Toronto"
"143847532","Wen Zhou","wenzhou@example.edu","University of Tokyo"
"2155521834","Jianguo Yu","jianguoyu@example.edu","Amazon Paris"
"2136348628","M. Lei","m.lei@example.edu","Amazon London"
"2152183705","Min Zhu","minzhu@example.edu","Amazon Tokyo"
"2087912375","F. Zhao","f.zhao@example.edu","Amazon New York"
"50812078","Jianjun Yu","jianjunyu@example.edu","Meta Sydney"
"2580412","A. Falcone","a.falcone@example.edu","Amazon London"
"1764116","A. Garro","a.garro@example.edu","University of Barcelona"
"3458610","M. Mukhametzhanov","m.mukhametzhanov@example.edu","Microsoft New York"
"1713953","Y. Sergeyev","y.sergeyev@example.edu","Meta London"
"1746514","Marco Picone","marcopicone@example.edu","Meta Rome"
"1715670","M. Mamei","m.mamei@example.edu","Amazon Rome"
"1684412","F. Zambonelli","f.zambonelli@example.edu","Nvidia London"
"3143150","I. Enesi","i.enesi@example.edu","University of Berlin"
"2131153640","Miranda Harizaj","mirandaharizaj@example.edu","Microsoft London"
"1977427","B. Çiço","b.çiço@example.edu","University of London"
"1720384","V. Vazirani","v.vazirani@example.edu","Amazon London"
"145116464","J. Kolter","j.kolter@example.edu","University of London"
"2145592370","Liwen Liu","liwenliu@example.edu","Amazon London"
"2144674962","Xiaobo Wang","xiaobowang@example.edu","Meta Rome"
"2118030745","Yongqi Hu","yongqihu@example.edu","Meta London"
"2109119525","Chen Wang","chenwang@example.edu","University of Toronto"
"48615144","Yan Xu","yanxu@example.edu","University of Sydney"
"2196653485","ZhaoZhou Cai","zhaozhoucai@example.edu","Amazon Sydney"
"144327272","Cong Peng","congpeng@example.edu","Amazon London"
"2196176908","Bingyun Yang","bingyunyang@example.edu","Microsoft New York"
"2142863012","Xiaoyue Liu","xiaoyueliu@example.edu","Nvidia Berlin"
"2274000464","Ouyang Yan","ouyangyan@example.edu","Meta Paris"
"144221448","Xinqing Wang","xinqingwang@example.edu","Microsoft Tokyo"
"2027660698","Honghui Xu","honghuixu@example.edu","Nvidia Toronto"
"2150192311","Ruizhe Hu","ruizhehu@example.edu","Amazon Tokyo"
"51294540","Faming Shao","famingshao@example.edu","Meta Paris"
"2152690799","Dong Wang","dongwang@example.edu","Amazon Sydney"
"119436779","Philip Boigner","philipboigner@example.edu","Nvidia Rome"
"2742391","R. Luh","r.luh@example.edu","Amazon Toronto"
"2215366688","Nawrin Tabassum","nawrintabassum@example.edu","Amazon New York"
"2215361265","Monjure Mowla","monjuremowla@example.edu","Meta Sydney"
"2215373751","Kazi Fuad Bin Akhter","kazifuadbinakhter@example.edu","University of Paris"
"2069495219","Md. Tanvir Rouf Shawon","md.tanvirroufshawon@example.edu","Microsoft Sydney"
"2189620525","Nibir Chandra Mandal","nibirchandramandal@example.edu","Meta Toronto"
"49992862","Yixin Song","yixinsong@example.edu","Meta Paris"
"2013377377","Shea Smith","sheasmith@example.edu","Amazon Toronto"
"2023302599","Benjamin Karlinsey","benjaminkarlinsey@example.edu","Microsoft Paris"
"35068564","A. Hawkins","a.hawkins@example.edu","Meta Berlin"
"2104037","S. Chiang","s.chiang@example.edu","Amazon Berlin"
"66932689","Chong-Dae Paik","chong-daepaik@example.edu","University of Paris"
"2154858070","Hyunwoo J. Kim","hyunwooj.kim@example.edu","Amazon Sydney"
"2161741","L. Colalongo","l.colalongo@example.edu","Nvidia Berlin"
"2679494","A. Richelli","a.richelli@example.edu","Amazon Toronto"
"2067797683","Ankita Kumari","ankitakumari@example.edu","Amazon Tokyo"
"2131166481","A. Chauhan","a.chauhan@example.edu","Nvidia London"
"2929381","Abhishek Singhal","abhisheksinghal@example.edu","Amazon London"
"47114984","Hongyan Shi","hongyanshi@example.edu","Meta Rome"
"2169516991","Xinran Qu","xinranqu@example.edu","Meta Berlin"
"2209670284","Jing Ma","jingma@example.edu","University of Sydney"
"2109044688","Jiajian Li","jiajianli@example.edu","Amazon London"
"3302914","Wanting Zhou","wantingzhou@example.edu","Microsoft Rome"
"2396646410","Shiwei Yuan","shiweiyuan@example.edu","Microsoft Sydney"
"2151533734","Lei Li","leili@example.edu","Meta Sydney"
"2285454096","K. Yeh","k.yeh@example.edu","Microsoft London"
"2185507915","Yuanze Qin","yuanzeqin@example.edu","Microsoft Rome"
"2070403884","Yiwei Lou","yiweilou@example.edu","University of London"
"2108862504","Yu Huang","yuhuang@example.edu","Amazon London"
"2108279583","Rigao Chen","rigaochen@example.edu","Meta Rome"
"35481850","W. Yue","w.yue@example.edu","University of London"
"2042482086","Natsu Ooke","natsuooke@example.edu","Meta Barcelona"
"1688839","Y. Ikegami","y.ikegami@example.edu","Amazon Berlin"
"143713350","Ko Yamamoto","koyamamoto@example.edu","Amazon Sydney"
"2152474787","Yoshihiko Nakamura","yoshihikonakamura@example.edu","Nvidia Berlin"
"2193621733","Suwan Li","suwanli@example.edu","Amazon London"
"1808054","Lei Bu","leibu@example.edu","Microsoft London"
"2729535","Guangdong Bai","guangdongbai@example.edu","University of Tokyo"
"17922538","Zhixiu Guo","zhixiuguo@example.edu","Amazon Rome"
"2199592928","Kai Chen","kaichen@example.edu","Amazon Berlin"
"2109394807","Hanlin Wei","hanlinwei@example.edu","Microsoft Berlin"
"40606082","Zuxiong Li","zuxiongli@example.edu","Nvidia Berlin"
"2333865250","Xue Yang","xueyang@example.edu","Amazon Paris"
"48788627","Shengnan Fu","shengnanfu@example.edu","Microsoft Toronto"
"2354930845","Yunqian Wang","yunqianwang@example.edu","Amazon New York"
"2143696138","Yufeng Wang","yufengwang@example.edu","Meta Paris"
"2145763657","Chao Chen","chaochen@example.edu","Nvidia Tokyo"
"2170238019","Runcai Jiang","runcaijiang@example.edu","Nvidia Berlin"
"2314536536","Wei Huang","weihuang@example.edu","Microsoft Toronto"
"2158868740","Mingsheng Tang","mingshengtang@example.edu","Nvidia London"
"2116679826","Tong Wang","tongwang@example.edu","Microsoft London"
"2108095751","Xuefen Zhang","xuefenzhang@example.edu","Meta Toronto"
"108803398","R. Wahyu","r.wahyu@example.edu","University of Tokyo"
"2092380256","Sinollah","sinollah@example.edu","Amazon Berlin"
"2249471810","Tika Septia","tikaseptia@example.edu","Amazon London"
"2198762371","Zeghdoud Sabrina","zeghdoudsabrina@example.edu","Meta London"
"46208021","Tanougast Camel","tanougastcamel@example.edu","Microsoft London"
"2160494837","Teguig Djamal","teguigdjamal@example.edu","University of Toronto"
"2058165936","M. Ammar","m.ammar@example.edu","Amazon Sydney"
"88849233","Sadoudi Said","sadoudisaid@example.edu","University of Sydney"
"2198761041","Bouteghrine Belqassim","bouteghrinebelqassim@example.edu","Nvidia Sydney"
"39740778","Awos Kanan","awoskanan@example.edu","Microsoft Paris"
"2200547919","Amal Taha","amaltaha@example.edu","Meta London"
"1481821225","Nikolaus Frohner","nikolausfrohner@example.edu","Amazon Tokyo"
"3359795","Jan Gmys","jangmys@example.edu","University of New York"
"1795682","N. Melab","n.melab@example.edu","Nvidia New York"
"144170135","G. Raidl","g.raidl@example.edu","Amazon Paris"
"41218226","El-Ghazali Talbi","el-ghazalitalbi@example.edu","Meta Sydney"
"2202744882","S. Hong","s.hong@example.edu","Nvidia Sydney"
"2110459735","Kwanghee Choi","kwangheechoi@example.edu","University of Sydney"
"145408443","N. Paulino","n.paulino@example.edu","Amazon Berlin"
"145593424","L. Pessoa","l.pessoa@example.edu","Meta Barcelona"
"72148268","A. Branquinho","a.branquinho@example.edu","University of Rome"
"1435096567","Edgar S. Gonçalves","edgars.gonçalves@example.edu","Nvidia Berlin"
"2111015528","Yichen Peng","yichenpeng@example.edu","Nvidia Paris"
"2115602315","Chunqi Zhao","chunqizhao@example.edu","Amazon Barcelona"
"2087119718","Haoran Xie","haoranxie@example.edu","University of London"
"33439074","Tsukasa Fukusato","tsukasafukusato@example.edu","Meta Paris"
"145730883","K. Miyata","k.miyata@example.edu","Amazon Toronto"
"1717356","T. Igarashi","t.igarashi@example.edu","University of Toronto"
"91885981","Lim Yi","limyi@example.edu","Amazon London"
"2182890990","Braulio Félix Gómez","brauliofélixgómez@example.edu","Microsoft Paris"
"2145991136","Balakrishnan Ramalingam","balakrishnanramalingam@example.edu","University of London"
"3071820","M. Rayguru","m.rayguru@example.edu","University of New York"
"3418858","M. R. Elara","m.r.elara@example.edu","Microsoft London"
"2806784","A. A. Hayat","a.a.hayat@example.edu","University of Sydney"
"2163069871","Jana Holthöwer","janaholthöwer@example.edu","University of Tokyo"
"1656683088","Jenny van Doorn","jennyvandoorn@example.edu","University of Paris"
"2280472185","Kun Zhang","kunzhang@example.edu","Amazon Toronto"
"147785085","Peng-hua Deng","peng-huadeng@example.edu","Meta Tokyo"
"15385671","R. Moheimani","r.moheimani@example.edu","University of Barcelona"
"50364784","Marcial Gonzalez","marcialgonzalez@example.edu","Amazon Barcelona"
"49317795","H. Dalir","h.dalir@example.edu","Meta Barcelona"
"1411407389","A. Hatata","a.hatata@example.edu","Microsoft Tokyo"
"1405594252","M. Abd-Elnaby","m.abd-elnaby@example.edu","Nvidia Toronto"
"35929911","B. E. Sedhom","b.e.sedhom@example.edu","Microsoft Rome"
"114248430","L. Meng","l.meng@example.edu","Amazon Rome"
"118725688","H. Wang","h.wang@example.edu","University of Sydney"
"2057647423","Brian Testa","briantesta@example.edu","Meta Tokyo"
"2159075376","Yi Xiao","yixiao@example.edu","Meta Rome"
"39666515","Harshit Sharma","harshitsharma@example.edu","Amazon Sydney"
"2191077190","Avery Gump","averygump@example.edu","University of Sydney"
"2284063493","A. Salekin","a.salekin@example.edu","Meta Tokyo"
"40046703","Haoxing Ren","haoxingren@example.edu","Meta Rome"
"2548788","S. Nath","s.nath@example.edu","Nvidia London"
"49890081","Yanqing Zhang","yanqingzhang@example.edu","Amazon Sydney"
"2149050523","Hao Chen","haochen@example.edu","Nvidia London"
"2264029479","Mingjie Liu","mingjieliu@example.edu","Meta Rome"
"1745656","Anurag Dasgupta","anuragdasgupta@example.edu","University of Berlin"
"2172165757","David Tan","davidtan@example.edu","University of Paris"
"2793668","K. Majumder","k.majumder@example.edu","University of Paris"
"31148591","Hari Prasanna Das","hariprasannadas@example.edu","Meta Toronto"
"144168566","C. Spanos","c.spanos@example.edu","University of Paris"
"32172806","Krishnan Vasudevan","krishnanvasudevan@example.edu","Meta Toronto"
"21733947","Ngai Keung Chan","ngaikeungchan@example.edu","Microsoft Rome"
"2139813947","P. Sudharshan Duth","p.sudharshanduth@example.edu","Microsoft Tokyo"
"2187827517","B. S. Shashidhara","b.s.shashidhara@example.edu","Nvidia Berlin"
"2299599334","Rodrigo Falcão","rodrigofalcão@example.edu","Nvidia Toronto"
"93027686","R. King","r.king@example.edu","University of New York"
"2162635429","Antonio L'azaro Carvalho","antoniol'azarocarvalho@example.edu","Meta Berlin"
"2054069207","Navneet Jain","navneetjain@example.edu","Meta Tokyo"
"2110105862","Juhan Kim","juhankim@example.edu","Nvidia London"
"2158008882","Jeff Kim","jeffkim@example.edu","Meta Barcelona"
"2105949773","Deepti Pant","deeptipant@example.edu","Meta New York"
"144121898","Shibly S. Ahmed","shiblys.ahmed@example.edu","Microsoft Tokyo"
"2070027818","Nigel Chan","nigelchan@example.edu","Amazon Tokyo"
"40643934","M. Rashed","m.rashed@example.edu","University of Paris"
"26973516","Ehsan Nowroozi","ehsannowroozi@example.edu","Nvidia Berlin"
"2116602","Abhishek","abhishek@example.edu","Microsoft Tokyo"
"2097672910","Mohammadreza Mohammadi","mohammadrezamohammadi@example.edu","Amazon Sydney"
"145746490","M. Conti","m.conti@example.edu","Amazon Sydney"
"2112736024","Yusi Long","yusilong@example.edu","Amazon Tokyo"
"34873864","Gaofei Huang","gaofeihuang@example.edu","Meta Tokyo"
"2115688902","Hui Zheng","huizheng@example.edu","Microsoft Paris"
"2309912","Sai Zhao","saizhao@example.edu","University of London"
"2027309","Guiyun Liu","guiyunliu@example.edu","Amazon Toronto"
"2072574255","Dong Tang","dongtang@example.edu","Nvidia Rome"
"2146073126","Lei Chen","leichen@example.edu","Amazon Paris"
"2116060130","Jiaming Zhang","jiamingzhang@example.edu","Meta New York"
"2077677","Hanwen Ning","hanwenning@example.edu","Meta Sydney"
"2279090109","Ziyu Zhao","ziyuzhao@example.edu","University of Tokyo"
"2307116968","Yuqi Bai","yuqibai@example.edu","Meta Tokyo"
"50824401","Ruoxuan Xiong","ruoxuanxiong@example.edu","Microsoft Paris"
"2242974688","Qingyu Cao","qingyucao@example.edu","University of Paris"
"2109467045","Chao Ma","chaoma@example.edu","University of Sydney"
"2307080305","Ning Jiang","ningjiang@example.edu","Microsoft Rome"
"93192602","Fei Wu","feiwu@example.edu","Microsoft London"
"2315590980","Kun Kuang","kunkuang@example.edu","Amazon London"
"2148301725","Han-Dong Lim","han-donglim@example.edu","University of Berlin"
"2109232555","Do Wan Kim","dowankim@example.edu","Amazon Paris"
"40950488","Donghwan Lee","donghwanlee@example.edu","Amazon Barcelona"
"153183049","C. B. Pedersen","c.b.pedersen@example.edu","Amazon Sydney"
"51117066","S. H. Dam","s.h.dam@example.edu","Amazon Toronto"
"51166528","M. Barnkob","m.barnkob@example.edu","Microsoft Paris"
"3325914","Michael D. Leipold","michaeld.leipold@example.edu","Microsoft Toronto"
"3792065","N. Purroy","n.purroy@example.edu","Nvidia Rome"
"1871002","L. Rassenti","l.rassenti@example.edu","Nvidia Paris"
"2596557","T. Kipps","t.kipps@example.edu","Microsoft Sydney"
"2261459747","Jennifer P. Nguyen","jenniferp.nguyen@example.edu","University of Barcelona"
"152243782","J. Lederer","j.lederer@example.edu","Meta Barcelona"
"47725170","S. Gohil","s.gohil@example.edu","Meta Toronto"
"1920712896","Catherine J. Wu","catherinej.wu@example.edu","Amazon Paris"
"3141283","L. Olsen","l.olsen@example.edu","Amazon London"
"2118896908","Yimin Shi","yiminshi@example.edu","University of New York"
"1406501395","Haihan Duan","haihanduan@example.edu","Nvidia Paris"
"2108712780","Lei Yang","leiyang@example.edu","Meta London"
"2090297844","Wei Cai","weicai@example.edu","University of Sydney"
"49469977","Xulong Zhang","xulongzhang@example.edu","Microsoft Toronto"
"66063851","Jianzong Wang","jianzongwang@example.edu","Nvidia Rome"
"145292435","Ning Cheng","ningcheng@example.edu","University of Paris"
"91353860","Jing Xiao","jingxiao@example.edu","Amazon London"
"1517771451","Zaki Shoheib","zakishoheib@example.edu","Microsoft Paris"
"2191492256","N. Mauji","n.mauji@example.edu","Amazon Toronto"
"48331330","E. Abu-Shanab","e.abu-shanab@example.edu","University of Sydney"
"2178474042","Fraidoon Sattari","fraidoonsattari@example.edu","Meta Toronto"
"32181904","Ashfaq Hussain Farooqi","ashfaqhussainfarooqi@example.edu","University of Toronto"
"65883646","Zakria Qadir","zakriaqadir@example.edu","Amazon Sydney"
"2846981","B. Raza","b.raza@example.edu","Meta Sydney"
"2178474124","Hadi Nazari","hadinazari@example.edu","Meta Toronto"
"9455595","M. Almutiry","m.almutiry@example.edu","Microsoft Paris"
"1471733439","Muhammad F. Umar","muhammadf.umar@example.edu","Nvidia Toronto"
"108533507","Mohsen Hosseinzadehtaher","mohsenhosseinzadehtaher@example.edu","Meta Sydney"
"2655617","M. Shadmand","m.shadmand@example.edu","Microsoft Sydney"
"2118204980","Yuan Li","yuanli@example.edu","Meta Berlin"
"2108047111","Yinglong Zhang","yinglongzhang@example.edu","Nvidia London"
"47504191","Robert G. Capra","robertg.capra@example.edu","University of Tokyo"
"3129825","Yuntian He","yuntianhe@example.edu","Amazon Paris"
"2739353","Srinivas Parthasarathy","srinivasparthasarathy@example.edu","Amazon Tokyo"
"2165482837","Haodong Meng","haodongmeng@example.edu","Meta New York"
"153246079","Changzhi Chen","changzhichen@example.edu","Amazon Rome"
"2165482218","Hongyu Yi","hongyuyi@example.edu","Nvidia Rome"
"143644849","Xiaofeng He","xiaofenghe@example.edu","Meta Tokyo"
"50384171","Qi Liu","qiliu@example.edu","Nvidia London"
"2115527064","Jianxia Chen","jianxiachen@example.edu","Microsoft Toronto"
"2214928766","Shuxi Zhang","shuxizhang@example.edu","Nvidia Barcelona"
"2144546676","Chang Liu","changliu@example.edu","Amazon Tokyo"
"1557379952","Xinyun Wu","xinyunwu@example.edu","Amazon Tokyo"
"2053649431","S. Shaw","s.shaw@example.edu","Amazon Berlin"
"2770884","Guillaume Sartoretti","guillaumesartoretti@example.edu","University of Rome"
"2174133","A. Shokri","a.shokri@example.edu","Meta New York"
"11446444","F. Vafaee","f.vafaee@example.edu","Microsoft Barcelona"
"2183793288","Leila Haghighat","leilahaghighat@example.edu","Nvidia Berlin"
"93646663","S. Shahabi","s.shahabi@example.edu","Meta Barcelona"
"2883240","M. Farhadian","m.farhadian@example.edu","Amazon Barcelona"
"32250946","M. Jamalpour","m.jamalpour@example.edu","Meta Paris"
"9190447","M. Kamal","m.kamal@example.edu","University of New York"
"2108743200","Wenting Li","wentingli@example.edu","Microsoft New York"
"40266420","Deepjyoti Deka","deepjyotideka@example.edu","Nvidia Tokyo"
"1404351859","Hamed Mohsenian-Rad","hamedmohsenian-rad@example.edu","Amazon London"
"50821781","Xiangwang Hou","xiangwanghou@example.edu","Microsoft New York"
"1519283536","Jingjing Wang","jingjingwang@example.edu","University of Paris"
"144248769","Tong Bai","tongbai@example.edu","Microsoft Tokyo"
"3336211","Yansha Deng","yanshadeng@example.edu","Amazon Barcelona"
"2148302503","Yong Ren","yongren@example.edu","Nvidia New York"
"80707783","L. Hanzo","l.hanzo@example.edu","Nvidia Barcelona"
"145797922","E. Filippov","e.filippov@example.edu","Amazon Rome"
"2366388366","Konstantin F. Burdonov","konstantinf.burdonov@example.edu","Amazon London"
"4288561","T. Pikuz","t.pikuz@example.edu","Nvidia Barcelona"
"88819818","I. Skobelev","i.skobelev@example.edu","Nvidia Paris"
"2182582023","Xiaobo Gao","xiaobogao@example.edu","Nvidia London"
"2065872852","Qi Kuang","qikuang@example.edu","Amazon New York"
"2118869677","Bin Zhou","binzhou@example.edu","Meta Paris"
"1947412550","Boyan Dong","boyandong@example.edu","University of London"
"2349381833","Xunyu Wang","xunyuwang@example.edu","Amazon Sydney"
"2056904759","Rodrigo Gonçalves","rodrigogonçalves@example.edu","Amazon London"
"2299778","C. Dorneles","c.dorneles@example.edu","Microsoft Berlin"
"2217092265","Sangjukta Das","sangjuktadas@example.edu","Amazon London"
"3406724","Suyel Namasudra","suyelnamasudra@example.edu","Microsoft Toronto"
"1699684899","Aldosary Saad","aldosarysaad@example.edu","Nvidia Tokyo"
"2163338440","Zafer Almakhadmeh","zaferalmakhadmeh@example.edu","Nvidia Barcelona"
"2023824880","Mario Machů","mariomachů@example.edu","Amazon Berlin"
"95987665","Ľ. Drozdová","ľ.drozdová@example.edu","Meta Tokyo"
"79867727","B. Smetana","b.smetana@example.edu","Meta Berlin"
"121675711","Barbara Buljat","barbarabuljat@example.edu","Amazon New York"
"2141049138","T. Ðuran","t.ðuran@example.edu","Nvidia Tokyo"
"9508135","S. Tvoric","s.tvoric@example.edu","Meta Rome"
"145473821","V. Simovíc","v.simovíc@example.edu","Microsoft New York"
"2174202617","Denise de Campos Candria","denisedecamposcandria@example.edu","Meta Toronto"
"1788082","R. Araujo","r.araujo@example.edu","Nvidia New York"
"15368961","Zhongfeng Hu","zhongfenghu@example.edu","Meta Rome"
"47684189","Minglun Ren","minglunren@example.edu","Microsoft Barcelona"
"144714296","Frank Krüger","frankkrüger@example.edu","Microsoft Sydney"
"2058624626","Shu Wan","shuwan@example.edu","University of Toronto"
"2153702739","Shen Li","shenli@example.edu","Microsoft London"
"4321086","Xuefeng He","xuefenghe@example.edu","Amazon Rome"
"2112546695","Lu Jiang","lujiang@example.edu","Microsoft Toronto"
"2295794855","Jiahao Sun","jiahaosun@example.edu","Microsoft Sydney"
"2144333684","Yue Wang","yuewang@example.edu","Microsoft Tokyo"
"50009772","Qiao Ning","qiaoning@example.edu","Amazon Berlin"
"2065660158","Na Luo","naluo@example.edu","Microsoft New York"
"2053888507","Minghao Yin","minghaoyin@example.edu","Amazon Sydney"
"144039440","S. Sasikumar","s.sasikumar@example.edu","Meta Rome"
"144126550","K. Sundar","k.sundar@example.edu","Meta Tokyo"
"1995531","C. Jayakumar","c.jayakumar@example.edu","University of Paris"
"49128514","Thompson Stephan","thompsonstephan@example.edu","University of Rome"
"144837212","Kuei-Fang Hsiao","kuei-fanghsiao@example.edu","Nvidia Berlin"
"153862908","Zhenge Jia","zhengejia@example.edu","Amazon Toronto"
"2118517757","Jingtong Hu","jingtonghu@example.edu","Nvidia Toronto"
"2118929325","Lei Yang","leiyang@example.edu","Amazon London"
"13412332","B. Nti","b.nti@example.edu","Nvidia New York"
"1981183","Xinhui Shao","xinhuishao@example.edu","Amazon Tokyo"
"2108194537","Zhe Wang","zhewang@example.edu","Amazon Rome"
"143732269","Hai-Long Shen","hai-longshen@example.edu","Microsoft Toronto"
"1404445408","Lertchai Khongamnuaisak","lertchaikhongamnuaisak@example.edu","Nvidia New York"
"73436004","D. Pentrakoon","d.pentrakoon@example.edu","Amazon New York"
"2267815","S. Sinthupinyo","s.sinthupinyo@example.edu","Nvidia Tokyo"
"121315951","Kwanrat Suanpong","kwanratsuanpong@example.edu","University of Barcelona"
"2120509998","Edward Xiao","edwardxiao@example.edu","Microsoft Sydney"
"133578271","Alper Çiçek","alperçiçek@example.edu","University of London"
"1764199","O. Erdinç","o.erdinç@example.edu","University of Barcelona"
"2305990096","Jonathan Guiang","jonathanguiang@example.edu","Microsoft Barcelona"
"118555807","A. Arora","a.arora@example.edu","Amazon London"
"2071891390","Diego Davila","diegodavila@example.edu","Nvidia Tokyo"
"2074471196","John Graham","johngraham@example.edu","Microsoft Sydney"
"2113808276","D. Mishin","d.mishin@example.edu","Meta Berlin"
"2271565","I. Sfiligoi","i.sfiligoi@example.edu","Nvidia New York"
"2061565207","F. Wuerthwein","f.wuerthwein@example.edu","Meta New York"
"143974803","T. Lehman","t.lehman@example.edu","Meta Tokyo"
"49873302","Xi Yang","xiyang@example.edu","Meta Berlin"
"1684959","C. Guok","c.guok@example.edu","Amazon London"
"2059326306","Harvey B. Newman","harveyb.newman@example.edu","University of Barcelona"
"9730829","J. Balcas","j.balcas@example.edu","Amazon Paris"
"2075378237","Tom Hutton","tomhutton@example.edu","Amazon Tokyo"
"2116012111","Sumita Gupta","sumitagupta@example.edu","Microsoft Barcelona"
"1500651125","Dr. Rana Majumdar","dr.ranamajumdar@example.edu","Microsoft Toronto"
"3095405","Sapna Gambhir","sapnagambhir@example.edu","Meta Paris"
"144809172","J. Giraldo","j.giraldo@example.edu","Microsoft Sydney"
"1769394","M. Parvania","m.parvania@example.edu","University of London"
"2274872951","Ioannis Novakos","ioannisnovakos@example.edu","University of Barcelona"
"2091719868","Murie Dwiyaniti","muriedwiyaniti@example.edu","Amazon Paris"
"2286165246","Sri Lestari","srilestari@example.edu","Amazon Rome"
"2286305836","Ajeng Bening","ajengbening@example.edu","Meta Sydney"
"2286308207","Kusumaningtyas","kusumaningtyas@example.edu","Microsoft Berlin"
"2204839822","Sila Wardono","silawardono@example.edu","Amazon Tokyo"
"1693820","I. Pomeranz","i.pomeranz@example.edu","Amazon Toronto"
"122045703","Siyi Lin","siyilin@example.edu","Nvidia Barcelona"
"9394477","Zewei Shen","zeweishen@example.edu","Nvidia Rome"
"3416058","Dehong Zhou","dehongzhou@example.edu","University of Barcelona"
"2885996","Jianxiao Zou","jianxiaozou@example.edu","University of Barcelona"
"2179610299","Spyridon Spyridonos","spyridonspyridonos@example.edu","Microsoft Sydney"
"3171309","Y. Tsiatouhas","y.tsiatouhas@example.edu","Microsoft Tokyo"
"2111300998","Emilio García","emiliogarcía@example.edu","Microsoft Paris"
"2149677576","Neisser Ponluisa","neisserponluisa@example.edu","Amazon London"
"3765686","E. Quiles","e.quiles@example.edu","Microsoft London"
"3263922","Ranko Zotovic Stanisic","rankozotovicstanisic@example.edu","Meta Sydney"
"98487914","S. Rubert","s.rubert@example.edu","Amazon Toronto"
"2111175950","Yumei Li","yumeili@example.edu","Microsoft Tokyo"
"1788638","Futai Zhang","futaizhang@example.edu","Microsoft Paris"
"2124521724","Abhishek Bhatt","abhishekbhatt@example.edu","Nvidia Rome"
"71706730","S. Choubey","s.choubey@example.edu","Amazon Tokyo"
"9255319","A. Choubey","a.choubey@example.edu","Nvidia Paris"
"2317915","K. Pachori","k.pachori@example.edu","Amazon London"
"2076257351","Vandana Thakur","vandanathakur@example.edu","Microsoft New York"
"2368457222","N. Harika","n.harika@example.edu","Microsoft Toronto"
"143974057","T. Kumar","t.kumar@example.edu","Meta Toronto"
"2049231630","C. Papadopoulou","c.papadopoulou@example.edu","University of Toronto"
"88577964","F. Chatzitheodoridis","f.chatzitheodoridis@example.edu","Amazon Berlin"
"2153696","E. Loizou","e.loizou@example.edu","Nvidia Barcelona"
"2116746852","Zhe Liu","zheliu@example.edu","Nvidia Paris"
"11197268","Yunjie Yang","yunjieyang@example.edu","Nvidia Barcelona"
"1500433134","Kuan Li","kuanli@example.edu","University of Toronto"
"144494743","Zhe Wu","zhewu@example.edu","Nvidia Paris"
"1390631933","Jincong Zhou","jincongzhou@example.edu","Meta Toronto"
"2155782867","Wei Xu","weixu@example.edu","Microsoft Sydney"
"2145674126","Ling-Rui Li","ling-ruili@example.edu","Meta Paris"
"50557376","Chao Liu","chaoliu@example.edu","University of Sydney"
"1988484401","Wei Li","weili@example.edu","University of Berlin"
"2200137756","Chengjun Zhang","chengjunzhang@example.edu","University of Rome"
"50655432","Qianwen Sun","qianwensun@example.edu","Amazon New York"
"69008230","D. Mathe","d.mathe@example.edu","Microsoft Sydney"
"2047501808","P. T. M. Santos","p.t.m.santos@example.edu","Microsoft Berlin"
"1996225790","Verena Kleinschmidt","verenakleinschmidt@example.edu","Microsoft London"
"2050402","T. Hamacher","t.hamacher@example.edu","Meta Paris"
"35981649","Vedran S. Perić","vedrans.perić@example.edu","Nvidia Paris"
"144264373","Ping Guo","pingguo@example.edu","Nvidia Berlin"
"2157189959","Minliang Jiang","minliangjiang@example.edu","University of Toronto"
"1471683275","Zheshu Jia","zheshujia@example.edu","Meta Tokyo"
"2363528","Deyun Chen","deyunchen@example.edu","Nvidia Rome"
"2193347284","Lina Waleed Jawad","linawaleedjawad@example.edu","Amazon Toronto"
"1799178","A. K. Idrees","a.k.idrees@example.edu","Meta Toronto"
"2074649523","Péter András Agg","péterandrásagg@example.edu","University of New York"
"1763430","Z. Johanyák","z.johanyák@example.edu","Meta Barcelona"
"2052274907","C. Cui","c.cui@example.edu","Amazon New York"
"2140162705","Han Liu","hanliu@example.edu","Nvidia New York"
"2130344439","Quan Liu","quanliu@example.edu","University of Rome"
"48854767","Ruining Deng","ruiningdeng@example.edu","University of Toronto"
"2124878810","Zuhayr Asad","zuhayrasad@example.edu","University of Sydney"
"2144278007","Yao Wang","yaowang@example.edu","Microsoft Rome"
"49112978","Shilin Zhao","shilinzhao@example.edu","Microsoft Sydney"
"7542822","Haichun Yang","haichunyang@example.edu","Nvidia Sydney"
"2143978915","B. Landman","b.landman@example.edu","Nvidia Rome"
"2154126611","L. F. Rojas-Muñoz","l.f.rojas-muñoz@example.edu","Nvidia Rome"
"1397474184","S. Sánchez-Solano","s.sánchez-solano@example.edu","University of New York"
"1404629180","M. Martínez-Rodríguez","m.martínez-rodríguez@example.edu","Microsoft Paris"
"2877195","Piedad Brox Jiménez","piedadbroxjiménez@example.edu","Amazon London"
"29793747","Andre Augusto Chagas Paz","andreaugustochagaspaz@example.edu","Amazon Rome"
"39937219","M. Souza","m.souza@example.edu","Microsoft Rome"
"82939979","P. W. Brock","p.w.brock@example.edu","Meta Tokyo"
"48787536","E. Mercuri","e.mercuri@example.edu","Nvidia Tokyo"
"1413233495","L. Casado-Aranda","l.casado-aranda@example.edu","Meta London"
"66497921","J. Sánchez-Fernández","j.sánchez-fernández@example.edu","Amazon New York"
"2056758581","N. García","n.garcía@example.edu","University of Berlin"
"52243985","E. Sutadji","e.sutadji@example.edu","Amazon New York"
"2174256957","Hardini Indahing Budi","hardiniindahingbudi@example.edu","Meta Rome"
"2102444233","Kasmi","kasmi@example.edu","University of New York"
"72363389","A. Putra","a.putra@example.edu","Amazon Berlin"
"103402066","Fitria Renytasari","fitriarenytasari@example.edu","Meta Berlin"
"2280857607","N. Anggraeni","n.anggraeni@example.edu","University of London"
"2260797559","B. Leo","b.leo@example.edu","Amazon Sydney"
"2196080382","Gusti Made Karmawan","gustimadekarmawan@example.edu","Microsoft Paris"
"147340295","Lili Meliana","lilimeliana@example.edu","Microsoft Berlin"
"2069707552","Xue Wen","xuewen@example.edu","Microsoft Rome"
"1403616278","Andrea Vázquez-Ingelmo","andreavázquez-ingelmo@example.edu","Nvidia Paris"
"1387451194","F. García-Peñalvo","f.garcía-peñalvo@example.edu","Microsoft Berlin"
"1713356","Roberto Therón","robertotherón@example.edu","University of Paris"
"999999999","The Loyal Author","loyal@example.edu","University of Neo4j"
