"pub_name","venue_name","pub_year","pub_date","pub_vol","pub_type","isbn","city","edition_number","venue_type"
"Learning With MOOCS","Learning With MOOCS","2018","2018-09-01","48","Journal","nan","","",""
"IEEE Access","IEEE Access","2018","","31","Journal","nan","","",""
"International Symposium on VLSI Technology, Systems, and Applications","International Symposium on VLSI Technology, Systems, and Applications","2018","2018-04-16","6","Journal","nan","","",""
"Applied Mathematics Letters","Applied Mathematics Letters","2018","2018-07-01","23","Journal","nan","","",""
"European Journal of Operational Research","European Journal of Operational Research","2018","2018-08-28","43","Journal","nan","","",""
"Informatics","Informatics","2018","2018-01-13","43","Journal","nan","","",""
"Journal of clinical monitoring and computing","Journal of clinical monitoring and computing","2018","2018-08-02","15","Journal","nan","","",""
"European Conference on Computer Vision","European Conference on Computer Vision","2018","2018-09-08","abs/1809.07041","Proceedings","978-321218477","Paris","2021.0","Conference"
"2018 International Conference on Computer, Communication, Chemical, Material and Electronic Engineering (IC4ME2)","2018 International Conference on Computer, Communication, Chemical, Material and Electronic Engineering (IC4ME2)","2018","2018-02-01","Vol. XY","Proceedings","978-718085736","Barcelona","2022.0","Workshop"
"IEEE Transactions on Image Processing","IEEE Transactions on Image Processing","2018","2018-02-01","16","Journal","nan","","",""
"ArXiv","ArXiv","2018","2018-09-05","26","Journal","nan","","",""
"International Conference on VLSI Design","International Conference on VLSI Design","2018","","Vol. XY","Proceedings","978-341076808","New York","2019.0","Conference"
"International Journal of Semantic Computing","International Journal of Semantic Computing","2018","2018-12-01","37","Journal","nan","","",""
"Education and Information Technologies : Official Journal of the IFIP technical committee on Education","Education and Information Technologies : Official Journal of the IFIP technical committee on Education","2018","2018-10-31","14","Journal","nan","","",""
"2018 International Conference on Computing, Mathematics and Engineering Technologies (iCoMET)","2018 International Conference on Computing, Mathematics and Engineering Technologies (iCoMET)","2018","2018-03-03","Vol. XY","Proceedings","978-212945106","New York","2019.0","Workshop"
"2018 Aviation Technology, Integration, and Operations Conference","2018 Aviation Technology, Integration, and Operations Conference","2018","2018-06-24","Vol. XY","Proceedings","978-362937207","Sydney","2020.0","Conference"
"Fuzzy Systems and Data Mining","Fuzzy Systems and Data Mining","2018","","18","Journal","nan","","",""
"IEEE Military Communications Conference","IEEE Military Communications Conference","2018","2018-10-01","Vol. XY","Proceedings","978-355518154","London","2021.0","Conference"
"Italian National Conference on Sensors","Italian National Conference on Sensors","2018","2018-09-28","48","Journal","nan","","",""
"Proceedings of the 2018 26th ACM Joint Meeting on European Software Engineering Conference and Symposium on the Foundations of Software Engineering","International Proceedings of the 2018 26th ACM Joint Meeting on European Software Engineering Conference and Symposium on the Foundations of Software Engineering","2018","2018-10-26","35","Journal","nan","","",""
"International Conference on Intelligent Transportation Systems","International Conference on Intelligent Transportation Systems","2018","2018-11-01","Vol. XY","Proceedings","978-299529384","New York","2021.0","Conference"
"IET Communications","IET Communications","2018","2018-02-20","13","Journal","nan","","",""
"Long Island Systems, Applications and Technology Conference","Long Island Systems, Applications and Technology Conference","2018","2018-05-01","Vol. XY","Proceedings","978-898222817","Paris","2019.0","Conference"
"IEEE Transactions on Medical Imaging","IEEE Transactions on Medical Imaging","2018","2018-03-01","31","Journal","nan","","",""
"International Conference on Computing, Networking and Communications","International Conference on Computing, Networking and Communications","2018","2018-10-17","Vol. XY","Proceedings","978-655362479","Toronto","2019.0","Conference"
"IEEE International Geoscience and Remote Sensing Symposium","IEEE International Geoscience and Remote Sensing Symposium","2018","2018-07-01","14","Journal","nan","","",""
"Remote Sensing","Remote Sensing","2018","2018-08-06","25","Journal","nan","","",""
"Journal of Combinatorial Theory","Journal of Combinatorial Theory","2018","2018-12-04","21","Journal","nan","","",""
"Journal of Alzheimer's Disease","Journal of Alzheimer's Disease","2018","2018-06-08","31","Journal","nan","","",""
"Journal of Applied Probability","Journal of Applied Probability","2018","2018-06-01","8","Journal","nan","","",""
"IOP Conference Series: Earth and Environmental Science","IOP Conference Series: Earth and Environmental Science","2018","2018-10-30","190","Proceedings","978-566851676","Barcelona","2021.0","Conference"
"2018 32nd International Conference on Advanced Information Networking and Applications Workshops (WAINA)","2018 32nd International Conference on Advanced Information Networking and Applications Workshops (WAINA)","2018","2018-05-01","Vol. XY","Proceedings","978-538182381","New York","2022.0","Conference"
"Research on computing science","Research on computing science","2018","2018-12-31","37","Journal","nan","","",""
"Pedagogy in Health Promotion","Pedagogy in Health Promotion","2018","2018-12-01","23","Journal","nan","","",""
"International Symposium on Empirical Software Engineering and Measurement","International Symposium on Empirical Software Engineering and Measurement","2018","2018-10-11","13","Journal","nan","","",""
"Australian Software Engineering Conference","Australian Software Engineering Conference","2018","2018-11-01","Vol. XY","Proceedings","978-548584688","Paris","2021.0","Conference"
"Medical and Biological Engineering and Computing","Medical and Biological Engineering and Computing","2018","2018-06-28","24","Journal","nan","","",""
"Cybersecurity and Cyberforensics Conference","Cybersecurity and Cyberforensics Conference","2018","2018-07-01","Vol. XY","Proceedings","978-813091254","Tokyo","2018.0","Conference"
"International Symposium on Circuits and Systems","International Symposium on Circuits and Systems","2018","2018-05-01","36","Journal","nan","","",""
"Journal of Vision","Journal of Vision","2018","2018-05-01","41","Journal","nan","","",""
"Secur. Commun. Networks","Secur. Commun. Networks","2018","2018-06-06","48","Journal","nan","","",""
"Multimedia tools and applications","Multimedia tools and applications","2018","2018-12-08","42","Journal","nan","","",""
"International Conference on Industrial Technology","International Conference on Industrial Technology","2018","2018-02-01","Vol. XY","Proceedings","978-887872336","Tokyo","2020.0","Workshop"
"International Conference on Applied System Innovation","International Conference on Applied System Innovation","2018","2018-04-01","Vol. XY","Proceedings","978-566610433","London","2020.0","Conference"
"International Journal of Engineering &amp; Technology","Engineering &amp; Technology","2018","2018-11-30","5","Journal","nan","","",""
"Journal of Theoretical Biology","Journal of Theoretical Biology","2018","2018-06-01","2","Journal","nan","","",""
"Proceedings of the 12th Workshop on Geographic Information Retrieval","International Proceedings of the 12th Workshop on Geographic Information Retrieval","2018","2018-11-06","30","Journal","nan","","",""
"NeuroImage","NeuroImage","2018","2018-07-01","33","Journal","nan","","",""
"IEEE Power India International Conference","IEEE Power India International Conference","2018","2018-12-01","Vol. XY","Proceedings","978-970513592","Tokyo","2021.0","Workshop"
"","","2018","2018-12-12","10847","Proceedings","978-386677332","London","2019.0","Conference"
"Scientific Reports","Scientific Reports","2018","2018-09-10","39","Journal","nan","","",""
"2018 International Conference on Smart Systems and Inventive Technology (ICSSIT)","2018 International Conference on Smart Systems and Inventive Technology (ICSSIT)","2018","2018-12-01","Vol. XY","Proceedings","978-553268587","London","2018.0","Workshop"
"International Conference on Information Technology & Systems","International Conference on Information Technology & Systems","2018","2018-01-10","42","Journal","nan","","",""
"Journal of medical systems","Journal of medical systems","2018","2018-05-01","21","Journal","nan","","",""
"Entropy","Entropy","2018","2018-01-10","35","Journal","nan","","",""
"Applications of Intelligent Systems","Applications of Intelligent Systems","2018","","44","Journal","nan","","",""
"Extended Abstracts of the 2018 CHI Conference on Human Factors in Computing Systems","Extended Abstracts of the 2018 CHI Conference on Human Factors in Computing Systems","2018","2018-04-20","22","Journal","nan","","",""
"Scholarly Horizons: University of Minnesota, Morris Undergraduate Journal","Scholarly Horizons: University of Minnesota","2018","2018-06-21","28","Journal","nan","","",""
"arXiv.org","arXiv.org","2018","2018-02-01","35","Journal","nan","","",""
"IEEE International Symposium on a World of Wireless, Mobile and Multimedia Networks","IEEE International Symposium on a World of Wireless, Mobile and Multimedia Networks","2018","2018-06-01","34","Journal","nan","","",""
"Journal of Computational Chemistry","Journal of Computational Chemistry","2018","2018-10-14","43","Journal","nan","","",""
"International Conference Intelligent Data Communication Technologies and Internet Things","International Conference Intelligent Data Communication Technologies and Internet Things","2018","2018-08-07","Vol. XY","Proceedings","978-980384047","Barcelona","2021.0","Conference"
"PLoS ONE","PLoS ONE","2018","2018-04-04","44","Journal","nan","","",""
"Molecules","Molecules","2018","2018-05-23","5","Journal","nan","","",""
"IEEE Journal of Selected Topics in Applied Earth Observations and Remote Sensing","IEEE Journal of Selected Topics in Applied Earth Observations and Remote Sensing","2018","2018-04-01","38","Journal","nan","","",""
"International Conference on Social Networks Analysis, Management and Security","International Conference on Social Networks Analysis, Management and Security","2018","2018-09-04","Vol. XY","Proceedings","978-828456972","Paris","2019.0","Conference"
"Electronic Markets","Electronic Markets","2018","2018-05-01","31","Journal","nan","","",""
"International Symposium on Pervasive Displays","International Symposium on Pervasive Displays","2018","2018-06-06","5","Journal","nan","","",""
"Computer Applications in Engineering Education","Computer Applications in Engineering Education","2018","2018-05-01","4","Journal","nan","","",""
"IEEE J. Sel. Areas Commun.","IEEE J. Sel. Areas Commun.","2018","2018-09-01","23","Journal","nan","","",""
"IEEE International Symposium on Personal, Indoor and Mobile Radio Communications","IEEE International Symposium on Personal, Indoor and Mobile Radio Communications","2018","2018-09-01","30","Journal","nan","","",""
"Signal, Image and Video Processing","Signal, Image and Video Processing","2018","2018-11-03","37","Journal","nan","","",""
"IACR Transactions on Symmetric Cryptology","IACR Transactions on Symmetric Cryptology","2018","2018-12-13","25","Journal","nan","","",""
"Computers & electrical engineering","Computers & electrical engineering","2018","2018-04-01","15","Journal","nan","","",""
"International Conference on Software and Computer Applications","International Conference on Software and Computer Applications","2018","2018-07-01","Vol. XY","Proceedings","978-628290907","Sydney","2021.0","Conference"
"International Journal of Geographical Information Science","International Journal of Geographical Information Science","2018","2018-12-11","38","Journal","nan","","",""
"International Conference on Computer Science and Application Engineering","International Conference on Computer Science and Application Engineering","2018","2018-10-22","7","Journal","nan","","",""
"Optics Express","Optics Express","2018","2018-04-27","21","Journal","nan","","",""
"Journal of the Medical Library Association","Journal of the Medical Library Association","2018","2018-01-01","44","Journal","nan","","",""
"International Joint Conference on Artificial Intelligence","International Joint Conference on Artificial Intelligence","2018","2018-07-01","Vol. XY","Proceedings","978-804512633","Sydney","2019.0","Workshop"
"Optimization Methods and Software","Optimization Methods and Software","2018","2018-11-02","12","Journal","nan","","",""
"Annual Conference on Genetic and Evolutionary Computation","Annual Conference on Genetic and Evolutionary Computation","2018","2018-07-06","Vol. XY","Proceedings","978-770937495","Toronto","2019.0","Workshop"
"Computer Vision and Image Understanding","Computer Vision and Image Understanding","2018","2018-10-01","47","Journal","nan","","",""
"Euromicro Symposium on Digital Systems Design","Euromicro Symposium on Digital Systems Design","2018","2018-08-01","Vol. XY","Proceedings","978-441731261","Tokyo","2019.0","Conference"
"IEEE/ACM Transactions on Networking","IEEE/ACM Transactions on Networking","2018","2018-08-16","7","Journal","nan","","",""
"International Conference on Networking and Network Applications","International Conference on Networking and Network Applications","2018","2018-10-01","Vol. XY","Proceedings","978-537788154","Barcelona","2022.0","Conference"
"International Conference on Knowledge and Smart Technology","International Conference on Knowledge and Smart Technology","2018","","Vol. XY","Proceedings","978-288208973","Rome","2021.0","Conference"
"IEICE Transactions on Fundamentals of Electronics Communications and Computer Sciences","IEICE Transactions on Fundamentals of Electronics Communications and Computer Sciences","2018","2018-03-01","41","Journal","nan","","",""
"International Conference on Interaction Design and Children","International Conference on Interaction Design and Children","2018","2018-06-19","42","Journal","nan","","",""
"National Foundation for Science and Technology Development Conference on Information and Computer Science","National Foundation for Science and Technology Development Conference on Information and Computer Science","2018","2018-11-01","Vol. XY","Proceedings","978-587663687","Berlin","2020.0","Workshop"
"Journal of Biomedical Informatics","Journal of Biomedical Informatics","2018","2018-07-01","15","Journal","nan","","",""
"Procedia Computer Science","Procedia Computer Science","2018","2018-07-27","1","Journal","nan","","",""
"18th International Multidisciplinary Scientific GeoConference SGEM2018, Energy and Clean Technologies","18th International Multidisciplinary Scientific GeoConference SGEM2018, Energy and Clean Technologies","2018","2018-06-20","Vol. XY","Proceedings","978-112105278","New York","2020.0","Conference"
"BMC Systems Biology","BMC Systems Biology","2018","2018-11-01","2","Journal","nan","","",""
"2018 5th International Conference on Advanced Informatics: Concept Theory and Applications (ICAICTA)","2018 5th International Conference on Advanced Informatics: Concept Theory and Applications (ICAICTA)","2018","2018-08-01","Vol. XY","Proceedings","978-616608305","Rome","2018.0","Conference"
"SIAM Journal on Mathematical Analysis","SIAM Journal on Mathematical Analysis","2018","2018-08-30","26","Journal","nan","","",""
"Hawaii International Conference on System Sciences","Hawaii International Conference on System Sciences","2018","2018-01-03","45","Journal","nan","","",""
"IEEE Chinese Guidance, Navigation and Control Conference","IEEE Chinese Guidance, Navigation and Control Conference","2018","2018-08-01","Vol. XY","Proceedings","978-117551199","Tokyo","2020.0","Conference"
"Int. J. Interact. Multim. Artif. Intell.","Int. J. Interact. Multim. Artif. Intell.","2018","","9","Journal","nan","","",""
"Journal of Physics: Conference Series","Physics: Conference Series","2018","2018-12-07","1114","Proceedings","978-329946759","Rome","2019.0","Conference"
"IEEE International Reliability Physics Symposium","IEEE International Reliability Physics Symposium","2018","2018-03-11","36","Journal","nan","","",""
"Neural Information Processing Systems","Neural Information Processing Systems","2018","2018-02-12","33","Journal","nan","","",""
"Medical Image Analysis","Medical Image Analysis","2018","","28","Journal","nan","","",""
"Global Communications Conference","Global Communications Conference","2018","2018-12-01","Vol. XY","Proceedings","978-481623395","Rome","2020.0","Conference"
"Requirements Engineering","Requirements Engineering","2018","2018-06-01","24","Journal","nan","","",""
"Statistics in Medicine","Statistics in Medicine","2018","2018-09-10","10","Journal","nan","","",""
"International Euromicro Conference on Parallel, Distributed and Network-Based Processing","International Euromicro Conference on Parallel, Distributed and Network-Based Processing","2018","2018-03-21","Vol. XY","Proceedings","978-838330807","Paris","2018.0","Conference"
"Journal of Intelligent & Fuzzy Systems","Journal of Intelligent & Fuzzy Systems","2018","2018-06-28","3","Journal","nan","","",""
"Frontiers of Computer Science","Frontiers of Computer Science","2018","2018-06-30","11","Journal","nan","","",""
"International Symposium on Information Theory","International Symposium on Information Theory","2018","2018-06-01","15","Journal","nan","","",""
"International Workshop on Combinatorial Algorithms","International Workshop on Combinatorial Algorithms","2018","2018-06-04","19","Journal","nan","","",""
"International Conference on Information Science and Applications","International Conference on Information Science and Applications","2018","2018-06-25","35","Journal","nan","","",""
"IEEE International Conference on Acoustics, Speech, and Signal Processing","IEEE International Conference on Acoustics, Speech, and Signal Processing","2018","2018-11-04","Vol. XY","Proceedings","978-661084044","Barcelona","2018.0","Conference"
"International Conference on Knowledge-Based Intelligent Information & Engineering Systems","International Conference on Knowledge-Based Intelligent Information & Engineering Systems","2018","","15","Journal","nan","","",""
"Journal on spesial topics in mobile networks and applications","Journal on spesial topics in mobile networks and applications","2018","2018-09-08","32","Journal","nan","","",""
"2018 2nd IEEE Conference on Energy Internet and Energy System Integration (EI2)","2018 2nd IEEE Conference on Energy Internet and Energy System Integration (EI2)","2018","2018-10-01","Vol. XY","Proceedings","978-755712905","Toronto","2022.0","Workshop"
"Modeling, Identification and Control","Modeling, Identification and Control","2018","2018-03-19","Vol. XY","Proceedings","978-835580267","Rome","2019.0","Conference"
"Proceedings of the 2018 on Audio/Visual Emotion Challenge and Workshop","International Proceedings of the 2018 on Audio/Visual Emotion Challenge and Workshop","2018","2018-10-15","43","Journal","nan","","",""
"SIGBED Rev.","SIGBED Rev.","2018","2018-03-20","33","Journal","nan","","",""
"International Conference on Computing: Theory and Applications","International Conference on Computing: Theory and Applications","2018","2018-05-03","Vol. XY","Proceedings","978-668977606","Paris","2020.0","Workshop"
"2018 IEEE International Conference on Environment and Electrical Engineering and 2018 IEEE Industrial and Commercial Power Systems Europe (EEEIC / I&CPS Europe)","2018 IEEE International Conference on Environment and Electrical Engineering and 2018 IEEE Industrial and Commercial Power Systems Europe (EEEIC / I&CPS Europe)","2018","2018-06-01","Vol. XY","Proceedings","978-665120843","Berlin","2020.0","Conference"
"Pacific Asia Conference on Language, Information and Computation","Pacific Asia Conference on Language, Information and Computation","2018","","19","Journal","nan","","",""
"Proceedings of the 2018 ACM SIGMIS Conference on Computers and People Research","International Proceedings of the 2018 ACM SIGMIS Conference on Computers and People Research","2018","2018-06-18","Vol. XY","Proceedings","978-420209889","New York","2018.0","Conference"
"OR","OR","2018","","48","Journal","nan","","",""
"Formalized Mathematics","Formalized Mathematics","2018","2018-07-01","45","Journal","nan","","",""
"IEEE India International Conference on Power Electronics","IEEE India International Conference on Power Electronics","2018","2018-12-01","Vol. XY","Proceedings","978-854443332","London","2020.0","Workshop"
"Computer Physics Communications","Computer Physics Communications","2018","2018-03-15","20","Journal","nan","","",""
"Computational Statistics & Data Analysis","Computational Statistics & Data Analysis","2018","","23","Journal","nan","","",""
"ValueTools","ValueTools","2018","2018-09-15","1","Journal","nan","","",""
"International Conference on Digital Preservation","International Conference on Digital Preservation","2018","2018-03-01","10","Journal","nan","","",""
"IEEE Transactions on Pattern Analysis and Machine Intelligence","IEEE Transactions on Pattern Analysis and Machine Intelligence","2018","2018-11-01","7","Journal","nan","","",""
"Pattern Analysis and Applications","Pattern Analysis and Applications","2018","2018-05-14","17","Journal","nan","","",""
"Brazilian Symposium on Information Systems","Brazilian Symposium on Information Systems","2018","2018-06-04","24","Journal","nan","","",""
"Adaptive Agents and Multi-Agent Systems","Adaptive Agents and Multi-Agent Systems","2018","2018-07-09","Vol. XY","Proceedings","978-347744141","Rome","2020.0","Conference"
"Message Understanding Conference","Message Understanding Conference","2018","","43","Journal","nan","","",""
"International Conferences on Communications, Signal Processing, and Systems","International Conferences on Communications, Signal Processing, and Systems","2018","2018-07-14","3","Journal","nan","","",""
"IEEE International Conference on Power Electronics, Drives and Energy Systems","IEEE International Conference on Power Electronics, Drives and Energy Systems","2018","2018-12-01","Vol. XY","Proceedings","978-645650920","Barcelona","2020.0","Conference"
"International Conference on Reliability, Maintainability and Safety","International Conference on Reliability, Maintainability and Safety","2018","2018-10-01","Vol. XY","Proceedings","978-206753029","Sydney","2019.0","Workshop"
"Conference on Information Technology Education","Conference on Information Technology Education","2018","2018-09-14","41","Journal","nan","","",""
"Future generations computer systems","Future generations computer systems","2018","2018-03-01","13","Journal","nan","","",""
"Workshop on Hyperspectral Image and Signal Processing","Workshop on Hyperspectral Image and Signal Processing","2018","2018-09-01","28","Journal","nan","","",""
"International Conference on High Performance Switching and Routing","International Conference on High Performance Switching and Routing","2018","2018-06-01","Vol. XY","Proceedings","978-926897559","Rome","2021.0","Conference"
"International Symposium on Modelling and Implementation of Complex Systems","International Symposium on Modelling and Implementation of Complex Systems","2018","2018-11-30","30","Journal","nan","","",""
"IEEE Transactions on Vehicular Technology","IEEE Transactions on Vehicular Technology","2018","2018-08-02","20","Journal","nan","","",""
"Chinese Conference on Pattern Recognition and Computer Vision","Chinese Conference on Pattern Recognition and Computer Vision","2018","2018-11-23","21","Journal","nan","","",""
"International Conference on Bio-inspired Systems and Signal Processing","International Conference on Bio-inspired Systems and Signal Processing","2018","","26","Journal","nan","","",""
"IEEE Annual Information Technology, Electronics and Mobile Communication Conference","IEEE Annual Information Technology, Electronics and Mobile Communication Conference","2018","2018-11-01","Vol. XY","Proceedings","978-480838869","Rome","2019.0","Conference"
"International Conference on Smart City and Systems Engineering","International Conference on Smart City and Systems Engineering","2018","2018-12-01","Vol. XY","Proceedings","978-660289928","Tokyo","2020.0","Workshop"
"Acta oncologica","Acta oncologica","2018","2018-04-26","44","Journal","nan","","",""
"npj Digital Medicine","npj Digital Medicine","2018","2018-11-08","8","Journal","nan","","",""
"The Compass","The Compass","2018","2018-06-20","1","Journal","nan","","",""
"Interacción","Interacción","2018","2018-07-15","18","Journal","nan","","",""
"IEEE International Conference on Multimedia and Expo","IEEE International Conference on Multimedia and Expo","2018","2018-04-12","Vol. XY","Proceedings","978-881950181","London","2018.0","Conference"
"USENIX Workshop on Hot Topics in Storage and File Systems","USENIX Workshop on Hot Topics in Storage and File Systems","2018","","10","Journal","nan","","",""
"Neurocomputing","Neurocomputing","2018","2018-01-31","19","Journal","nan","","",""
"International Conference on Language Resources and Evaluation","International Conference on Language Resources and Evaluation","2018","2018-05-01","22","Journal","nan","","",""
"IEEE International Conference on Systems, Man and Cybernetics","IEEE International Conference on Systems, Man and Cybernetics","2018","2018-10-01","Vol. XY","Proceedings","978-206309788","Barcelona","2020.0","Workshop"
"Embedded Systems and Applications","Embedded Systems and Applications","2018","2018-08-08","16","Proceedings","978-326490713","Rome","2020.0","Conference"
"International Conference on Data Technologies and Applications","International Conference on Data Technologies and Applications","2018","2018-10-01","3","Journal","nan","","",""
"International Conference on Algorithms and Architectures for Parallel Processing","International Conference on Algorithms and Architectures for Parallel Processing","2018","2018-11-15","29","Journal","nan","","",""
"International Conference on e-Health Networking, Applications and Services","International Conference on e-Health Networking, Applications and Services","2018","2018-09-01","Vol. XY","Proceedings","978-784717271","Barcelona","2018.0","Conference"
"2018 14th International Conference on Wireless and Mobile Computing, Networking and Communications (WiMob)","2018 14th International Conference on Wireless and Mobile Computing, Networking and Communications (WiMob)","2018","2018-10-01","Vol. XY","Proceedings","978-641261195","New York","2020.0","Workshop"
"PLoS Computational Biology","PLoS Computational Biology","2018","2018-11-23","3","Journal","nan","","",""
"Proceedings of the 2018 Afternoon Workshop on Kernel Bypassing Networks","International Proceedings of the 2018 Afternoon Workshop on Kernel Bypassing Networks","2018","2018-08-07","13","Journal","nan","","",""
"Transportation Research Record","Transportation Research Record","2018","2018-08-02","15","Journal","nan","","",""
"Journal of Intelligent & Robotic Systems","Intelligent & Robotic Systems","2018","","36","Journal","nan","","",""
"IEEE International Conference on Nano/Micro Engineered and Molecular Systems","IEEE International Conference on Nano/Micro Engineered and Molecular Systems","2018","2018-04-01","Vol. XY","Proceedings","978-415472887","Toronto","2019.0","Conference"
"Physical Review E","Physical Review E","2018","2018-01-28","26","Journal","nan","","",""
"Proceedings of the 2018 ACM International Joint Conference and 2018 International Symposium on Pervasive and Ubiquitous Computing and Wearable Computers","International Symposium on Pervasive and Ubiquitous Computing and Wearable Computers","2018","2018-10-08","18","Journal","nan","","",""
"Cluster Computing","Cluster Computing","2018","2018-07-24","19","Journal","nan","","",""
"Annals of Operations Research","Annals of Operations Research","2018","2018-09-05","22","Journal","nan","","",""
"The European Symposium on Artificial Neural Networks","The European Symposium on Artificial Neural Networks","2018","","9","Journal","nan","","",""
"The Review","The Review","2018","2018-03-21","31","Journal","nan","","",""
"ACM Transactions on Graphics","ACM Transactions on Graphics","2018","2018-12-04","6","Journal","nan","","",""
"ACM International Workshop on Mobility Management and Wireless Access","ACM International Workshop on Mobility Management and Wireless Access","2018","2018-10-25","9","Journal","nan","","",""
"Journal of Information Processing Systems","Journal of Information Processing Systems","2018","2018-10-01","34","Journal","nan","","",""
"Computational Intelligence and Neuroscience","Computational Intelligence and Neuroscience","2018","2018-07-24","13","Journal","nan","","",""
"International Conference on Artificial Intelligence and Soft Computing","International Conference on Artificial Intelligence and Soft Computing","2019","2019-06-16","11","Journal","nan","","",""
"Physica medica (Testo stampato)","Physica medica (Testo stampato)","2019","2019-04-01","42","Journal","nan","","",""
"IEEE Symposium Series on Computational Intelligence","IEEE Symposium Series on Computational Intelligence","2019","2019-12-01","39","Journal","nan","","",""
"International Conference on Software Engineering and Knowledge Engineering","International Conference on Software Engineering and Knowledge Engineering","2019","2019-07-10","48","Journal","nan","","",""
"Machine Learning in Health Care","Machine Learning in Health Care","2019","2019-10-28","10","Journal","nan","","",""
"International Conference on ASIC","International Conference on ASIC","2019","2019-10-01","Vol. XY","Proceedings","978-896292600","New York","2019.0","Conference"
"Int. J. Child Comput. Interact.","Int. J. Child Comput. Interact.","2019","2019-09-01","13","Journal","nan","","",""
"International Conference on Computational Photography","International Conference on Computational Photography","2019","2019-09-01","Vol. XY","Proceedings","978-893894847","Tokyo","2018.0","Conference"
"IEEE International Symposium on On-Line Testing and Robust System Design","IEEE International Symposium on On-Line Testing and Robust System Design","2019","2019-07-01","23","Journal","nan","","",""
"International Conference on Transparent Optical Networks","International Conference on Transparent Optical Networks","2019","2019-07-01","Vol. XY","Proceedings","978-194993057","Tokyo","2020.0","Conference"
"Journal of automated reasoning","Journal of automated reasoning","2019","2019-08-13","32","Journal","nan","","",""
"IEEE Transactions on Visualization and Computer Graphics","IEEE Transactions on Visualization and Computer Graphics","2019","2019-10-01","6","Journal","nan","","",""
"International Conference on Medical Image Computing and Computer-Assisted Intervention","International Conference on Medical Image Computing and Computer-Assisted Intervention","2019","2019-07-01","38","Journal","nan","","",""
"Biomedical Circuits and Systems Conference","Biomedical Circuits and Systems Conference","2019","2019-10-01","Vol. XY","Proceedings","978-314573024","Berlin","2018.0","Conference"
"IET Image Processing","IET Image Processing","2019","2019-10-23","44","Journal","nan","","",""
"Journal of Occupational and Environmental Hygiene","Journal of Occupational and Environmental Hygiene","2019","2019-09-18","27","Journal","nan","","",""
"Proceedings of the 1st International Scientific Conference ""Modern Management Trends and the Digital Economy: from Regional Development to Global Economic Growth"" (MTDE 2019)","International Scientific Conference ""Modern Management Trends and the Digital Economy: from Regional Development to Global Economic Growth"" (MTDE 2019)","2019","2019-05-01","Vol. XY","Proceedings","978-957130373","Rome","2019.0","Conference"
"International Conference on Information Photonics","International Conference on Information Photonics","2019","2019-09-01","Vol. XY","Proceedings","978-565070282","Sydney","2022.0","Workshop"
"IFIP/IEEE Symposium on Integrated Network Management","IFIP/IEEE Symposium on Integrated Network Management","2019","","18","Journal","nan","","",""
"International Conference on Applied Human Factors and Ergonomics","International Conference on Applied Human Factors and Ergonomics","2019","2019-07-24","40","Journal","nan","","",""
"Proceedings of the 2019 European Conference on Computing in Construction","International Proceedings of the 2019 European Conference on Computing in Construction","2019","2019-07-10","Vol. XY","Proceedings","978-586636807","Rome","2022.0","Conference"
"EURASIP Journal on Wireless Communications and Networking","EURASIP Journal on Wireless Communications and Networking","2019","2019-12-01","23","Journal","nan","","",""
"International Symposium on Networks, Computers and Communications","International Symposium on Networks, Computers and Communications","2019","2019-06-01","6","Journal","nan","","",""
"Journal of computational biology : a journal of computational molecular cell biology","computational biology : a journal of computational molecular cell biology","2019","2019-06-20","16","Journal","nan","","",""
"International Test Conference","International Test Conference","2019","2019-11-01","Vol. XY","Proceedings","978-658461367","Barcelona","2020.0","Conference"
"IEEE Transactions on Neural Networks and Learning Systems","IEEE Transactions on Neural Networks and Learning Systems","2019","2019-02-01","28","Journal","nan","","",""
"Robotics Comput. Integr. Manuf.","Robotics Comput. Integr. Manuf.","2019","2019-08-01","48","Journal","nan","","",""
"2019 International Conference on Intelligent Informatics and Biomedical Sciences (ICIIBMS)","2019 International Conference on Intelligent Informatics and Biomedical Sciences (ICIIBMS)","2019","2019-11-01","Vol. XY","Proceedings","978-330583295","Tokyo","2018.0","Conference"
"International Conference on Software, Knowledge, Information Management and Applications","International Conference on Software, Knowledge, Information Management and Applications","2019","2019-08-01","Vol. XY","Proceedings","978-941662512","Paris","2022.0","Conference"
"Neurology","Neurology","2019","2019-04-09","47","Journal","nan","","",""
"Ai & Society","Ai & Society","2019","2019-03-01","37","Journal","nan","","",""
"Interactive Learning Environments","Interactive Learning Environments","2019","2019-08-16","17","Journal","nan","","",""
"Management Sciences","Management Sciences","2019","2019-04-01","41","Journal","nan","","",""
"Journal of the Franklin Institute","Journal of the Franklin Institute","2019","2019-06-01","13","Journal","nan","","",""
"IEEE PES Asia-Pacific Power and Energy Engineering Conference","IEEE PES Asia-Pacific Power and Energy Engineering Conference","2019","2019-12-01","Vol. XY","Proceedings","978-244149644","Barcelona","2020.0","Conference"
"IACR Cryptology ePrint Archive","IACR Cryptology ePrint Archive","2019","2019-09-30","9","Journal","nan","","",""
"IEEE Symposium on Security and Privacy","IEEE Symposium on Security and Privacy","2019","2019-02-04","10","Journal","nan","","",""
"Digital Signal Processing and Signal Processing Education Workshop","Digital Signal Processing and Signal Processing Education Workshop","2019","2019-02-01","Vol. XY","Proceedings","978-451754106","Paris","2022.0","Conference"
"International Conference on Big Data Computing and Communications","International Conference on Big Data Computing and Communications","2019","2019-08-01","Vol. XY","Proceedings","978-849263490","New York","2018.0","Conference"
"International Conference on Technics, Technologies and Education","International Conference on Technics, Technologies and Education","2019","","Vol. XY","Proceedings","978-260418327","London","2018.0","Conference"
"Journal of Chemical Information and Modeling","Journal of Chemical Information and Modeling","2019","2019-08-05","17","Journal","nan","","",""
"International Conference Communication and Information Systems","International Conference Communication and Information Systems","2019","2019-04-01","Vol. XY","Proceedings","978-385099776","Rome","2022.0","Conference"
"Signal processing. Image communication","Signal processing. Image communication","2019","2019-03-01","37","Journal","nan","","",""
"Computer‐Aided Civil and Infrastructure Engineering","Computer‐Aided Civil and Infrastructure Engineering","2019","2019-08-12","41","Journal","nan","","",""
"International Conference on Learning Representations","International Conference on Learning Representations","2019","2019-12-21","33","Journal","nan","","",""
"International Journal Of Engineering And Computer Science","International Journal Of Engineering And Computer Science","2019","2019-01-01","18","Journal","nan","","",""
"Brazilian Symposium on Computer Networks and Distributed Systems","Brazilian Symposium on Computer Networks and Distributed Systems","2019","2019-08-27","25","Journal","nan","","",""
"International Journal of Computational Mathematics","International Journal of Computational Mathematics","2019","2019-04-07","37","Journal","nan","","",""
"International Workshop on Data Warehousing and OLAP","International Workshop on Data Warehousing and OLAP","2019","2019-03-26","18","Journal","nan","","",""
"IEEE Region 10 Conference","IEEE Region 10 Conference","2019","2019-10-01","Vol. XY","Proceedings","978-126917701","Toronto","2019.0","Conference"
"Jahrestagung des Verbands Digital Humanities im deutschsprachigen Raum","Jahrestagung des Verbands Digital Humanities im deutschsprachigen Raum","2019","","7","Journal","nan","","",""
"J. Sens. Actuator Networks","J. Sens. Actuator Networks","2019","2019-02-18","32","Journal","nan","","",""
"Journal of Real-Time Image Processing","Journal of Real-Time Image Processing","2019","2019-06-19","49","Journal","nan","","",""
"2019 IEEE International Conference on Unmanned Systems (ICUS)","2019 IEEE International Conference on Unmanned Systems (ICUS)","2019","2019-10-01","Vol. XY","Proceedings","978-927260537","Tokyo","2020.0","Workshop"
"MATEC Web of Conferences","MATEC Web of Conferences","2019","","Vol. XY","Proceedings","978-334874248","Barcelona","2018.0","Conference"
"Expert systems with applications","Expert systems with applications","2019","2019-02-01","8","Journal","nan","","",""
"Journal of Software and Systems Modeling","Journal of Software and Systems Modeling","2019","2019-03-14","9","Journal","nan","","",""
"International Conference on Intelligent Information Processing","International Conference on Intelligent Information Processing","2019","2019-11-16","14","Journal","nan","","",""
"International journal of medical informatics","International journal of medical informatics","2019","2019-10-01","42","Journal","nan","","",""
"ACM Conference on Economics and Computation","ACM Conference on Economics and Computation","2019","2019-09-05","49","Journal","nan","","",""
"Proceedings of the ACM on Interactive Mobile Wearable and Ubiquitous Technologies","Proceedings of the ACM on Interactive Mobile Wearable and Ubiquitous Technologies","2019","2019-03-29","14","Journal","nan","","",""
"Integrated Computer-Aided Engineering","Integrated Computer-Aided Engineering","2019","2019-04-28","22","Journal","nan","","",""
"Asia-Pacific Signal and Information Processing Association Annual Summit and Conference","Asia-Pacific Signal and Information Processing Association Annual Summit and Conference","2019","2019-11-01","Vol. XY","Proceedings","978-870137232","Berlin","2019.0","Conference"
"IEEE Congress on Evolutionary Computation","IEEE Congress on Evolutionary Computation","2019","2019-06-01","19","Journal","nan","","",""
"IOP Conference Series: Materials Science and Engineering","IOP Conference Series: Materials Science and Engineering","2019","2019-11-20","662","Proceedings","978-680810846","Toronto","2021.0","Conference"
"JMIR Serious Games","JMIR Serious Games","2019","2019-03-05","28","Journal","nan","","",""
"Proceedings of the 2019 International Conference on Management of Data","International Conference on Management of Data","2019","2019-06-25","Vol. XY","Proceedings","978-897845767","Toronto","2022.0","Conference"
"Applied Soft Computing","Applied Soft Computing","2019","2019-05-01","26","Journal","nan","","",""
"IEEE Conference of Russian Young Researchers in Electrical and Electronic Engineering","IEEE Conference of Russian Young Researchers in Electrical and Electronic Engineering","2019","2019-01-01","Vol. XY","Proceedings","978-829455153","Paris","2018.0","Conference"
"IEEE Intelligent Transportation Systems Magazine","IEEE Intelligent Transportation Systems Magazine","2019","","42","Journal","nan","","",""
"European Conference on Numerical Mathematics and Advanced Applications","European Conference on Numerical Mathematics and Advanced Applications","2019","","15","Journal","nan","","",""
"Knowledge-Based Systems","Knowledge-Based Systems","2019","2019-01-01","33","Journal","nan","","",""
"International Conference on Advanced Robotics and Mechatronics","International Conference on Advanced Robotics and Mechatronics","2019","2019-07-01","Vol. XY","Proceedings","978-817896022","Tokyo","2021.0","Conference"
"JMIR mHealth and uHealth","JMIR mHealth and uHealth","2019","2019-11-17","39","Journal","nan","","",""
"Frontiers in Microbiology","Frontiers in Microbiology","2019","2019-06-12","33","Journal","nan","","",""
"The Proceedings of the Tecnology and Society Conference","The Proceedings of the Tecnology and Society Conference","2019","","Vol. XY","Proceedings","978-353150556","London","2022.0","Conference"
"IEEE Transactions on Communications","IEEE Transactions on Communications","2019","2019-02-01","23","Journal","nan","","",""
"IEEE International New Circuits and Systems Conference","IEEE International New Circuits and Systems Conference","2019","2019-06-01","Vol. XY","Proceedings","978-581803346","Paris","2022.0","Conference"
"Chinese Conference on Advances in Image and Graphics Technologies","Chinese Conference on Advances in Image and Graphics Technologies","2019","2019-04-19","12","Journal","nan","","",""
"IEEE Geoscience and Remote Sensing Letters","IEEE Geoscience and Remote Sensing Letters","2019","2019-05-01","21","Journal","nan","","",""
"EPJ Web of Conferences","EPJ Web of Conferences","2019","2019-07-01","Vol. XY","Proceedings","978-501516185","Paris","2022.0","Conference"
"Bled eConference","Bled eConference","2019","","Vol. XY","Proceedings","978-653299727","Barcelona","2018.0","Conference"
"2019 XXI International Conference Complex Systems: Control and Modeling Problems (CSCMP)","2019 XXI International Conference Complex Systems: Control and Modeling Problems (CSCMP)","2019","2019-09-01","Vol. XY","Proceedings","978-754887304","Rome","2020.0","Conference"
"International Workshop on Semantic Evaluation","International Workshop on Semantic Evaluation","2019","2019-07-09","19","Journal","nan","","",""
"International Conference on Signal Processing, Communications and Computing","International Conference on Signal Processing, Communications and Computing","2019","2019-09-01","Vol. XY","Proceedings","978-429538898","Barcelona","2022.0","Conference"
"Journal of Clinical Epidemiology","Journal of Clinical Epidemiology","2019","2019-07-11","5","Journal","nan","","",""
"Data & Knowledge Engineering","Data & Knowledge Engineering","2019","2019-07-01","22","Journal","nan","","",""
"European MPI Users Group Meeting","European MPI Users Group Meeting","2019","2019-09-11","43","Journal","nan","","",""
"Big Data & Society","Big Data & Society","2019","2019-01-01","34","Journal","nan","","",""
"Int. J. Comput. Vis. Robotics","Int. J. Comput. Vis. Robotics","2019","2019-08-01","33","Journal","nan","","",""
"Applied Mathematics and Computation","Applied Mathematics and Computation","2019","2019-08-01","47","Journal","nan","","",""
"Nature Communications","Nature Communications","2019","2019-06-14","48","Journal","nan","","",""
"Information Fusion","Information Fusion","2019","2019-12-01","39","Journal","nan","","",""
"Data in Brief","Data in Brief","2019","2019-03-07","44","Journal","nan","","",""
"Applied Intelligence","Applied Intelligence","2019","2019-04-11","9","Journal","nan","","",""
"2019 5th Iranian Conference on Signal Processing and Intelligent Systems (ICSPIS)","2019 5th Iranian Conference on Signal Processing and Intelligent Systems (ICSPIS)","2019","2019-12-01","Vol. XY","Proceedings","978-277215753","Tokyo","2020.0","Conference"
"Journal of Organizational Computing and Electronic Commerce","Journal of Organizational Computing and Electronic Commerce","2019","2019-07-03","17","Journal","nan","","",""
"IEEE Robotics and Automation Letters","IEEE Robotics and Automation Letters","2019","2019-01-23","49","Journal","nan","","",""
"IEEE Transactions on Industrial Electronics","IEEE Transactions on Industrial Electronics","2019","2019-09-01","48","Journal","nan","","",""
"Scientometrics","Scientometrics","2019","2019-11-16","21","Journal","nan","","",""
"European Microelectronics and Packaging Conference","European Microelectronics and Packaging Conference","2019","2019-09-01","Vol. XY","Proceedings","978-403018275","New York","2019.0","Workshop"
"2019 IEEE 3rd Conference on Energy Internet and Energy System Integration (EI2)","2019 IEEE 3rd Conference on Energy Internet and Energy System Integration (EI2)","2019","2019-11-01","Vol. XY","Proceedings","978-319632626","Toronto","2021.0","Conference"
"BMC Bioinformatics","BMC Bioinformatics","2019","2019-04-09","31","Journal","nan","","",""
"Proceedings of the Design Society","Proceedings of the Design Society","2019","2019-07-01","Vol. XY","Proceedings","978-824478432","Berlin","2021.0","Conference"
"Conference of the Centre for Advanced Studies on Collaborative Research","Conference of the Centre for Advanced Studies on Collaborative Research","2019","","5","Journal","nan","","",""
"International Conference on Signal Processing and Communication Systems","International Conference on Signal Processing and Communication Systems","2019","2019-12-01","Vol. XY","Proceedings","978-592377527","Barcelona","2020.0","Conference"
"SIAM Journal of Control and Optimization","SIAM Journal of Control and Optimization","2019","2019-01-01","33","Journal","nan","","",""
"2019 International Conference on Cutting-edge Technologies in Engineering (ICon-CuTE)","2019 International Conference on Cutting-edge Technologies in Engineering (ICon-CuTE)","2019","2019-11-01","Vol. XY","Proceedings","978-218590669","Toronto","2021.0","Conference"
"International Conferences on Biological Information and Biomedical Engineering","International Conferences on Biological Information and Biomedical Engineering","2019","2019-10-01","Vol. XY","Proceedings","978-448156004","Toronto","2019.0","Conference"
"Communication Systems and Applications","Communication Systems and Applications","2019","2019-07-01","20","Journal","nan","","",""
"IEEE Reviews in Biomedical Engineering","IEEE Reviews in Biomedical Engineering","2019","","8","Journal","nan","","",""
"IEEE Transactions on Signal Processing","IEEE Transactions on Signal Processing","2019","2019-04-01","46","Journal","nan","","",""
"Advanced Engineering Informatics","Advanced Engineering Informatics","2019","2019-10-01","33","Journal","nan","","",""
"International Conference on Computational Collective Intelligence","International Conference on Computational Collective Intelligence","2019","2019-09-04","47","Journal","nan","","",""
"Forensic Science International","Forensic Science International","2019","","24","Journal","nan","","",""
"International Conference Machine Learning, Big Data, Cloud and Parallel Computing","International Conference Machine Learning, Big Data, Cloud and Parallel Computing","2019","2019-02-01","Vol. XY","Proceedings","978-677445497","Tokyo","2018.0","Conference"
"International Symposium on Olfaction and Electronic Nose","International Symposium on Olfaction and Electronic Nose","2019","2019-05-01","42","Journal","nan","","",""
"2019 International Conference on Medical Imaging Physics and Engineering (ICMIPE)","2019 International Conference on Medical Imaging Physics and Engineering (ICMIPE)","2019","2019-11-01","Vol. XY","Proceedings","978-913992320","Toronto","2019.0","Conference"
"Time","Time","2019","2019-10-15","44","Journal","nan","","",""
"Proceedings of the Proceedings of the 1st Sampoerna University-AFBE International Conference, SU-AFBE 2018, 6-7 December 2018, Jakarta Indonesia","International Conference","2019","","Vol. XY","Proceedings","978-881548406","Rome","2018.0","Conference"
"New Media & Society","New Media & Society","2019","2019-07-08","22","Journal","nan","","",""
"International Conference on Learning Analytics and Knowledge","International Conference on Learning Analytics and Knowledge","2019","2019-03-04","20","Journal","nan","","",""
"Journal of Autism and Developmental Disorders","Journal of Autism and Developmental Disorders","2019","2019-05-04","28","Journal","nan","","",""
"IEEE Computer Society Annual Symposium on VLSI","IEEE Computer Society Annual Symposium on VLSI","2019","2019-07-01","15","Journal","nan","","",""
"Interspeech","Interspeech","2019","2019-09-15","12","Journal","nan","","",""
"Intellect","Intellect","2019","2019-11-01","Vol. XY","Proceedings","978-313741832","Barcelona","2021.0","Workshop"
"International Conference on Evaluation & Assessment in Software Engineering","International Conference on Evaluation & Assessment in Software Engineering","2019","2019-04-15","49","Journal","nan","","",""
"SIAM Journal on Scientific Computing","SIAM Journal on Scientific Computing","2019","2019-08-16","47","Journal","nan","","",""
"Journal of Information Security and Applications","Journal of Information Security and Applications","2019","2019-08-01","23","Journal","nan","","",""
"IEEE Journal of Solid-State Circuits","IEEE Journal of Solid-State Circuits","2019","2019-09-12","1","Journal","nan","","",""
"Transactions on Emerging Telecommunications Technologies","Transactions on Emerging Telecommunications Technologies","2019","2019-10-09","7","Journal","nan","","",""
"2019 International Conference on Information Systems and Software Technologies (ICI2ST)","2019 International Conference on Information Systems and Software Technologies (ICI2ST)","2019","2019-11-01","Vol. XY","Proceedings","978-154108968","Sydney","2020.0","Conference"
"J. Documentation","J. Documentation","2019","2019-05-13","39","Journal","nan","","",""
"IEEE/RJS International Conference on Intelligent RObots and Systems","IEEE/RJS International Conference on Intelligent RObots and Systems","2019","2019-11-01","Vol. XY","Proceedings","978-700046440","Paris","2018.0","Workshop"
"2019 IEEE 2nd International Conference on Automation, Electronics and Electrical Engineering (AUTEEE)","2019 IEEE 2nd International Conference on Automation, Electronics and Electrical Engineering (AUTEEE)","2019","2019-11-01","Vol. XY","Proceedings","978-915109231","Berlin","2022.0","Conference"
"2019 IEEE 10th International Conference on Biometrics Theory, Applications and Systems (BTAS)","2019 IEEE 10th International Conference on Biometrics Theory, Applications and Systems (BTAS)","2019","2019-09-01","Vol. XY","Proceedings","978-557979157","New York","2019.0","Conference"
"2019 IEEE EMBS International Conference on Biomedical & Health Informatics (BHI)","2019 IEEE EMBS International Conference on Biomedical & Health Informatics (BHI)","2019","2019-05-01","Vol. XY","Proceedings","978-952374998","London","2018.0","Conference"
"2019 International Conference on Internet of Things (iThings) and IEEE Green Computing and Communications (GreenCom) and IEEE Cyber, Physical and Social Computing (CPSCom) and IEEE Smart Data (SmartData)","2019 International Conference on Internet of Things (iThings) and IEEE Green Computing and Communications (GreenCom) and IEEE Cyber, Physical and Social Computing (CPSCom) and IEEE Smart Data (SmartData)","2019","2019-07-01","Vol. XY","Proceedings","978-493270666","Rome","2019.0","Workshop"
"International Conference Information Management and Management Sciences","International Conference Information Management and Management Sciences","2019","2019-08-23","9","Journal","nan","","",""
"Medical Physics (Lancaster)","Medical Physics (Lancaster)","2019","2019-05-06","46","Journal","nan","","",""
"Journal of Risk Management in Financial Institutions","Journal of Risk Management in Financial Institutions","2019","2019-12-01","2","Journal","nan","","",""
"The Web Conference","The Web Conference","2019","2019-05-13","Vol. XY","Proceedings","978-914563125","Tokyo","2020.0","Conference"
"IEEE Vehicular Technology Conference","IEEE Vehicular Technology Conference","2019","2019-06-17","Vol. XY","Proceedings","978-606521320","Barcelona","2021.0","Conference"
"IEEE Transactions on Mobile Computing","IEEE Transactions on Mobile Computing","2019","2019-11-01","40","Journal","nan","","",""
"ACM Transactions on Management Information Systems","ACM Transactions on Management Information Systems","2019","2019-08-17","38","Journal","nan","","",""
"International Conference on Bio-Inspired Computing: Theories and Applications","International Conference on Bio-Inspired Computing: Theories and Applications","2019","2019-11-22","18","Journal","nan","","",""
"Journal of Global Information Management","Journal of Global Information Management","2019","2019-10-01","27","Journal","nan","","",""
"IEEE Conference on Network Softwarization","IEEE Conference on Network Softwarization","2019","2019-06-01","Vol. XY","Proceedings","978-921252856","Barcelona","2019.0","Conference"
"IEEE International Conference on Information Reuse and Integration","IEEE International Conference on Information Reuse and Integration","2019","2019-07-01","Vol. XY","Proceedings","978-312506060","New York","2019.0","Conference"
"Electric power systems research","Electric power systems research","2019","2019-10-04","34","Journal","nan","","",""
"Comput. Networks","Comput. Networks","2019","2019-10-01","42","Journal","nan","","",""
"GIL Jahrestagung","GIL Jahrestagung","2019","","33","Journal","nan","","",""
"IEEE Transactions on Industrial Informatics","IEEE Transactions on Industrial Informatics","2019","2019-03-01","28","Journal","nan","","",""
"IEEE International Conference on Emerging Technologies and Factory Automation","IEEE International Conference on Emerging Technologies and Factory Automation","2019","2019-09-01","Vol. XY","Proceedings","978-865551780","Rome","2021.0","Conference"
"International Conference on Information Systems for Crisis Response and Management","International Conference on Information Systems for Crisis Response and Management","2020","","46","Journal","nan","","",""
"2020 IEEE 10th International Conference Nanomaterials: Applications & Properties (NAP)","2020 IEEE 10th International Conference Nanomaterials: Applications & Properties (NAP)","2020","2020-11-09","Vol. XY","Proceedings","978-591045817","Sydney","2021.0","Conference"
"HRB Open Research","HRB Open Research","2020","2020-09-28","37","Journal","nan","","",""
"Computers and Chemical Engineering","Computers and Chemical Engineering","2020","2020-12-08","13","Journal","nan","","",""
"Computer Aided Geometric Design","Computer Aided Geometric Design","2020","2020-05-01","5","Journal","nan","","",""
"IEEE Global Humanitarian Technology Conference","IEEE Global Humanitarian Technology Conference","2020","2020-10-29","Vol. XY","Proceedings","978-418928222","Paris","2020.0","Conference"
"Frontiers in Genetics","Frontiers in Genetics","2020","2020-03-12","6","Journal","nan","","",""
"2020 IEEE International Conference on Artificial Intelligence and Computer Applications (ICAICA)","2020 IEEE International Conference on Artificial Intelligence and Computer Applications (ICAICA)","2020","2020-06-01","Vol. XY","Proceedings","978-690312001","Sydney","2018.0","Workshop"
"bioRxiv","bioRxiv","2020","2020-09-20","34","Journal","nan","","",""
"2020 28th Mediterranean Conference on Control and Automation (MED)","2020 28th Mediterranean Conference on Control and Automation (MED)","2020","2020-09-01","Vol. XY","Proceedings","978-448911347","Rome","2019.0","Conference"
"International Conference on Parallel Architectures and Compilation Techniques","International Conference on Parallel Architectures and Compilation Techniques","2020","2020-09-30","Vol. XY","Proceedings","978-136403194","Sydney","2021.0","Conference"
"KSII Transactions on Internet and Information Systems","KSII Transactions on Internet and Information Systems","2020","2020-06-30","6","Journal","nan","","",""
"Inf.","Inf.","2020","2020-09-30","33","Journal","nan","","",""
"Frontiers in Medical Technology","Frontiers in Medical Technology","2020","2020-12-14","36","Journal","nan","","",""
"ACM SIGGRAPH 2020 Emerging Technologies","ACM SIGGRAPH 2020 Emerging Technologies","2020","2020-08-17","18","Journal","nan","","",""
"EPJ Data Science","EPJ Data Science","2020","2020-10-05","36","Journal","nan","","",""
"International Conference on Systems, Signals, and Image Processing","International Conference on Systems, Signals, and Image Processing","2020","2020-07-01","Vol. XY","Proceedings","978-191380970","Paris","2020.0","Conference"
"Technology, Knowledge and Learning","Technology, Knowledge and Learning","2020","2020-06-11","30","Journal","nan","","",""
"International Conference on Artificial Intelligence and Statistics","International Conference on Artificial Intelligence and Statistics","2020","2020-06-22","39","Journal","nan","","",""
"2020 5th International Conference on Electromechanical Control Technology and Transportation (ICECTT)","2020 5th International Conference on Electromechanical Control Technology and Transportation (ICECTT)","2020","2020-05-01","Vol. XY","Proceedings","978-127171956","Tokyo","2019.0","Conference"
"International Symposium on Industrial Electronics","International Symposium on Industrial Electronics","2020","2020-06-01","37","Journal","nan","","",""
"International Conference on Informatics, IoT, and Enabling Technologies","International Conference on Informatics, IoT, and Enabling Technologies","2020","2020-02-01","Vol. XY","Proceedings","978-100755347","London","2021.0","Conference"
"IEEE International Conference on Renewable Energy Research and Applications","IEEE International Conference on Renewable Energy Research and Applications","2020","2020-09-27","Vol. XY","Proceedings","978-920697178","Rome","2019.0","Conference"
"Journal of Computing Sciences in Colleges (JCSC; Formerly: Journal of Computing in Small Colleges)","Journal of Computing Sciences in Colleges (JCSC; Formerly: Journal of Computing in Small Colleges)","2020","2020-10-01","8","Journal","nan","","",""
"Journal of Knowledge Management","Journal of Knowledge Management","2020","2020-07-02","13","Journal","nan","","",""
"International Conference on Electrical Machines","International Conference on Electrical Machines","2020","2020-08-23","1","Proceedings","978-883950924","Barcelona","2019.0","Conference"
"2020 8th International Conference on Cyber and IT Service Management (CITSM)","2020 8th International Conference on Cyber and IT Service Management (CITSM)","2020","2020-10-23","Vol. XY","Proceedings","978-323044331","Berlin","2022.0","Conference"
"The European Physical Journal Plus","The European Physical Journal Plus","2020","2020-01-13","35","Journal","nan","","",""
"International Conference on Entertainment and Media in the Ubiquitous Era","International Conference on Entertainment and Media in the Ubiquitous Era","2020","2020-01-29","12","Journal","nan","","",""
"AEIT International Annual Conference","AEIT International Annual Conference","2020","2020-09-23","Vol. XY","Proceedings","978-551296537","New York","2018.0","Workshop"
"International Workshop on Complex Networks & Their Applications","International Workshop on Complex Networks & Their Applications","2020","","11","Journal","nan","","",""
"2020 IEEE Intl Conf on Parallel & Distributed Processing with Applications, Big Data & Cloud Computing, Sustainable Computing & Communications, Social Computing & Networking (ISPA/BDCloud/SocialCom/SustainCom)","2020 IEEE Intl Conf on Parallel & Distributed Processing with Applications, Big Data & Cloud Computing, Sustainable Computing & Communications, Social Computing & Networking (ISPA/BDCloud/SocialCom/SustainCom)","2020","2020-12-01","19","Journal","nan","","",""
"International Conference on Software Development for Enhancing Accessibility and Fighting Info-exclusion","International Conference on Software Development for Enhancing Accessibility and Fighting Info-exclusion","2020","2020-12-02","47","Journal","nan","","",""
"IEEE Transactions on Network Science and Engineering","IEEE Transactions on Network Science and Engineering","2020","2020-01-01","39","Journal","nan","","",""
"Optical Fiber Communications Conference and Exhibition","Optical Fiber Communications Conference and Exhibition","2020","2020-03-01","Vol. XY","Proceedings","978-225204784","London","2019.0","Conference"
"2020 The 4th International Conference on Business and Information Management","2020 The 4th International Conference on Business and Information Management","2020","2020-08-03","Vol. XY","Proceedings","978-810144374","Tokyo","2018.0","Conference"
"Annual Meeting of the Association for Computational Linguistics","Annual Meeting of the Association for Computational Linguistics","2020","2020-04-09","Vol. XY","Proceedings","978-817382013","Barcelona","2019.0","Conference"
"Artificial Intelligence and Interactive Digital Entertainment Conference","Artificial Intelligence and Interactive Digital Entertainment Conference","2020","2020-01-24","47","Journal","nan","","",""
"IEEE Transactions on Instrumentation and Measurement","IEEE Transactions on Instrumentation and Measurement","2020","2020-08-01","44","Journal","nan","","",""
"ACM Multimedia","ACM Multimedia","2020","2020-10-12","41","Journal","nan","","",""
"International Conference on Cybernetics, Robotics and Control","International Conference on Cybernetics, Robotics and Control","2020","2020-10-16","Vol. XY","Proceedings","978-306907535","Berlin","2022.0","Conference"
"Applied Artificial Intelligence","Applied Artificial Intelligence","2020","2020-02-10","36","Journal","nan","","",""
"Proceedings of the 2020 3rd International Conference on E-Business, Information Management and Computer Science","International Conference on E-Business","2020","2020-12-05","2","Journal","nan","","",""
"IEEE Transactions on Big Data","IEEE Transactions on Big Data","2020","2020-09-01","23","Journal","nan","","",""
"Smart Techno (Smart Technology, Informatics and Technopreneurship)","Smart Techno (Smart Technology, Informatics and Technopreneurship)","2020","2020-10-13","31","Journal","nan","","",""
"Journal of Medical Internet Research","Journal of Medical Internet Research","2020","2020-10-27","8","Journal","nan","","",""
"Digital Threats: Research and Practice","Digital Threats: Research and Practice","2020","2020-12-23","5","Journal","nan","","",""
"International Conference on Pattern Recognition","International Conference on Pattern Recognition","2020","2020-10-17","Vol. XY","Proceedings","978-843780699","Toronto","2021.0","Conference"
"Proceedings of the 30th International Conference on Computer Graphics and Machine Vision (GraphiCon 2020). Part 2","International Conference on Computer Graphics and Machine Vision (GraphiCon 2020). Part 2","2020","2020-12-17","Vol. XY","Proceedings","978-948492825","Paris","2018.0","Conference"
"ASIS&T Annual Meeting","ASIS&T Annual Meeting","2020","2020-10-01","42","Journal","nan","","",""
"Symposium on Computer Animation","Symposium on Computer Animation","2020","","Vol. XY","Proceedings","978-292841625","Barcelona","2018.0","Workshop"
"2020 International Conference on Power Electronics & IoT Applications in Renewable Energy and its Control (PARC)","2020 International Conference on Power Electronics & IoT Applications in Renewable Energy and its Control (PARC)","2020","2020-02-01","Vol. XY","Proceedings","978-860567279","Sydney","2019.0","Conference"
"Proceedings of the 6th International Conference on Engineering & MIS 2020","International Conference on Engineering & MIS 2020","2020","2020-08-23","Vol. XY","Proceedings","978-469570297","Tokyo","2019.0","Conference"
"Microelectronics Journal","Microelectronics Journal","2020","2020-05-01","5","Journal","nan","","",""
"Theoretical Biology and Medical Modelling","Theoretical Biology and Medical Modelling","2020","2020-04-08","23","Journal","nan","","",""
"Adjunct Proceedings of the 2020 ACM International Joint Conference on Pervasive and Ubiquitous Computing and Proceedings of the 2020 ACM International Symposium on Wearable Computers","International Symposium on Wearable Computers","2020","2020-09-10","41","Journal","nan","","",""
"International Conference on Concurrency Theory","International Conference on Concurrency Theory","2020","","43","Journal","nan","","",""
"IEEE Joint International Information Technology and Artificial Intelligence Conference","IEEE Joint International Information Technology and Artificial Intelligence Conference","2020","2020-12-11","9","Proceedings","978-501182710","New York","2022.0","Conference"
"Annual Review of Biomedical Engineering","Annual Review of Biomedical Engineering","2020","2020-06-04","12","Journal","nan","","",""
"Consumer Communications and Networking Conference","Consumer Communications and Networking Conference","2020","2020-01-01","Vol. XY","Proceedings","978-121469844","Rome","2021.0","Conference"
"International Conference on Cyber-Enabled Distributed Computing and Knowledge Discovery","International Conference on Cyber-Enabled Distributed Computing and Knowledge Discovery","2020","2020-10-01","Vol. XY","Proceedings","978-957514980","Rome","2019.0","Conference"
"International Conference on Recent Trends in Image Processing and Pattern Recognition","International Conference on Recent Trends in Image Processing and Pattern Recognition","2020","","16","Journal","nan","","",""
"Neural Networks","Neural Networks","2020","2020-07-10","19","Journal","nan","","",""
"IEEE Micro","IEEE Micro","2020","2020-05-01","4","Journal","nan","","",""
"RAIRO Oper. Res.","RAIRO Oper. Res.","2020","2020-03-10","33","Journal","nan","","",""
"IEEE International Conference on Robotics and Automation","IEEE International Conference on Robotics and Automation","2020","2020-11-09","Vol. XY","Proceedings","978-955211249","Toronto","2018.0","Conference"
"International Journal of Machine Learning and Cybernetics","International Journal of Machine Learning and Cybernetics","2020","2020-01-29","39","Journal","nan","","",""
"IEEE Transactions on Parallel and Distributed Systems","IEEE Transactions on Parallel and Distributed Systems","2020","2020-08-01","16","Journal","nan","","",""
"Asian Conference on Computer Vision","Asian Conference on Computer Vision","2020","","Vol. XY","Proceedings","978-721926064","London","2018.0","Conference"
"2020 IEEE Asia-Pacific Conference on Computer Science and Data Engineering (CSDE)","2020 IEEE Asia-Pacific Conference on Computer Science and Data Engineering (CSDE)","2020","2020-12-16","Vol. XY","Proceedings","978-182830252","Sydney","2019.0","Workshop"
"Italian Conference on Theoretical Computer Science","Italian Conference on Theoretical Computer Science","2020","","35","Journal","nan","","",""
"International Transactions in Operational Research","International Transactions in Operational Research","2020","","14","Journal","nan","","",""
"International Conference on Networking in Education and Research","International Conference on Networking in Education and Research","2020","2020-12-11","Vol. XY","Proceedings","978-944306199","Tokyo","2019.0","Conference"
"Applications in Electronics Pervading Industry, Environment and Society","Applications in Electronics Pervading Industry, Environment and Society","2020","","19","Journal","nan","","",""
"International Conference on Intelligent Transportation, Big Data and Smart City","International Conference on Intelligent Transportation, Big Data and Smart City","2020","2020-01-01","Vol. XY","Proceedings","978-264940253","Tokyo","2022.0","Conference"
"14th International Conference on Computer Graphics, Visualization, Computer Vision and Image Processing, 5th International Conference on Big Data Analytics, Data Mining and Computational Intelligence and 9th International Conference on Theory and Practice in Modern Computing","14th International Conference on Computer Graphics, Visualization, Computer Vision and Image Processing, 5th International Conference on Big Data Analytics, Data Mining and Computational Intelligence and 9th International Conference on Theory and Practice in Modern Computing","2020","2020-07-23","Vol. XY","Proceedings","978-883232816","New York","2022.0","Workshop"
"International Conference Computing Methodologies and Communication","International Conference Computing Methodologies and Communication","2020","2020-03-01","Vol. XY","Proceedings","978-415443133","Berlin","2018.0","Workshop"
"IEEE/ACM Transactions on Computational Biology & Bioinformatics","IEEE/ACM Transactions on Computational Biology & Bioinformatics","2020","2020-02-13","39","Journal","nan","","",""
"International Conference on Agents and Artificial Intelligence","International Conference on Agents and Artificial Intelligence","2020","","46","Journal","nan","","",""
"2020 5th International Conference on Intelligent Informatics and Biomedical Sciences (ICIIBMS)","2020 5th International Conference on Intelligent Informatics and Biomedical Sciences (ICIIBMS)","2020","2020-11-18","Vol. XY","Proceedings","978-949739309","Barcelona","2021.0","Conference"
"IEEE International Symposium on Biomedical Imaging","IEEE International Symposium on Biomedical Imaging","2020","2020-04-01","42","Journal","nan","","",""
"IEEE Communications Surveys and Tutorials","IEEE Communications Surveys and Tutorials","2020","2020-06-19","18","Journal","nan","","",""
"AGIT Journal Angew. Geoinformatik","AGIT Journal Angew. Geoinformatik","2020","","48","Journal","nan","","",""
"Annual Conference on Medical Image Understanding and Analysis","Annual Conference on Medical Image Understanding and Analysis","2020","","5","Journal","nan","","",""
"2020 IEEE Intelligent Vehicles Symposium (IV)","2020 IEEE Intelligent Vehicles Symposium (IV)","2020","2020-10-19","13","Journal","nan","","",""
"2020 International Conference on Computation, Automation and Knowledge Management (ICCAKM)","2020 International Conference on Computation, Automation and Knowledge Management (ICCAKM)","2020","2020-01-01","Vol. XY","Proceedings","978-319936524","Paris","2021.0","Conference"
"BMC Genomics","BMC Genomics","2020","2020-07-16","8","Journal","nan","","",""
"American Naturalist","American Naturalist","2020","2020-06-16","11","Journal","nan","","",""
"2020 5th International Conference on Computer Science and Engineering (UBMK)","2020 5th International Conference on Computer Science and Engineering (UBMK)","2020","2020-09-01","Vol. XY","Proceedings","978-264768628","Barcelona","2021.0","Conference"
"Neuroscience","Neuroscience","2020","2020-02-17","47","Journal","nan","","",""
"IEEE Systems Journal","IEEE Systems Journal","2020","2020-12-29","5","Journal","nan","","",""
"WorldCIST","WorldCIST","2020","2020-04-07","8","Journal","nan","","",""
"International Conference on Artificial Intelligence Circuits and Systems","International Conference on Artificial Intelligence Circuits and Systems","2020","2020-08-01","Vol. XY","Proceedings","978-230650189","Rome","2022.0","Conference"
"Journal of Aerospace Information Systems","Journal of Aerospace Information Systems","2020","2020-01-01","44","Journal","nan","","",""
"International Journal of Emerging Technologies in Learning (iJET)","International Journal of Emerging Technologies in Learning (iJET)","2020","2020-12-22","33","Journal","nan","","",""
"Theoretical Computer Science","Theoretical Computer Science","2020","2020-01-09","47","Journal","nan","","",""
"International ICST Conference on Simulation Tools and Techniques","International ICST Conference on Simulation Tools and Techniques","2020","","18","Journal","nan","","",""
"Computers in Human Behavior","Computers in Human Behavior","2020","2020-03-01","29","Journal","nan","","",""
"International Conference on Computing Communication and Networking Technologies","International Conference on Computing Communication and Networking Technologies","2020","2020-07-01","Vol. XY","Proceedings","978-757204173","Sydney","2018.0","Conference"
"ACM SIGCHI Annual Symposium on Computer-Human Interaction in Play","ACM SIGCHI Annual Symposium on Computer-Human Interaction in Play","2020","2020-11-02","38","Journal","nan","","",""
"Journal of Healthcare Engineering","Journal of Healthcare Engineering","2020","2020-08-22","41","Journal","nan","","",""
"2020 IEEE 31st Annual International Symposium on Personal, Indoor and Mobile Radio Communications","2020 IEEE 31st Annual International Symposium on Personal, Indoor and Mobile Radio Communications","2020","2020-08-01","15","Journal","nan","","",""
"International Journal of Medical Informatics","Medical Informatics","2020","2020-06-01","32","Journal","nan","","",""
"Journal of Animal Ecology","Journal of Animal Ecology","2020","2020-11-17","6","Journal","nan","","",""
"Neural Computing and Applications","Neural Computing and Applications","2020","2020-01-20","47","Journal","nan","","",""
"International Baltic Conference on Databases and Information Systems","International Baltic Conference on Databases and Information Systems","2020","2020-06-16","42","Journal","nan","","",""
"Annual Meeting of the Cognitive Science Society","Annual Meeting of the Cognitive Science Society","2020","","21","Journal","nan","","",""
"Computer Science and Information Systems","Computer Science and Information Systems","2020","","4","Journal","nan","","",""
"International Convention on Information and Communication Technology, Electronics and Microelectronics","International Convention on Information and Communication Technology, Electronics and Microelectronics","2020","2020-09-28","49","Journal","nan","","",""
"International Conference on Communication, Computing & Security","International Conference on Communication, Computing & Security","2020","2020-10-14","Vol. XY","Proceedings","978-931229427","New York","2021.0","Workshop"
"Journal of Computational Physics","Journal of Computational Physics","2020","2020-12-18","17","Journal","nan","","",""
"Genetic Epidemiology","Genetic Epidemiology","2020","2020-07-22","21","Journal","nan","","",""
"AAAI Conference on Artificial Intelligence","AAAI Conference on Artificial Intelligence","2020","2020-02-16","abs/2002.06659","Proceedings","978-286041814","Paris","2019.0","Conference"
"ACM Transactions on Storage","ACM Transactions on Storage","2020","2020-02-28","35","Journal","nan","","",""
"IEEE International Symposium on Safety, Security and Rescue Robotics","IEEE International Symposium on Safety, Security and Rescue Robotics","2020","2020-11-04","1","Journal","nan","","",""
"Computing","Computing","2020","2020-10-06","1","Journal","nan","","",""
"Computer methods and programs in biomedicine","Computer methods and programs in biomedicine","2020","2020-01-14","21","Journal","nan","","",""
"Information and Communication Technologies for Development","Information and Communication Technologies for Development","2020","","31","Journal","nan","","",""
"Sworld-Us conference proceedings","Sworld-Us conference proceedings","2020","2020-03-30","Vol. XY","Proceedings","978-262125948","New York","2018.0","Conference"
"Jurnal Teknik Sipil Terapan","Jurnal Teknik Sipil Terapan","2020","2020-06-20","46","Journal","nan","","",""
"Technological Ecosystem for Enhancing Multiculturality","Technological Ecosystem for Enhancing Multiculturality","2020","2020-10-21","38","Journal","nan","","",""
"Workshop on Innovating the Network for Data-Intensive Science","Workshop on Innovating the Network for Data-Intensive Science","2020","2020-11-01","6","Journal","nan","","",""
"IEEE Transactions on Wireless Communications","IEEE Transactions on Wireless Communications","2020","2020-05-03","15","Journal","nan","","",""
"Discrete Applied Mathematics","Discrete Applied Mathematics","2020","2020-06-15","18","Journal","nan","","",""
"Proceedings of the IEEE. Institute of Electrical and Electronics Engineers","International Proceedings of the IEEE. Institute of Electrical and Electronics Engineers","2020","2020-02-20","31","Journal","nan","","",""
"Simulation modelling practice and theory","Simulation modelling practice and theory","2020","2020-09-01","7","Journal","nan","","",""
"IEEE Transactions on Circuits and Systems II: Express Briefs","IEEE Transactions on Circuits and Systems II: Express Briefs","2020","2020-10-09","49","Journal","nan","","",""
"IEEE Conference on Communications and Network Security","IEEE Conference on Communications and Network Security","2020","2020-06-01","Vol. XY","Proceedings","978-685999184","Sydney","2020.0","Workshop"
"IIAI International Conference on Advanced Applied Informatics","IIAI International Conference on Advanced Applied Informatics","2020","2020-09-01","5","Journal","nan","","",""
"Canadian Journal of School Psychology","Canadian Journal of School Psychology","2020","2020-12-17","3","Journal","nan","","",""
"IEEE Communications Letters","IEEE Communications Letters","2020","2020-07-14","20","Journal","nan","","",""
"Proceedings of the International Academic Conference on Frontiers in Social Sciences and Management Innovation (IAFSM 2019)","International Academic Conference on Frontiers in Social Sciences and Management Innovation (IAFSM 2019)","2020","2020-02-17","Vol. XY","Proceedings","978-511261688","Rome","2019.0","Conference"
"AKCE Int. J. Graphs Comb.","AKCE Int. J. Graphs Comb.","2020","2020-06-01","10","Journal","nan","","",""
"Journal of Chemical Physics","Journal of Chemical Physics","2020","2020-03-21","49","Journal","nan","","",""
"International Conference on Crowd Science and Engineering","International Conference on Crowd Science and Engineering","2021","2021-08-17","Vol. XY","Proceedings","978-548010841","Paris","2021.0","Conference"
"Proceedings of the 5th International Conference on Learning Innovation and Quality Education","International Conference on Learning Innovation and Quality Education","2021","2021-09-04","19","Journal","nan","","",""
"International Conference on Frontiers of Electronics, Information and Computation Technologies","International Conference on Frontiers of Electronics, Information and Computation Technologies","2021","2021-05-21","Vol. XY","Proceedings","978-445889575","Tokyo","2022.0","Conference"
"IEEE Transactions on Circuits and Systems for Video Technology","IEEE Transactions on Circuits and Systems for Video Technology","2021","2021-02-05","16","Journal","nan","","",""
"American Control Conference","American Control Conference","2021","2021-05-25","Vol. XY","Proceedings","978-390855463","Tokyo","2021.0","Conference"
"Ecological Informatics","Ecological Informatics","2021","2021-09-01","23","Journal","nan","","",""
"IEEE Transactions on robotics","IEEE Transactions on robotics","2021","2021-09-02","30","Journal","nan","","",""
"IEEE International Conference on Bioinformatics and Biomedicine","IEEE International Conference on Bioinformatics and Biomedicine","2021","2021-12-09","Vol. XY","Proceedings","978-678910209","Sydney","2019.0","Conference"
"Chaos","Chaos","2021","2021-09-22","14","Journal","nan","","",""
"International journal of information technology","International journal of information technology","2021","2021-03-01","15","Journal","nan","","",""
"2021 IEEE 5th Conference on Energy Internet and Energy System Integration (EI2)","2021 IEEE 5th Conference on Energy Internet and Energy System Integration (EI2)","2021","2021-10-22","Vol. XY","Proceedings","978-545145704","Rome","2020.0","Conference"
"Royal Society Open Science","Royal Society Open Science","2021","2021-11-29","21","Journal","nan","","",""
"Personal and Ubiquitous Computing","Personal and Ubiquitous Computing","2021","2021-01-02","11","Journal","nan","","",""
"IEEE Internet of Things Journal","IEEE Internet of Things Journal","2021","2021-08-15","10","Journal","nan","","",""
"Discret. Math. Algorithms Appl.","Discret. Math. Algorithms Appl.","2021","2021-02-24","44","Journal","nan","","",""
"E3S Web of Conferences","E3S Web of Conferences","2021","","Vol. XY","Proceedings","978-593988280","New York","2020.0","Workshop"
"2021 IEEE International Geoscience and Remote Sensing Symposium IGARSS","2021 IEEE International Geoscience and Remote Sensing Symposium IGARSS","2021","2021-07-11","25","Journal","nan","","",""
"2021 IEEE International Conference on Cloud Engineering (IC2E)","2021 IEEE International Conference on Cloud Engineering (IC2E)","2021","2021-10-01","Vol. XY","Proceedings","978-183562302","Paris","2019.0","Conference"
"Pattern Recognition","Pattern Recognition","2021","2021-04-01","38","Journal","nan","","",""
"Proceedings of the 7th International Conference on Humanities and Social Science Research (ICHSSR 2021)","International Conference on Humanities and Social Science Research (ICHSSR 2021)","2021","2021-05-20","Vol. XY","Proceedings","978-666855418","Toronto","2021.0","Conference"
"International Conference on Real-time Computing and Robotics","International Conference on Real-time Computing and Robotics","2021","2021-07-15","Vol. XY","Proceedings","978-874474241","New York","2020.0","Conference"
"Bioinformatics","Bioinformatics","2021","2021-01-26","14","Journal","nan","","",""
"International Conference on Service Operations and Logistics, and Informatics","International Conference on Service Operations and Logistics, and Informatics","2021","2021-12-11","Vol. XY","Proceedings","978-242842835","Tokyo","2021.0","Conference"
"Artificial intelligence in medicine","Artificial intelligence in medicine","2021","2021-12-05","3","Journal","nan","","",""
"International Journal of Bifurcation and Chaos in Applied Sciences and Engineering","International Journal of Bifurcation and Chaos in Applied Sciences and Engineering","2021","2021-09-25","45","Journal","nan","","",""
"IEEE Uttar Pradesh Section International Conference on Electrical, Computer and Electronics Engineering","IEEE Uttar Pradesh Section International Conference on Electrical, Computer and Electronics Engineering","2021","2021-11-11","Vol. XY","Proceedings","978-444020993","Tokyo","2020.0","Conference"
"Electronics","Electronics","2021","2021-01-18","4","Journal","nan","","",""
"Frontiers in Digital Health","Frontiers in Digital Health","2021","2021-10-15","31","Journal","nan","","",""
"International Journal of Business Information Systems","International Journal of Business Information Systems","2021","","7","Journal","nan","","",""
"PROCEEDINGS OF 8TH INTERNATIONAL CONFERENCE ON ADVANCED MATERIALS ENGINEERING & TECHNOLOGY (ICAMET 2020)","PROCEEDINGS OF 8TH INTERNATIONAL CONFERENCE ON ADVANCED MATERIALS ENGINEERING & TECHNOLOGY (ICAMET 2020)","2021","2021-07-21","Vol. XY","Proceedings","978-789636162","New York","2022.0","Conference"
"International Journal of Human Capital and Information Technology Professionals","International Journal of Human Capital and Information Technology Professionals","2021","","1","Journal","nan","","",""
"ISA transactions","ISA transactions","2021","2021-01-06","1","Journal","nan","","",""
"Journal of Open Source Software","Journal of Open Source Software","2021","2021-03-31","42","Journal","nan","","",""
"2ND INTERNATIONAL CONFERENCE ON ENGINEERING & SCIENCE","2ND INTERNATIONAL CONFERENCE ON ENGINEERING & SCIENCE","2021","","Vol. XY","Proceedings","978-620640276","Sydney","2021.0","Conference"
"SHS Web of Conferences","SHS Web of Conferences","2021","","Vol. XY","Proceedings","978-394855991","Tokyo","2018.0","Conference"
"Cybernetics and systems","Cybernetics and systems","2021","2021-12-01","8","Journal","nan","","",""
"International Journal of Communication Systems","International Journal of Communication Systems","2021","2021-02-02","41","Journal","nan","","",""
"2021 IEEE 25th International Enterprise Distributed Object Computing Workshop (EDOCW)","2021 IEEE 25th International Enterprise Distributed Object Computing Workshop (EDOCW)","2021","2021-10-01","18","Journal","nan","","",""
"International Conference on Cloud Computing and Intelligence Systems","International Conference on Cloud Computing and Intelligence Systems","2021","2021-11-07","Vol. XY","Proceedings","978-104727463","Sydney","2022.0","Conference"
"Proceedings of 23rd Scientific Conference “Scientific Services & Internet – 2021”","International Proceedings of 23rd Scientific Conference “Scientific Services & Internet – 2021”","2021","","Vol. XY","Proceedings","978-675166688","Sydney","2020.0","Conference"
"Soft Computing - A Fusion of Foundations, Methodologies and Applications","Soft Computing - A Fusion of Foundations, Methodologies and Applications","2021","2021-07-09","49","Journal","nan","","",""
"ACM Symposium on Applied Computing","ACM Symposium on Applied Computing","2021","2021-03-22","2","Journal","nan","","",""
"Frontiers in Robotics and AI","Frontiers in Robotics and AI","2021","2021-02-18","43","Journal","nan","","",""
"AJR. American journal of roentgenology","AJR. American journal of roentgenology","2021","2021-07-21","36","Journal","nan","","",""
"International Design and Test Workshop/Symposium","International Design and Test Workshop/Symposium","2021","2021-06-22","Vol. XY","Proceedings","978-417161067","New York","2020.0","Conference"
"IEEE International Workshop on Multimedia Signal Processing","IEEE International Workshop on Multimedia Signal Processing","2021","2021-10-06","18","Journal","nan","","",""
"Conference of the European Chapter of the Association for Computational Linguistics","Conference of the European Chapter of the Association for Computational Linguistics","2021","2021-03-12","Vol. XY","Proceedings","978-943885562","Tokyo","2020.0","Workshop"
"Journal of Scientific Computing","Journal of Scientific Computing","2021","2021-10-16","29","Journal","nan","","",""
"Symmetry","Symmetry","2021","2021-03-26","48","Journal","nan","","",""
"International Journal of Computer Science in Sport","International Journal of Computer Science in Sport","2021","2021-11-28","31","Journal","nan","","",""
"Journal of Web Semantics","Journal of Web Semantics","2021","2021-10-01","14","Journal","nan","","",""
"Int. J. Adv. Intell. Paradigms","Int. J. Adv. Intell. Paradigms","2021","2021-01-25","41","Journal","nan","","",""
"International Conference on Vehicle Technology and Intelligent Transport Systems","International Conference on Vehicle Technology and Intelligent Transport Systems","2021","","30","Journal","nan","","",""
"Methods and Protocols","Methods and Protocols","2021","2021-09-27","34","Journal","nan","","",""
"2021 IEEE/CVF International Conference on Computer Vision Workshops (ICCVW)","2021 IEEE/CVF International Conference on Computer Vision Workshops (ICCVW)","2021","2021-08-16","Vol. XY","Proceedings","978-438534426","Paris","2018.0","Workshop"
"International Conference on Measuring Technology and Mechatronics Automation","International Conference on Measuring Technology and Mechatronics Automation","2021","2021-01-01","Vol. XY","Proceedings","978-169698999","Sydney","2021.0","Conference"
"European Conference on Software Architecture","European Conference on Software Architecture","2021","","38","Journal","nan","","",""
"International Conference on Artificial Intelligence and Computer Science Technology","International Conference on Artificial Intelligence and Computer Science Technology","2021","2021-06-29","Vol. XY","Proceedings","978-192075013","Barcelona","2021.0","Conference"
"IEEE Conference on Computer Communications","IEEE Conference on Computer Communications","2021","2021-05-10","Vol. XY","Proceedings","978-197749376","Rome","2021.0","Conference"
"2021 IEEE 12th International Conference on Software Engineering and Service Science (ICSESS)","2021 IEEE 12th International Conference on Software Engineering and Service Science (ICSESS)","2021","2021-08-20","Vol. XY","Proceedings","978-213476741","Barcelona","2018.0","Conference"
"International Workshop on Spoken Language Translation","International Workshop on Spoken Language Translation","2021","2021-09-27","42","Journal","nan","","",""
"Australasian Computer-Human Interaction Conference","Australasian Computer-Human Interaction Conference","2021","2021-11-30","5","Journal","nan","","",""
"FLAP","FLAP","2021","","31","Journal","nan","","",""
"Spanish Computer Graphics Conference","Spanish Computer Graphics Conference","2021","","36","Journal","nan","","",""
"Data Science","Data Science","2021","2021-05-04","18","Journal","nan","","",""
"SMART","SMART","2021","2021-12-10","Vol. XY","Proceedings","978-315788046","Barcelona","2021.0","Conference"
"Journal of Philosophical Logic","Journal of Philosophical Logic","2021","2021-08-09","31","Journal","nan","","",""
"IEEE Computer Security Foundations Symposium","IEEE Computer Security Foundations Symposium","2021","2021-06-01","13","Journal","nan","","",""
"Computers and Mathematics with Applications","Computers and Mathematics with Applications","2021","2021-06-02","13","Journal","nan","","",""
"International Conference on Signal Processing and Machine Learning","International Conference on Signal Processing and Machine Learning","2021","2021-11-01","Vol. XY","Proceedings","978-851752734","Barcelona","2021.0","Conference"
"Computers & industrial engineering","Computers & industrial engineering","2021","2021-11-01","13","Journal","nan","","",""
"International Conference on Web and Social Media","International Conference on Web and Social Media","2021","2021-05-22","24","Journal","nan","","",""
"Microprocessors and microsystems","Microprocessors and microsystems","2021","2021-06-01","36","Journal","nan","","",""
"Proceedings of the 6th International Conference on Information and Education Innovations","International Conference on Information and Education Innovations","2021","2021-04-16","15","Journal","nan","","",""
"Journal of Visual Communication and Image Representation","Journal of Visual Communication and Image Representation","2021","","30","Journal","nan","","",""
"Symposium on VLSI Circuits","Symposium on VLSI Circuits","2021","2021-06-13","34","Journal","nan","","",""
"International ITG Workshop on Smart Antennas","International ITG Workshop on Smart Antennas","2021","","14","Journal","nan","","",""
"International Conference on Information Systems and Computer Aided Education","International Conference on Information Systems and Computer Aided Education","2021","2021-09-24","42","Journal","nan","","",""
"Middle East and North Africa Communications Conference","Middle East and North Africa Communications Conference","2021","2021-12-03","Vol. XY","Proceedings","978-287336423","Rome","2019.0","Conference"
"2021 21st ACIS International Winter Conference on Software Engineering, Artificial Intelligence, Networking and Parallel/Distributed Computing (SNPD-Winter)","2021 21st ACIS International Winter Conference on Software Engineering, Artificial Intelligence, Networking and Parallel/Distributed Computing (SNPD-Winter)","2021","2021-01-01","Vol. XY","Proceedings","978-194709778","Berlin","2019.0","Conference"
"2021 Ural-Siberian Smart Energy Conference (USSEC)","2021 Ural-Siberian Smart Energy Conference (USSEC)","2021","2021-11-13","Vol. XY","Proceedings","978-165085040","Rome","2018.0","Conference"
"Computational optimization and applications","Computational optimization and applications","2021","2021-01-02","45","Journal","nan","","",""
"2021 Asia-Pacific Conference on Communications Technology and Computer Science (ACCTCS)","2021 Asia-Pacific Conference on Communications Technology and Computer Science (ACCTCS)","2021","2021-01-01","Vol. XY","Proceedings","978-660193179","Tokyo","2019.0","Workshop"
"Proceedings of the Canadian Conference on Artificial Intelligence","International Proceedings of the Canadian Conference on Artificial Intelligence","2021","2021-06-08","Vol. XY","Proceedings","978-225431627","Tokyo","2022.0","Conference"
"Sistemi Evoluti per Basi di Dati","Sistemi Evoluti per Basi di Dati","2021","","22","Journal","nan","","",""
"IEICE Trans. Inf. Syst.","IEICE Trans. Inf. Syst.","2021","2021-03-01","9","Journal","nan","","",""
"Automation, Control, and Information Technology","Automation, Control, and Information Technology","2021","2021-09-15","Vol. XY","Proceedings","978-799940242","Berlin","2021.0","Conference"
"Pattern Recognition Letters","Pattern Recognition Letters","2021","2021-03-16","16","Journal","nan","","",""
"Complex","Complex","2021","","25","Journal","nan","","",""
"International Conference on Semantic Systems","International Conference on Semantic Systems","2021","2021-08-31","13","Journal","nan","","",""
"International Journal of Electrical Engineering & Education","Electrical Engineering & Education","2021","2021-01-27","13","Journal","nan","","",""
"Jurnal Akuntansi Bisnis Dan Humaniora","Jurnal Akuntansi Bisnis Dan Humaniora","2021","2021-01-14","17","Journal","nan","","",""
"IEEE International Conference on RFID-Technologies and Applications","IEEE International Conference on RFID-Technologies and Applications","2021","2021-10-06","Vol. XY","Proceedings","978-496395461","Barcelona","2018.0","Workshop"
"International Conference on Mobile and Ubiquitous Multimedia","International Conference on Mobile and Ubiquitous Multimedia","2021","2021-05-12","2","Journal","nan","","",""
"IEEE Transactions on Geoscience and Remote Sensing","IEEE Transactions on Geoscience and Remote Sensing","2021","2021-10-01","47","Journal","nan","","",""
"Global Health: Science and Practice Journal","Global Health: Science and Practice Journal","2021","2021-03-15","2","Journal","nan","","",""
"2021 International Conference on Electrical Engineering and Photonics (EExPolytech)","2021 International Conference on Electrical Engineering and Photonics (EExPolytech)","2021","2021-06-21","Vol. XY","Proceedings","978-703315941","Rome","2021.0","Conference"
"2021 IEEE International Conference on Big Data (Big Data)","2021 IEEE International Conference on Big Data (Big Data)","2021","2021-12-15","Vol. XY","Proceedings","978-262851510","Barcelona","2021.0","Conference"
"IEEE International Symposium on Quality Electronic Design","IEEE International Symposium on Quality Electronic Design","2021","2021-04-07","37","Journal","nan","","",""
"2021 IEEE Asia-Pacific Conference on Computer Science and Data Engineering (CSDE)","2021 IEEE Asia-Pacific Conference on Computer Science and Data Engineering (CSDE)","2021","2021-12-08","Vol. XY","Proceedings","978-471106194","Paris","2020.0","Conference"
"IEEE Software","IEEE Software","2021","2021-11-01","1","Journal","nan","","",""
"2021 International Conference on Information Control, Electrical Engineering and Rail Transit (ICEERT)","2021 International Conference on Information Control, Electrical Engineering and Rail Transit (ICEERT)","2021","2021-10-01","Vol. XY","Proceedings","978-441149697","Paris","2021.0","Conference"
"Journal of Molecular Structure","Journal of Molecular Structure","2021","2021-08-28","18","Journal","nan","","",""
"Current Opinion in Systems Biology","Current Opinion in Systems Biology","2021","2021-06-30","9","Journal","nan","","",""
"IEEE Wireless Communications Letters","IEEE Wireless Communications Letters","2021","2021-10-01","44","Journal","nan","","",""
"BMC Medical Informatics and Decision Making","BMC Medical Informatics and Decision Making","2021","2021-11-16","27","Journal","nan","","",""
"IEEE International Conference on Software Analysis, Evolution, and Reengineering","IEEE International Conference on Software Analysis, Evolution, and Reengineering","2021","2021-03-01","Vol. XY","Proceedings","978-887972941","New York","2018.0","Conference"
"Quality and Reliability Engineering International","Quality and Reliability Engineering International","2021","2021-05-19","8","Journal","nan","","",""
"International Conference on Soft Robotics","International Conference on Soft Robotics","2021","2021-04-12","Vol. XY","Proceedings","978-238035719","New York","2021.0","Conference"
"2021 9th International Conference on Reliability, Infocom Technologies and Optimization (Trends and Future Directions) (ICRITO)","2021 9th International Conference on Reliability, Infocom Technologies and Optimization (Trends and Future Directions) (ICRITO)","2021","2021-09-03","Vol. XY","Proceedings","978-468673853","Rome","2020.0","Conference"
"Wireless personal communications","Wireless personal communications","2021","2021-09-01","44","Journal","nan","","",""
"2021 International Conference on Data Analytics for Business and Industry (ICDABI)","2021 International Conference on Data Analytics for Business and Industry (ICDABI)","2021","2021-10-25","Vol. XY","Proceedings","978-119799986","Paris","2020.0","Workshop"
"IEEE Transactions on Circuits and Systems Part 1: Regular Papers","IEEE Transactions on Circuits and Systems Part 1: Regular Papers","2021","2021-08-01","12","Journal","nan","","",""
"Journal of Computational Design and Engineering","Journal of Computational Design and Engineering","2021","","33","Journal","nan","","",""
"Accident Analysis and Prevention","Accident Analysis and Prevention","2021","2021-09-23","28","Journal","nan","","",""
"IEEE Transactions on Biomedical Engineering","IEEE Transactions on Biomedical Engineering","2021","2021-05-14","27","Journal","nan","","",""
"International Instrumentation and Measurement Technology Conference","International Instrumentation and Measurement Technology Conference","2022","2022-05-16","Vol. XY","Proceedings","978-268016286","New York","2022.0","Workshop"
"Data Storage and Data Engineering","Data Storage and Data Engineering","2022","2022-02-25","47","Journal","nan","","",""
"Information Sciences","Information Sciences","2022","2022-06-01","38","Journal","nan","","",""
"EAI Endorsed Trans. Ind. Networks Intell. Syst.","EAI Endorsed Trans. Ind. Networks Intell. Syst.","2022","2022-06-21","6","Journal","nan","","",""
"IEEE-RAS International Conference on Humanoid Robots","IEEE-RAS International Conference on Humanoid Robots","2022","2022-07-15","Vol. XY","Proceedings","978-983565475","Barcelona","2021.0","Conference"
"Proceedings of the International Scientific Conference “Smart Nations: Global Trends In The Digital Economy”","International Scientific Conference “Smart Nations: Global Trends In The Digital Economy”","2022","","Vol. XY","Proceedings","978-307259305","Tokyo","2022.0","Conference"
"2022 12th International Conference on Pattern Recognition Systems (ICPRS)","2022 12th International Conference on Pattern Recognition Systems (ICPRS)","2022","2022-06-07","Vol. XY","Proceedings","978-232074800","Barcelona","2018.0","Conference"
"Unmanned Systems","Unmanned Systems","2022","2022-06-27","13","Journal","nan","","",""
"Conference on Computer and Communications Security","Conference on Computer and Communications Security","2022","2022-11-07","Vol. XY","Proceedings","978-940053178","Berlin","2022.0","Conference"
"Journal of Addictive  Diseases","Journal of Addictive  Diseases","2022","2022-03-11","47","Journal","nan","","",""
"International Conference on Rehabilitation Robotics","International Conference on Rehabilitation Robotics","2022","2022-07-01","Vol. XY","Proceedings","978-526027357","Toronto","2021.0","Conference"
"Journal of Dairy Science","Journal of Dairy Science","2022","2022-10-01","11","Journal","nan","","",""
"International Carnahan Conference on Security Technology","International Carnahan Conference on Security Technology","2022","2022-11-09","Vol. XY","Proceedings","978-779432847","Barcelona","2021.0","Workshop"
"International Conference on Developments in Language Theory","International Conference on Developments in Language Theory","2022","","Vol. XY","Proceedings","978-125597893","London","2018.0","Conference"
"International Journal of Simulation and Process Modelling","International Journal of Simulation and Process Modelling","2022","","47","Journal","nan","","",""
"Petra","Petra","2022","2022-06-29","15","Journal","nan","","",""
"IEEE International Conference on Consumer Electronics","IEEE International Conference on Consumer Electronics","2022","2022-01-07","Vol. XY","Proceedings","978-457089608","London","2021.0","Conference"
"IEEE/ACM International Conference on Human-Robot Interaction","IEEE/ACM International Conference on Human-Robot Interaction","2022","2022-03-07","Vol. XY","Proceedings","978-256140102","Rome","2022.0","Conference"
"2022 3rd International Conference on Communication, Computing and Industry 4.0 (C2I4)","2022 3rd International Conference on Communication, Computing and Industry 4.0 (C2I4)","2022","2022-12-15","Vol. XY","Proceedings","978-170019387","Toronto","2019.0","Conference"
"Engineering applications of artificial intelligence","Engineering applications of artificial intelligence","2022","2022-11-01","23","Journal","nan","","",""
"2022 8th International Conference on Advanced Computing and Communication Systems (ICACCS)","2022 8th International Conference on Advanced Computing and Communication Systems (ICACCS)","2022","2022-03-25","1","Proceedings","978-581020010","Rome","2020.0","Conference"
"2022 6th International Conference on Informatics and Computational Sciences (ICICoS)","2022 6th International Conference on Informatics and Computational Sciences (ICICoS)","2022","2022-09-28","Vol. XY","Proceedings","978-711124441","Tokyo","2021.0","Conference"
"Neural Processing Letters","Neural Processing Letters","2022","2022-03-10","23","Journal","nan","","",""
"Computers in biology and medicine","Computers in biology and medicine","2022","2022-07-29","19","Journal","nan","","",""
"ACM/IEEE International Conference on Model Driven Engineering Languages and Systems","ACM/IEEE International Conference on Model Driven Engineering Languages and Systems","2022","2022-10-23","Vol. XY","Proceedings","978-494103872","Berlin","2022.0","Conference"
"Proceedings of the 2022 6th International Conference on Electronic Information Technology and Computer Engineering","International Conference on Electronic Information Technology and Computer Engineering","2022","2022-10-21","41","Journal","nan","","",""
"Medicine, Science and the Law","Medicine, Science and the Law","2022","2022-08-10","16","Journal","nan","","",""
"IEEE Communications Magazine","IEEE Communications Magazine","2022","2022-07-01","22","Journal","nan","","",""
"European Journal of Obstetrics, Gynecology, and Reproductive Biology","European Journal of Obstetrics, Gynecology, and Reproductive Biology","2022","2022-12-01","19","Journal","nan","","",""
"Computer Communications","Computer Communications","2022","2022-06-01","37","Journal","nan","","",""
"2022 International Conference on Electrical, Computer, Communications and Mechatronics Engineering (ICECCME)","2022 International Conference on Electrical, Computer, Communications and Mechatronics Engineering (ICECCME)","2022","2022-11-16","Vol. XY","Proceedings","978-790535292","Rome","2020.0","Conference"
"2022 International Conference on Computational Science and Computational Intelligence (CSCI)","2022 International Conference on Computational Science and Computational Intelligence (CSCI)","2022","2022-12-01","Vol. XY","Proceedings","978-689998862","Tokyo","2020.0","Conference"
"Algorithms","Algorithms","2022","2022-01-17","6","Journal","nan","","",""
"Frontiers in Medicine","Frontiers in Medicine","2022","2022-02-22","26","Journal","nan","","",""
"2022 IEEE Nigeria 4th International Conference on Disruptive Technologies for Sustainable Development (NIGERCON)","2022 IEEE Nigeria 4th International Conference on Disruptive Technologies for Sustainable Development (NIGERCON)","2022","2022-04-17","Vol. XY","Proceedings","978-187612845","New York","2018.0","Conference"
"European Signal Processing Conference","European Signal Processing Conference","2022","2022-08-29","Vol. XY","Proceedings","978-822155412","Paris","2020.0","Conference"
"2022 27th OptoElectronics and Communications Conference (OECC) and 2022 International Conference on Photonics in Switching and Computing (PSC)","2022 27th OptoElectronics and Communications Conference (OECC) and 2022 International Conference on Photonics in Switching and Computing (PSC)","2022","2022-07-03","Vol. XY","Proceedings","978-328829262","Sydney","2020.0","Workshop"
"ISPRS Int. J. Geo Inf.","ISPRS Int. J. Geo Inf.","2022","2022-06-23","30","Journal","nan","","",""
"Distributed Event-Based Systems","Distributed Event-Based Systems","2022","2022-06-27","Vol. XY","Proceedings","978-472052162","Paris","2019.0","Workshop"
"Library hi tech","Library hi tech","2022","2022-06-17","11","Journal","nan","","",""
"Asian Simulation Conference","Asian Simulation Conference","2022","","37","Journal","nan","","",""
"Web Information System and Application Conference","Web Information System and Application Conference","2022","","40","Journal","nan","","",""
"2022 Second International Conference on Next Generation Intelligent Systems (ICNGIS)","2022 Second International Conference on Next Generation Intelligent Systems (ICNGIS)","2022","2022-07-29","Vol. XY","Proceedings","978-749158151","New York","2018.0","Conference"
"Natural Language Engineering","Natural Language Engineering","2022","2022-05-23","4","Journal","nan","","",""
"IEEE International Symposium on Distributed Simulation and Real-Time Applications","IEEE International Symposium on Distributed Simulation and Real-Time Applications","2022","2022-09-26","31","Journal","nan","","",""
"IEEE Transactions on Cognitive and Developmental Systems","IEEE Transactions on Cognitive and Developmental Systems","2022","2022-03-01","35","Journal","nan","","",""
"Eurographics","Eurographics","2022","2022-08-08","Vol. XY","Proceedings","978-501538566","Rome","2022.0","Conference"
"Journal of Low Frequency Noise Vibration and Active Control","Journal of Low Frequency Noise Vibration and Active Control","2022","2022-09-26","13","Journal","nan","","",""
"International Conference on Information and Knowledge Management","International Conference on Information and Knowledge Management","2022","2022-10-17","Vol. XY","Proceedings","978-626823292","New York","2019.0","Workshop"
"AAAI Spring Symposium Combining Machine Learning with Knowledge Engineering","AAAI Spring Symposium Combining Machine Learning with Knowledge Engineering","2022","2022-01-20","15","Journal","nan","","",""
"International Conferences on Pattern Recognition and Artificial Intelligence","International Conferences on Pattern Recognition and Artificial Intelligence","2022","","45","Journal","nan","","",""
"International Journal of Data Science and Advanced Analytics","Data Science and Advanced Analytics","2022","2022-12-06","27","Journal","nan","","",""
"Complex & Intelligent Systems","Complex & Intelligent Systems","2022","2022-11-24","10","Journal","nan","","",""
"Asian Control Conference","Asian Control Conference","2022","2022-05-04","Vol. XY","Proceedings","978-653330477","London","2018.0","Conference"
"INTERNATIONAL JOURNAL OF HIGH INFORMATION, COMPUTERIZATION, ENGINEERING AND APPLIED SCIENCE (JHICE)","INTERNATIONAL JOURNAL OF HIGH INFORMATION, COMPUTERIZATION, ENGINEERING AND APPLIED SCIENCE (JHICE)","2022","2022-07-04","26","Journal","nan","","",""
"Computers & Operations Research","Computers & Operations Research","2022","","44","Journal","nan","","",""
"System Configuration Management","System Configuration Management","2022","2022-05-25","Vol. XY","Proceedings","978-166114449","New York","2020.0","Conference"
"Information Systems Frontiers","Information Systems Frontiers","2022","2022-06-08","5","Journal","nan","","",""
"Briefings in Bioinformatics","Briefings in Bioinformatics","2022","2022-12-27","47","Journal","nan","","",""
"Communications in nonlinear science & numerical simulation","Communications in nonlinear science & numerical simulation","2022","2022-03-01","18","Journal","nan","","",""
"ACM Transactions on Internet of Things","ACM Transactions on Internet of Things","2022","2022-12-06","36","Journal","nan","","",""
"J. Sensors","J. Sensors","2022","2022-05-24","11","Journal","nan","","",""
"Foundations of Software Technology and Theoretical Computer Science","Foundations of Software Technology and Theoretical Computer Science","2022","2022-02-01","Vol. XY","Proceedings","978-909140694","Berlin","2022.0","Conference"
"Science","Science","2022","2022-12-09","18","Journal","nan","","",""
"Circuits, systems, and signal processing","Circuits, systems, and signal processing","2022","2022-12-12","40","Journal","nan","","",""
"International Conference on Industrial Informatics","International Conference on Industrial Informatics","2022","2022-07-25","Vol. XY","Proceedings","978-100381248","Sydney","2020.0","Conference"
"International Conferences on Computing and Pattern Recognition","International Conferences on Computing and Pattern Recognition","2022","2022-11-17","1","Journal","nan","","",""
"ARES","ARES","2022","2022-08-23","6","Journal","nan","","",""
"2022 4th International Conference on Sustainable Technologies for Industry 4.0 (STI)","2022 4th International Conference on Sustainable Technologies for Industry 4.0 (STI)","2022","2022-12-17","Vol. XY","Proceedings","978-536090848","New York","2022.0","Conference"
"IEEE Transactions on Computer-Aided Design of Integrated Circuits and Systems","IEEE Transactions on Computer-Aided Design of Integrated Circuits and Systems","2022","2022-08-01","9","Journal","nan","","",""
"Confluence","Confluence","2022","2022-01-27","Vol. XY","Proceedings","978-145589294","New York","2020.0","Conference"
"2022 8th Annual International Conference on Network and Information Systems for Computers (ICNISC)","2022 8th Annual International Conference on Network and Information Systems for Computers (ICNISC)","2022","2022-09-01","Vol. XY","Proceedings","978-234610027","Berlin","2020.0","Conference"
"Journal of Signal Processing Systems","Journal of Signal Processing Systems","2022","2022-09-19","20","Journal","nan","","",""
"Workshop on Advanced Robotics and its Social Impacts","Workshop on Advanced Robotics and its Social Impacts","2022","2022-05-28","Vol. XY","Proceedings","978-973402962","Paris","2019.0","Workshop"
"International Conference on Automated Software Engineering","International Conference on Automated Software Engineering","2022","2022-10-10","Vol. XY","Proceedings","978-679646791","Rome","2022.0","Conference"
"Briefings in bioinformatics","Briefings in bioinformatics","2022","2022-03-14","35","Journal","nan","","",""
"4TH INTERNATIONAL CONFERENCE ON FRONTIERS OF BIOLOGICAL SCIENCES AND ENGINEERING (FBSE 2021)","4TH INTERNATIONAL CONFERENCE ON FRONTIERS OF BIOLOGICAL SCIENCES AND ENGINEERING (FBSE 2021)","2022","","Vol. XY","Proceedings","978-201540425","London","2022.0","Conference"
"International Conference on Computational Intelligence and Communication Networks","International Conference on Computational Intelligence and Communication Networks","2022","2022-12-04","Vol. XY","Proceedings","978-465621276","Sydney","2022.0","Conference"
"Symposium on Combinatorial Search","Symposium on Combinatorial Search","2022","2022-07-17","21","Journal","nan","","",""
"International Symposium on Communication Systems, Networks and Digital Signal Processing","International Symposium on Communication Systems, Networks and Digital Signal Processing","2022","2022-04-26","48","Journal","nan","","",""
"Journal of the Academy of Marketing Science","Journal of the Academy of Marketing Science","2022","2022-04-20","3","Journal","nan","","",""
"2022 4th International Conference on Computer Science and Technologies in Education (CSTE)","2022 4th International Conference on Computer Science and Technologies in Education (CSTE)","2022","2022-05-01","Vol. XY","Proceedings","978-942533488","Barcelona","2020.0","Conference"
"Nanomaterials","Nanomaterials","2022","2022-04-01","23","Journal","nan","","",""
"Fourth International Conference on Computer Science and Educational Informatization (CSEI 2022)","Fourth International Conference on Computer Science and Educational Informatization (CSEI 2022)","2022","","Vol. XY","Proceedings","978-542024629","Sydney","2022.0","Workshop"
"2022 IEEE/ACM International Conference On Computer Aided Design (ICCAD)","2022 IEEE/ACM International Conference On Computer Aided Design (ICCAD)","2022","2022-10-29","Vol. XY","Proceedings","978-594827554","Barcelona","2019.0","Conference"
"2022 IEEE International Conference on Data Science and Information System (ICDSIS)","2022 IEEE International Conference on Data Science and Information System (ICDSIS)","2022","2022-07-29","Vol. XY","Proceedings","978-567010590","Sydney","2020.0","Workshop"
"IEEE Electron Devices Technology and Manufacturing Conference","IEEE Electron Devices Technology and Manufacturing Conference","2022","2022-03-06","Vol. XY","Proceedings","978-476246714","London","2020.0","Workshop"
"IEEE Transactions on Network and Service Management","IEEE Transactions on Network and Service Management","2022","2022-04-27","48","Journal","nan","","",""
"ACM Transactions on Knowledge Discovery from Data","ACM Transactions on Knowledge Discovery from Data","2022","2022-10-25","18","Journal","nan","","",""
"ACM Transactions on Sensor Networks","ACM Transactions on Sensor Networks","2022","2022-03-24","12","Journal","nan","","",""
"International Conference on Mobile Ad-hoc and Sensor Networks","International Conference on Mobile Ad-hoc and Sensor Networks","2022","2022-10-25","Vol. XY","Proceedings","978-970568623","Rome","2022.0","Workshop"
"International Journal of Learning Technology","International Journal of Learning Technology","2022","","27","Journal","nan","","",""
"Conference on Human Information Interaction and Retrieval","Conference on Human Information Interaction and Retrieval","2022","2022-03-14","16","Journal","nan","","",""
"Proceedings of the VLDB Endowment","Proceedings of the VLDB Endowment","2022","2022-08-01","21","Journal","nan","","",""
"Pacific-Asia Conference on Knowledge Discovery and Data Mining","Pacific-Asia Conference on Knowledge Discovery and Data Mining","2022","","Vol. XY","Proceedings","978-359565631","Sydney","2021.0","Conference"
"International Conference on Neural Information Processing","International Conference on Neural Information Processing","2022","","37","Journal","nan","","",""
"IEEE Conference on Decision and Control","IEEE Conference on Decision and Control","2022","2022-12-06","Vol. XY","Proceedings","978-276177171","New York","2018.0","Conference"
"BMC Medical Imaging","BMC Medical Imaging","2022","2022-09-03","38","Journal","nan","","",""
"2022 International Conference on Smart Grid Synchronized Measurements and Analytics (SGSMA)","2022 International Conference on Smart Grid Synchronized Measurements and Analytics (SGSMA)","2022","2022-05-24","Vol. XY","Proceedings","978-746885944","Toronto","2021.0","Workshop"
"IEEE Journal on Selected Areas in Communications","IEEE Journal on Selected Areas in Communications","2022","2022-10-26","49","Journal","nan","","",""
"Brazilian Symposium on Multimedia and the Web","Brazilian Symposium on Multimedia and the Web","2022","2022-11-07","15","Journal","nan","","",""
"International Journal of Network Management","International Journal of Network Management","2022","2022-04-15","23","Journal","nan","","",""
"Expert Systems","Expert Systems","2022","2022-04-22","8","Journal","nan","","",""
"METAL Conference Proeedings","METAL Conference Proeedings","2022","","Vol. XY","Proceedings","978-296986176","Barcelona","2022.0","Conference"
"European Conference on Information Systems","European Conference on Information Systems","2022","","Vol. XY","Proceedings","978-329392718","Paris","2022.0","Conference"
"International Journal of Applied Decision Sciences","International Journal of Applied Decision Sciences","2022","","16","Journal","nan","","",""
"2022 IEEE International Conference on Pervasive Computing and Communications Workshops and other Affiliated Events (PerCom Workshops)","2022 IEEE International Conference on Pervasive Computing and Communications Workshops and other Affiliated Events (PerCom Workshops)","2022","2022-03-21","Vol. XY","Proceedings","978-277267275","Barcelona","2018.0","Workshop"
"Numerical Algorithms","Numerical Algorithms","2022","2022-05-03","1","Journal","nan","","",""
"Portland International Conference on Management of Engineering and Technology","Portland International Conference on Management of Engineering and Technology","2022","2022-08-01","Vol. XY","Proceedings","978-870197471","New York","2019.0","Conference"
"Practice and Experience in Advanced Research Computing","Practice and Experience in Advanced Research Computing","2022","2022-07-08","49","Journal","nan","","",""
"2022 10th International Conference on Reliability, Infocom Technologies and Optimization (Trends and Future Directions) (ICRITO)","2022 10th International Conference on Reliability, Infocom Technologies and Optimization (Trends and Future Directions) (ICRITO)","2022","2022-10-13","Vol. XY","Proceedings","978-431205450","Sydney","2022.0","Conference"
"IEEE PES Innovative Smart Grid Technologies Conference","IEEE PES Innovative Smart Grid Technologies Conference","2022","2022-04-24","Vol. XY","Proceedings","978-345439833","London","2022.0","Conference"
"International Journal of Science and Research (IJSR)","International Journal of Science and Research (IJSR)","2022","2022-10-05","37","Journal","nan","","",""
"2022 6th International Conference on Electrical, Telecommunication and Computer Engineering (ELTICOM)","2022 6th International Conference on Electrical, Telecommunication and Computer Engineering (ELTICOM)","2022","2022-11-22","Vol. XY","Proceedings","978-687854888","Rome","2018.0","Workshop"
"ACM Transactions on Design Automation of Electronic Systems (TODAES)","ACM Transactions on Design Automation of Electronic Systems (TODAES)","2022","2022-02-18","23","Journal","nan","","",""
"Annual Conference of the IEEE Industrial Electronics Society","Annual Conference of the IEEE Industrial Electronics Society","2022","2022-10-17","Vol. XY","Proceedings","978-142281520","Barcelona","2021.0","Conference"
"International Conference on Modern Circuits and Systems Technologies","International Conference on Modern Circuits and Systems Technologies","2022","2022-06-08","Vol. XY","Proceedings","978-932905206","New York","2018.0","Conference"
"International Conference on Signal Processing and Communications","International Conference on Signal Processing and Communications","2022","2022-07-11","Vol. XY","Proceedings","978-798163244","Rome","2021.0","Conference"
"International Conference on Information and Communication Technologies for Sustainable Agri-production and Environment","International Conference on Information and Communication Technologies for Sustainable Agri-production and Environment","2022","","36","Journal","nan","","",""
"Molecular Plant","Molecular Plant","2022","2022-12-01","36","Journal","nan","","",""
"Asia-Pacific Conference on Communications","Asia-Pacific Conference on Communications","2022","2022-10-19","Vol. XY","Proceedings","978-167221799","Sydney","2022.0","Conference"
"2022 IEEE PES Innovative Smart Grid Technologies - Asia (ISGT Asia)","2022 IEEE PES Innovative Smart Grid Technologies - Asia (ISGT Asia)","2022","2022-11-01","48","Journal","nan","","",""
"Journal of Supercomputing","Journal of Supercomputing","2022","2022-02-28","5","Journal","nan","","",""
"International Journal of Artificial Intelligence, Data Science, and Machine Learning","Artificial Intelligence","2022","","31","Journal","nan","","",""
"International Journal of Biometrics (IJBM)","International Journal of Biometrics (IJBM)","2022","","30","Journal","nan","","",""
"International Conference on Awareness Science and Technology","International Conference on Awareness Science and Technology","2022","","Vol. XY","Proceedings","978-127705205","Toronto","2018.0","Conference"
"Information and Communication Technology Convergence","Information and Communication Technology Convergence","2022","2022-10-19","Vol. XY","Proceedings","978-741148696","Barcelona","2021.0","Conference"
"Conference on Design of Circuits and Integrated Systems","Conference on Design of Circuits and Integrated Systems","2022","2022-11-16","Vol. XY","Proceedings","978-606980594","Toronto","2018.0","Workshop"
"AIP Conference Proceedings","AIP Conference Proceedings","2022","","Vol. XY","Proceedings","978-713491234","Paris","2021.0","Conference"
"2022 4th International Conference on Cybernetics and Intelligent System (ICORIS)","2022 4th International Conference on Cybernetics and Intelligent System (ICORIS)","2022","2022-10-08","Vol. XY","Proceedings","978-238960015","Sydney","2018.0","Conference"
"Journal of Environmental and Public Health","Journal of Environmental and Public Health","2022","2022-09-08","23","Journal","nan","","",""
"Journal of King Saud University: Computer and Information Sciences","Journal of King Saud University: Computer and Information Sciences","2022","2022-09-01","49","Journal","nan","","",""
"Journal of Guaranteed Impact","Journal of Guaranteed Impact","2021","2021-01-01","Volume 1","Journal","","","",""
"Proceedings of The Summit of Graph Databases 2018","The Summit of Graph Databases","2018","2018-06-01","","Proceedings","","Barcelona","1.0","Conference"
"Proceedings of The Summit of Graph Databases 2019","The Summit of Graph Databases","2019","2019-06-01","","Proceedings","","Barcelona","2.0","Conference"
"Proceedings of The Summit of Graph Databases 2020","The Summit of Graph Databases","2020","2020-06-01","","Proceedings","","Barcelona","3.0","Conference"
"Proceedings of The Summit of Graph Databases 2021","The Summit of Graph Databases","2021","2021-06-01","","Proceedings","","Barcelona","4.0","Conference"
"Proceedings of International Summit of DB Gurus","International Summit of DB Gurus","2020","2020-01-01","","Proceedings","","Rome","1.0","Conference"
