"paperId","reviewerId","text","state"
"00000ec6adcb879a5d755ec1279594be7b509552","121315951","vjpvyrVOmQnLkXHKvWWScqYhQFfTVnhfGbgzeFHHmVK EAxzWj","accepted"
"00000ec6adcb879a5d755ec1279594be7b509552","1709595","UUin UEMqnwLdSpJWIkGsvQxQlEopuAnmTiAwJufJvlCTVUrku","accepted"
"00000ec6adcb879a5d755ec1279594be7b509552","1768073","kKHwH wTX nzvdAbtUCxmBgAmqFahxnvYxmsqeZlhQnPsdpKFd","accepted"
"0000155335cf64aec7099d5e7eee8bb4d33807ca","2181811791","jNrMvvvGWBeDcwLjcgdAHxpLunJSoJNoXodWknwyIlWdOGAuQo","accepted"
"0000155335cf64aec7099d5e7eee8bb4d33807ca","1471733439","CPaqOhcQ pTqFNRxKEryoBZrmzppCSwf GlSvgGrYDrLqoX YL","rejected"
"0000155335cf64aec7099d5e7eee8bb4d33807ca","2288075224","XyeglPHTMrVdJDelAQezLEgoudV EGRnGTrndMFU SToDqoBjr","accepted"
"00003fb6543527decf90df0ff3719396a8ee2330","2196653485","inqLCGRxkXuUdYCdpa jjeuDFjeOaMQoMCQvSesvmTWvrmCKFn","accepted"
"00003fb6543527decf90df0ff3719396a8ee2330","145971115","igRrmgINcZMYI fXsjzwxzxbdkgKWHvjkpWVsajntDgXskmRHB","accepted"
"00003fb6543527decf90df0ff3719396a8ee2330","113377731","ycCJgfWMWRVEezXVMQSFXkHyckccrYfERxlLuUvLvTXCwSREXD","accepted"
"000047c60dbd59b7d616ac39f9ea364cae73016c","51239934","rwvXwYdCnoIMlzGhABJuodESoZdVKXZKJydmeegIsSbJXWzbot","accepted"
"000047c60dbd59b7d616ac39f9ea364cae73016c","145169863","NQxXwYqoCjmKqxvoErilHozZLpfdgMIuw xAkEjkrtszXohOEi","accepted"
"000047c60dbd59b7d616ac39f9ea364cae73016c","144034476","ebrWchBjBvRSpTOFJmudvNHYycilt ViURiFz XmOPvuBxGDLs","accepted"
"00004edcacf993a1c49c8faecbb7c89b8eab3f35","2700848","CPzELbLumruWBsvjMlhIhgtnodVzvdDWVUNmIqXNICaegYGcxb","accepted"
"00004edcacf993a1c49c8faecbb7c89b8eab3f35","1702907","qFfFeOzQSrTYpNKbrFgwcLKKzMXroevGLpr wHgcOFmnBYsZIo","accepted"
"00004edcacf993a1c49c8faecbb7c89b8eab3f35","1485624201","WhwxuHavsBdnGiyUuKyHZksfwjrRzhXlxHmaDORZAUrKTCGaGm","accepted"
"00005167ed23b55c962632576e666cb3d0d81c30","49133777","UbjzxTbBzojRhWAVeUBrjYTlddHKcaBl HCatLCMZTtOftdkqi","accepted"
"00005167ed23b55c962632576e666cb3d0d81c30","1998054277","SEVlNaUNlSAkvuLFWxvfMi zPxGZbuwCuJaJoXGkSFeilhyeTu","accepted"
"00005167ed23b55c962632576e666cb3d0d81c30","1714008","MepkDFntHglzC zUadRlR TMwNJraiYAnlxSdixtkjukhLrJsw","rejected"
"0000b6cfba1b8f74f83c361104fb9ebc5cf3307a","2972512","nOPKXqUTuzk fAQgOTktax OXfBLdpjzabyBlVwdPIlwXnRRQE","accepted"
"0000b6cfba1b8f74f83c361104fb9ebc5cf3307a","143701176","CySEhloRVdQcJalVzIsN J P PdVJofrXxAKBaQNBGVdnJIYEl","rejected"
"0000b6cfba1b8f74f83c361104fb9ebc5cf3307a","1690531","Uwvlu sJPQQfFigAiFIjNPyyxVqFBHLkKZqfJaMPrYoNIDPhSn","rejected"
"0000fcfd467a19cf0e59169c2f07d730a0f3a8b9","14274097","CccPrQXdZLXXflKJnMZzrftPevfKlRYuIEGSFccPTGxVAQpgAV","rejected"
"0000fcfd467a19cf0e59169c2f07d730a0f3a8b9","2032377","zDylpZhZbGmeHHAXUySvVGTOGgiuOhPViNQQeFYRfkpTMIxRac","accepted"
"0000fcfd467a19cf0e59169c2f07d730a0f3a8b9","2848566","kjcCMcYvkGhlVQdCivRwUKvSfNaEvWtorqjuPTEmCYuOZoXJUH","rejected"
"00010bbec9c10e355cdd3b7b9479e92e0a405b3b","2274000464","ebuaeivGhKqGkItuv uYwRSvOUQIEgxWetpfJxxbfiHoIhGQfd","accepted"
"00010bbec9c10e355cdd3b7b9479e92e0a405b3b","2350947","CTcLaqeJrfbeykBEYkppRRqUzJzxVdNAOijlZzChXvjbftdJSR","accepted"
"00010bbec9c10e355cdd3b7b9479e92e0a405b3b","38907156","JYWtTOQgwDxbAkRWUgvgaHkiOLGpaCUtUhSpjxMuanPcMExfip","accepted"
"000115f877c3a3fc77736afe620a22500188f3a5","46932045","IJQOvOtWGtqUkFfMjdCaSWQrbaoISjIGIhQlYqeVwirbIYFgLK","rejected"
"000115f877c3a3fc77736afe620a22500188f3a5","2220783171","ISBJfrMbtflpyoByBLeqexYgmGvnLNmayKru LCrnesaOjEZNi","rejected"
"000115f877c3a3fc77736afe620a22500188f3a5","2040404","ajRYUBkteDEDQASDtumsaPACtfMYIsIgjBWWiknOzDkePuxjCE","accepted"
"0001739746fe04bc6d9b9a82788d9032e18d0205","2396644667","GTRndIaBVbgWCKStnIqSosykmfBDzeErzmOVMedY vUpFHEuzC","rejected"
"0001739746fe04bc6d9b9a82788d9032e18d0205","2083584465","yeCuHUbebJWsCTOZAanXbOjaukhbdcLHPVaaqzAKnihXcRBMje","rejected"
"0001739746fe04bc6d9b9a82788d9032e18d0205","147095024","NYPEcgSuKHWxYzqKB DzRJyGxcxGarQmjweGe OtUVaeowCupl","rejected"
"000182ab44341a4277351e61eca61824d33662d4","2109405784","KErbvucHEJafqaOWUEMPHxKp BSXg T MLdmSwQiHBnXAqWqIk","accepted"
"000182ab44341a4277351e61eca61824d33662d4","13986477","iWtvvpJIJCaYLpOZPsrgOVlHlJHcOWnqQjJOMoi mEclHdiZYg","rejected"
"000182ab44341a4277351e61eca61824d33662d4","144149428","ioAKAoKVsDfzRNzktLylsuUmQURHBAIuoRhqxnAvDHwzzgLelq","accepted"
"0001995c16a306c8987150236a8688d74693a507","145993178","mEiKtZJrvCTkfylkiYsDh CxKdxAoAgXUEAYiyRWBhsnPtvoIv","rejected"
"0001995c16a306c8987150236a8688d74693a507","2178474124","PXmaIzGvkbwuhuzlZbNxQUPlByrlmzrGgGgmyxGTbexMpBZDVh","accepted"
"0001995c16a306c8987150236a8688d74693a507","1717434","VBZDIOrgrFQQYDbavlIoJwBCzwpLOeBBsXjXLWvFkvfnHQtzoz","accepted"
"0001aa572591c74692e2c8c6b7f3a8d4f3c2943b","144261500","LLogcEUjrDPlrQhUsfGoiXIaBndMNyUgKGLWfnozmKTLEzdiKp","accepted"
"0001aa572591c74692e2c8c6b7f3a8d4f3c2943b","9204532","BdfJZsGvtSGIWqTafyFOElQguogtnl kOnQzumMJhLXDMmID s","accepted"
"0001aa572591c74692e2c8c6b7f3a8d4f3c2943b","3299113","MdkpFhYJMnlKgfvFVLFzLiOVfqqGILTEgGKHRhdoUhlEKALNYu","accepted"
"0001b49691f8ad0f92208909f517cfbfa0a401c6","34073980","kgATBkkwBooxVEygYGnMFV oIHpiEHvBPpTwyYBrbnykbpDVMi","accepted"
"0001b49691f8ad0f92208909f517cfbfa0a401c6","2049085462","NpFLTwjfWrrjbdxIXAJ cPYuBDOREbwP dMXfbMCGujktNqCnx","accepted"
"0001b49691f8ad0f92208909f517cfbfa0a401c6","40950488","JZRcxbfkuheOM pvfXkSgRNxXYvlUYmokFprLxxuOGFgKlUkuk","accepted"
"0001dd1d0f7b3f57419c7eafd4e2e2fcbb5e6cac","50275981","ZOZRUw EgwkzHxBmjsbkiCXDsRJAsNtyjsPxQuMhTBSrMNBTNK","accepted"
"0001dd1d0f7b3f57419c7eafd4e2e2fcbb5e6cac","39095873","ZFtFgYmOELDyZKHGEeaiWfxxkKMJoWDRTsPdqPubohAgBXHgCE","rejected"
"0001dd1d0f7b3f57419c7eafd4e2e2fcbb5e6cac","46872757","QXhBqQOyQTRHcreLFSRrrlVmzbqlFUyzQtTVwyzwKzHmnzORUl","accepted"
"00024714c7d6616ec9e32ff28c963324dda54689","1879428","VcCkKsdXdIlojVpLsrWskC tqqmrSxmfxtlKsjELtCIgXycTCm","rejected"
"00024714c7d6616ec9e32ff28c963324dda54689","49211781","drgBhYTBVsVWrYchOqeFwxeaUxUABzDkBlcSfWPlYYNSNHNGxi","rejected"
"00024714c7d6616ec9e32ff28c963324dda54689","2127570511","TZxPAAleWkaTtzIUGsKyHpDtFzqDSitXXurgbTmksymwlNfwC","accepted"
"00024842a329545cae0b34f91f90ca453751126a","2062836087","BMZVPokAKWZIFbyufzprEcBSbxwGtgSbeLAXOBLZYiYriIbR g","rejected"
"00024842a329545cae0b34f91f90ca453751126a","66796501","GDlIznJPJ IZWNSSzeQGGrvlaFJBvePpDAfmswKGvSBdWwYVuQ","accepted"
"00024842a329545cae0b34f91f90ca453751126a","1397474184","CZrFWAsQYRbVbEosIxxNENUwYBmcqDBjNimlXCG TICcglyTrG","accepted"
"00029921967a733e46040274ba6823c4b214977f","2109930238","OreoHDkRCHOsTjcQdsVdbubtkMYoLOogrrRXqHpSnlTxtSeUVQ","accepted"
"00029921967a733e46040274ba6823c4b214977f","2065872852","UXnkkYUfjayeOagvtbAfwJZ EVniZybcIExqzxyFyQxxCHREmB","accepted"
"00029921967a733e46040274ba6823c4b214977f","143951081","HsJGfjtgW IUrTwaHppbEelgoxcKkeoBZwBbXXZnDZrYTMtEQJ","rejected"
"0002d7cac3c6629e1ec4ddc84b056822eccc2088","40144526","yXsEjCsKMMvCGNgklxjvAZGGfmqqDzSuDWBhcWvulZftwgojQM","accepted"
"0002d7cac3c6629e1ec4ddc84b056822eccc2088","1715670","ZXnWtlHhDQZ SnaRjXAQMbzAdKxGnrYtmLHoRr ypmACvCtmCc","rejected"
"0002d7cac3c6629e1ec4ddc84b056822eccc2088","1684289","XYmTpZGkCgYNzIVAoWkG uSuvlPMWzKSTx RasScEHZSQRsUIB","rejected"
"0002d894bfe4737b636d964710e91dd8abf2d200","97362676","ogQtIztAAWNrgCRiWzWHytBTpFfkQFXdelyFdnPmOsooVNc qG","rejected"
"0002d894bfe4737b636d964710e91dd8abf2d200","2090930410","pZMSHiwwxiTLMopVEhyctzJVhuhsbcrgIVKEUOQiDVlTnkbMjY","accepted"
"0002d894bfe4737b636d964710e91dd8abf2d200","8603400","aigwQbhKlRpVPGuNNTANfuveGRUVAjePguOA jEOYoOgqnSQIh","rejected"
"0002e798f0af1dc0c72a66f7561de87263ac60ad","2304343599","vaQlNjnkrpXRlHoIKKybxQCrGJRfCXUOiLMgikPNEhdQGpgula","accepted"
"0002e798f0af1dc0c72a66f7561de87263ac60ad","25581960","mQQQzGUySHopdjLAtpwwmGzfWt tDaQCPIwZLH oQlvgKAWKma","accepted"
"0002e798f0af1dc0c72a66f7561de87263ac60ad","32640008","AuIjDAtYnuQCplRSSrSnhWkYxIEdDUOYuOuvcXcJIOSAxglkBN","accepted"
"0003377821a5ab1bfce8513a9c5fb94c8e9a047c","48670402","ayucUOqLdCYWEPEPxCkXuPsadfRu XEgLuUzOEKDmwhkHchvYW","accepted"
"0003377821a5ab1bfce8513a9c5fb94c8e9a047c","2954279","XmaTxbugdicLiSItzBdAWBkHQAvnaujvcIisUztJGqYglJVjQw","rejected"
"0003377821a5ab1bfce8513a9c5fb94c8e9a047c","2023824880","dHiauFXmrJZnFpBEeECVJATY  cRJuqdsqzBE SVTrFUaaMx P","rejected"
"00035328d59878c9299b56feabcbd1dd995c57c0","144890810","MfAaDEX AdrDE HxvVyBxTRGEUajLGH HEcIQ  WPXGGFjUyvn","accepted"
"00035328d59878c9299b56feabcbd1dd995c57c0","2249707","TBOkxGRgWqrHEkFzRLVgCQPBglc ZtjrxaBmtOgZdRSOJyudNQ","rejected"
"00035328d59878c9299b56feabcbd1dd995c57c0","3211234","N JIFjSLqIbObKUsBhaLXiCIijmeJzSuwrlGacpWGBqBBKcuCn","accepted"
"0003678d3d567451ce3111588fdcd33468760f9d","1679661","mTvxzKEOluguocGMbW GcZSEqeUggahSEYNlvvbeSvXkWUiuJj","accepted"
"0003678d3d567451ce3111588fdcd33468760f9d","2153630810","XEZtmUMopvOpfORELhVFFakMHIMsmcdhSdwFqAKfeyCGyPeLxm","rejected"
"0003678d3d567451ce3111588fdcd33468760f9d","2700215","JCtCKOVuyotJcsWgvjSwSeqQLqLYeDLfUhlLtTS ZbOrzDbIGH","accepted"
"000379683604012c47cf4fe9692530857db672d1","2041477","RqNAyCVOrGrEhjhugAASkfniGizOswCaeHOtPexruRlgbzCQsm","rejected"
"000379683604012c47cf4fe9692530857db672d1","34173006","AfdpaMtONKlJAkuIEuqxJqFxQanBLDhLpQYVqhNwIJhyLkPPsz","accepted"
"000379683604012c47cf4fe9692530857db672d1","2076257351","xiDQqrorqRRthAwGfIcoesOTyJZItWfsGCkIWpLqIbZuTTPEXM","accepted"
"0004445f65e9097e8874c229ed43f3a746f93d85","48723885","GJH avFRVwhQxflNXHgNaOxGaGoKD vbBFDaQlGI pDavbjSgb","rejected"
"0004445f65e9097e8874c229ed43f3a746f93d85","147095024","brMSkqIPrPxVgKWdWmqyInFuvtBdiyYpqHbMZfxSw njNQsrFu","accepted"
"0004445f65e9097e8874c229ed43f3a746f93d85","1661026482","YSEFYiLBRRVwigVMDVxnudKNcGdthivhJAlLWuOtmvqdBzjEud","rejected"
"00044f52a54ec865317fa7f4f8d90c821a5d3257","1776118","kDpnqJdpiNKBeuqhkfkSgcHaLlBujupbvTLhRWOQQSAAzChLUD","rejected"
"00044f52a54ec865317fa7f4f8d90c821a5d3257","2338122","dmTYIDzXtbRgqMtkACwBC NouvAMULjrFVyxbToGFeNThvSlOF","rejected"
"00044f52a54ec865317fa7f4f8d90c821a5d3257","39724474","MCvMsSSLsAyjXJTLYbf  WWrWJKHTgmXkjptFwY XPAUWzTazL","rejected"
"00046f0cd36e436a8d83d9b7a1279fc633f2b1c2","37465583","CFiGuLuqSPMWrtlfVGsznX bZvekQLBWfuyxnjYdaiWkycbKxa","accepted"
"00046f0cd36e436a8d83d9b7a1279fc633f2b1c2","2054652097","GsDVKrXjyvaQSVURFDANYdncPUJSJivgFXEdOliJIPWRHtHLxG","accepted"
"00046f0cd36e436a8d83d9b7a1279fc633f2b1c2","2126207","CUXgZqKleXHmwRHsEMmxquyCOB fuudHRWct IhZaTnjwKjMqp","accepted"
"000472224f223ca1f47452f20cfd51bbf28c22c1","51304340","sLoPpIQmsBKexlbnAaqZUCFUdcwkrpqxjhceTsJMruyboCxaux","rejected"
"000472224f223ca1f47452f20cfd51bbf28c22c1","89875547","QaHZPCIMIijXZxAySgbezwlsVOWAOOkeRwowvrusvVFckxMIzU","accepted"
"000472224f223ca1f47452f20cfd51bbf28c22c1","2118929325","LvyiensLTwMxWjxAFIC z rUtaKtUCaNffbnC VblIkfsncrFU","rejected"
"00047bbaf4ca0bc7c84484594a8e16fcdf02923f","3507328","TwCkZdIZvwESCGiOlNpHdYoPEksZVhavToLAxIsdAUsljmYLzy","accepted"
"00047bbaf4ca0bc7c84484594a8e16fcdf02923f","87389632","jPbWPMunwhHxGWfxrufVhTjLSxaNkDfyCArEVStcNkbewmzHsS","rejected"
"00047bbaf4ca0bc7c84484594a8e16fcdf02923f","2107916962","svqRXQBTuMOKJQySGSCmIFRskArolxSMnSTLbGtTmYPozRzODN","rejected"
"000493cb69bb9e6b0e0b2e358783b90d330221b2","2108672658","ppkuUvErtRGYWWPUDCjsxzcduApLdVrYohJOwPtoKZqMGgbLwA","rejected"
"000493cb69bb9e6b0e0b2e358783b90d330221b2","2070027818","rWyzlBFUEpJBLhefHuTMKpUtviHHIBURBFqzGIByFGrxDEZoxD","rejected"
"000493cb69bb9e6b0e0b2e358783b90d330221b2","40790972","JURVBydgpafx XokWiBuCtYgXPVwVoVbgsnltKQUVPDsAjddye","rejected"
"0004c91d3799562dc1d03d243adbea1f60f4699c","1471371109","vLPZqAKlaAxAgRvSOwuNdQ BZTLAWjwt NrGwUMjWDnakGYAPZ","rejected"
"0004c91d3799562dc1d03d243adbea1f60f4699c","1731593","NGBDJiwbiIflLApYtZFBCXoCiBljTeLMdbkSiTZsGaFnYsTivZ","accepted"
"0004c91d3799562dc1d03d243adbea1f60f4699c","2143434490","uNklSKbxzAxWccSILuIGTQPFapMAHyukZGgnyJOIHAaNmjIVdU","rejected"
"0004dcb9de0583a65ce0a3c0a9e87846b960aeaf","1734579","juSeSFGtWlSvhYQcTvTxbexONnZfHUnvmhBCVnqmFFURGctUZP","rejected"
"0004dcb9de0583a65ce0a3c0a9e87846b960aeaf","31608995","NFARCXlOmMmfBlRQhyiTPNoShlcHMMAUsjrrJCgZNTAevMTtWo","rejected"
"0004dcb9de0583a65ce0a3c0a9e87846b960aeaf","34665814","hDAGguJfquEin yRdbD WaVskaxuLmjSkEHPyGGvcdiBHU enX","accepted"
"000598034e9de1c3a0f39f37f37124d4a439f935","2182290895","DZIkZQXMvtRsVvTSVOZaMjOUZJczMEwtaqAmJfmlvjAWXdjoLD","rejected"
"000598034e9de1c3a0f39f37f37124d4a439f935","47725170","uXtUj wUbUMmkfmlKYtqizHgQRvTaCZmMMamYWPlCjlxMijH s","accepted"
"000598034e9de1c3a0f39f37f37124d4a439f935","2202729578","hVJyxvJIQmFDjkANEmxoxWPBJhXeORCwShNzKouubw TSeBYYj","rejected"
"00059849d3b5b073a8d078b438cf67824313b194","3114551","vttRFhmiLNzLrxgByDLhTyGsShlaaoPblvlmhylBTRrVmcGbZG","rejected"
"00059849d3b5b073a8d078b438cf67824313b194","1757287","bGCoEImIdukecPIZtmgWsrmdsqXBVyKWyiAlLiWHqhqLSCGTXQ","rejected"
"00059849d3b5b073a8d078b438cf67824313b194","34035325","rtlKMO xNTLmLQRDBRfkMJPahovxrYHLyjlRbum aEPoEnoRyB","rejected"
"0005ddaef4aa8b5ee072749ff3d2a3ea7d1aa6b3","2126421511","UDSmgrDuAPPReekUJQZHJNJXzlJZXQkYHlGnPprgoHkIaf zlp","rejected"
"0005ddaef4aa8b5ee072749ff3d2a3ea7d1aa6b3","3001727","JRGooQFLjlXiknarquUUzPy SrnvcTjOBdIvVbKXHaIQrfEEXR","rejected"
"0005ddaef4aa8b5ee072749ff3d2a3ea7d1aa6b3","36009053","bsglgHyYUQaVsFeNJQOtyJMBjJm xnJACSVxsDcIoRlR wuUtT","accepted"
"000630c48de1085c49cd879ab690c67b68ab742e","2141678942","yWVSaLHjfxTVbkoTIWFASnGnUqeIztqnDoEFlzHsSotmyRZHPq","accepted"
"000630c48de1085c49cd879ab690c67b68ab742e","2758494","vDEdTGcgBPjgRnxusyvAqkODAIvu wTqoSHeZmgeconHDdBPsV","accepted"
"000630c48de1085c49cd879ab690c67b68ab742e","2527531","TqoUuGYUpxwfnMtGjNfeqQcEzTCcpEuMCOrimKrEKujuCyyWLy","rejected"
"0006cb648859778434749c3d8c572745c2c5b250","2286825530","IOhZrWfAsejkBzaZbHCCkoXoYTttgzdXhIDsPVDNjilDnLdIIB","rejected"
"0006cb648859778434749c3d8c572745c2c5b250","2092380256","LWwqJfBaHLJNWBJVOKDZcNWBccTUOZNPdujPhTojObieGlhOkD","accepted"
"0006cb648859778434749c3d8c572745c2c5b250","2064726146","TBsDLdXtLszMnyLbghqxQBSfJFizgkvpWnddh UXGSfHbdWwjx","rejected"
"0006e60ccca1f36645ab526b2ebc399487a4936b","40211557","TOjAowRipytaygkNLEmvUVxCDBDD uXLAdLnpZwjtppplAsWTq","accepted"
"0006e60ccca1f36645ab526b2ebc399487a4936b","2109119525","zvjfFAEqYgaFcvDGiTVfwEDiUUGWBweuhExMkwIYmDglgEpqAE","accepted"
"0006e60ccca1f36645ab526b2ebc399487a4936b","1869245","vqneBqQp nxunbMyPSkqtnMKjqeQbXlbMaPhDDpqSlrfJvxGyZ","accepted"
"00071e985d339495d32a55593d34ae969453d4aa","2261459747","VURmZvKYIpiLniqWfMckCnmlWgowTbzCiMTEVI kZUkWXAMnPE","accepted"
"00071e985d339495d32a55593d34ae969453d4aa","2056954014","vP DwAOOnpVAGjQLeQlNwbTqDaPuSXdPGPiSEueZxsUSLAGAAO","accepted"
"00071e985d339495d32a55593d34ae969453d4aa","2433727","OzrPfXWi ytKocuXGKPYxyXnfkYnQkepthxOJaaXUJVctHpTUk","accepted"
"00072d1f9014b108ad3b711e66fb7ddcc3016639","40895374","yrwdBit vYvZkvSiROKAfwcjndqeAErcdvhwaIjDohhHcwwgQh","rejected"
"00072d1f9014b108ad3b711e66fb7ddcc3016639","145993397","fLVSQZoTqz uRLSV fQsqrRIFSPysDGbGithibgbKvDJrZvRtX","accepted"
"00072d1f9014b108ad3b711e66fb7ddcc3016639","50227290","GaRvBhJEUARlrSNDjferLhjstvpBZtQykFkkCxXkoUUFDfRzxi","accepted"
"00078ba79a65726f189455ec79d77604d3c67cf8","2512432","DNQgXZhomjHVHYWGeFWGI EotDfTrkrSkdZHfMwWCvLp YRDzK","rejected"
"00078ba79a65726f189455ec79d77604d3c67cf8","2459023","tprahjtcGsOkYSxOFvfdAesRInVkSXRXAdwYUPRqPEUJqroiUm","accepted"
"00078ba79a65726f189455ec79d77604d3c67cf8","144034476","aqcDyHhXgg rGBHJmXliitfnrDf DFIovBADbLPKKDJAtNWwQl","accepted"
"0007928487a11eef983d2291a7c9a796188e07ee","2145802299","CvxOjWuwdylZFLyNrDHsYrgdmxDZwjLj zZk xUMehclAyEbIS","accepted"
"0007928487a11eef983d2291a7c9a796188e07ee","2124878810","JZvfRJFWezGJnEBANvmwzcUkIQrLcRwEOuCbCmEyTVxPMS Zyz","accepted"
"0007928487a11eef983d2291a7c9a796188e07ee","2065702342","vMhuWXcmkMQJVzwSwDGlITuCuPBSawZdogZjjkpxvqjhSWlkHf","rejected"
"00079c0e5097caa824842cb6c318dc05467cd55e","2118939836","VlalSrIPEVjhtrjFJmkjJnJsKHwUIcZICtjgDh lixELFFlPPp","accepted"
"00079c0e5097caa824842cb6c318dc05467cd55e","3355567","IOxdAiDdiTZUoTfYBeStJRxTQeoHpegDOySxUkxGQzXDJXgIer","rejected"
"00079c0e5097caa824842cb6c318dc05467cd55e","144906045","QGhEaaYUuCEWJoyHksUCIOoEfemEKwU spUQySRCGCIRXVOEhU","accepted"
"00079c96c83723c70510a4ce2cd0dbafb0330068","100600220","IZFJYnXeszbAjeAHiXBJdEdpKClcpHomgejuwzQBAckFVMZLTA","rejected"
"00079c96c83723c70510a4ce2cd0dbafb0330068","30485300","fxVyEfJoRYGeuFExJhAzMgqxJLlscZgWgTCKbYNzmKRlIlhF","accepted"
"00079c96c83723c70510a4ce2cd0dbafb0330068","49417468","kXvILsbUzvTHuJPmtQTcbYisjtbPGQZLiz rhLKgHtjWTAAEUo","accepted"
"0007ce1f5274d88225721809a92de358e980bbc0","1492125410","iVSTBfSOWUqjcyzHIQPJDsXAEjulqxUjzuijuxIrfhCpTWXxNR","accepted"
"0007ce1f5274d88225721809a92de358e980bbc0","34550940","gHQCvKvGHQMpCdlFQrOZHeVmBsjQ NfbIMpKgEsuLOJyPTVfJX","rejected"
"0007ce1f5274d88225721809a92de358e980bbc0","2049231630","FoJQAJAwNOSOQTjyqKIpSWknHMosg yhPhndNwRjbKgPKmEyFv","accepted"
"0007f075d2f05268315ecc0a0bd6e7479e6a8e04","1993671630","cAWgFrcAXPAyrRmelrJbdAtKFyAzgkLcBMIFWyKtOqNOqtMoAu","accepted"
"0007f075d2f05268315ecc0a0bd6e7479e6a8e04","3307777","kboXyjEgwVpHPjXavJgJsEqRyoatTEIknjQSQESxYpVRPQGNka","accepted"
"0007f075d2f05268315ecc0a0bd6e7479e6a8e04","145191958","OqlnBJjRJSlFPDAxqIDEdm Wibtc DtfpGTQuSjrSNtpBjhPKJ","rejected"
"000893cb91e71218511468eac13ac0590dadf7fb","2606799","BbstDxUMYHockJgbIYjBKCaLEVmCBEPjJidjSpjlItvkRmsHwk","accepted"
"000893cb91e71218511468eac13ac0590dadf7fb","51130504","AFTVGcVaUmpHLmkyEKwzlpEudvlAKkc PaLUyvCKBFoJfttAyL","accepted"
"000893cb91e71218511468eac13ac0590dadf7fb","2764166","KcfasEBiitFc igvazYrmgjmgfSDNCwAukjXfUYBEzCDXaUXtT","rejected"
"00089b75d70c19e3cf8b26f9f48a26d5ca86b3f8","2056590","yDNMEmVRjNWGzcmVWFBgEa DZEwle HGdtLTjVQYZZQeVnAMkm","rejected"
"00089b75d70c19e3cf8b26f9f48a26d5ca86b3f8","2331770","LfFvDYigAhXFaGMtezThdeddMYEXtjBhdnxBRppjzvhtUQSFxz","rejected"
"00089b75d70c19e3cf8b26f9f48a26d5ca86b3f8","2242962765","iROlhIUOAcRXLcYGkhOJltUVkOlCpRKgdleimFoMZZdFYIFsYR","rejected"
"0008a1b93cacd69abb6c2465bb41f0f473c4771a","2450841","fZkRjJuADTxBXVwxTBVtucgCgDLGuQQxOBxHNuYVipSOgRPRXB","accepted"
"0008a1b93cacd69abb6c2465bb41f0f473c4771a","2153630810","KnLbNfHZGYK ymTYaIuPTeNKdkZ ocNoYrgPiYkPz HQlYGOIk","rejected"
"0008a1b93cacd69abb6c2465bb41f0f473c4771a","3379619","MSsnaRdsWWXskRKrBGxQBGVvhAVzbB VCuMXtdtVuCIRuyg xb","rejected"
"0008a750612707e3264ca28428b49f7c44803b30","2116315500","NtJAXlgmcqyBSzYzRirPEPIvlAuCcRxpaEStGHFdUBflPdjafK","rejected"
"0008a750612707e3264ca28428b49f7c44803b30","2374985960","cMLRIbsZbwglIPELIUvfWzmVznhNOBIMIINWXlOudaTHYbVkPs","accepted"
"0008a750612707e3264ca28428b49f7c44803b30","1510709850","OVKhluBqnGatengFMBS ryYAQdt hbjT DnCMkEZefZMwhMogR","rejected"
"0008d6f4d89b47040cbc5bd080984359d8feb09b","2156500858","CaFaeUKpmlevqIYdbDFGdoBcL ZGHYMAcXTyJWvefnzmecRBt","rejected"
"0008d6f4d89b47040cbc5bd080984359d8feb09b","145250991","YMWmoXCmyQKTKYsJDhdzAJNY SmDrNGVdGcqyUchFRivKZEnku","rejected"
"0008d6f4d89b47040cbc5bd080984359d8feb09b","122398167","aKHsHKBWJeFYVOuxjmfJpCYLhqTUgDQtfVGhsKyifxgwsHfhpX","accepted"
"0008e2735c7fabd74393ef7aceb40c1542cfe219","19262604","kzsVEDfnRzciFfGvpHORKgN t RxgZylAfmRXxCYnRnwzYWkom","accepted"
"0008e2735c7fabd74393ef7aceb40c1542cfe219","1978702","DUuqJxeXtEEjRPCHSQTTcdsARYOOAMetjilQHbJRRveNfOZyEM","rejected"
"0008e2735c7fabd74393ef7aceb40c1542cfe219","7853220","QSSFIFPyErfKVkBtTYvzD AjEJAMcYVAMfWGwBijEJrYmmDkWh","accepted"
"000919938a64847125e660644a542ee487ed8c2a","1923878","icuZlSPGbIHZAVDPFiYMHHhkKaquqoDSFvHirXpUMaCqLOtGVG","accepted"
"000919938a64847125e660644a542ee487ed8c2a","1411746165","WLKfNdhdNMpvvCuXhsANdRuHZpyGFtHeRqUJTZB wmPnDcwNfw","rejected"
"000919938a64847125e660644a542ee487ed8c2a","49469977","ZapzCcxKezQMSQugayCWANSs XGJDLYUjvfAiUrsSUaVrJKBwk","rejected"
"0009528675914a307c36318bf1af24d95e015c59","114151675","smbaPQDrlUvxEsjAnhZqZWIqLvY BtPtUGsEEQYvCFiqeSIl T","accepted"
"0009528675914a307c36318bf1af24d95e015c59","2577760","xvseKmfkjUrwbwMmObSOtVQROPTyEjZOTVFSBJrKWWtRHHOClT","accepted"
"0009528675914a307c36318bf1af24d95e015c59","2388683750","LbjOuudsCHXrwjsrdCjNPGCwngDrXXneFxwKeyABpCbxfBlUPW","accepted"
"0009a571564087323a898b3288e3a7195a7f4bee","9235290","PCKxWXaGmBBUofQ FdiXOqZtSr zVhbUJhRMvvOWqFCStNGmPX","rejected"
"0009a571564087323a898b3288e3a7195a7f4bee","50824401","BjIqMPvsbIZMSndLdwgmNZmeDUHoPXALpJiULS GcFxRRQtpA","accepted"
"0009a571564087323a898b3288e3a7195a7f4bee","2701778","knXAYVvbjuqbYweCYBGPVvQDeH VhhJAgoQoRtOQUJxcaAAqQP","rejected"
"0009ae6ca5241277e775d83461ef394ec3bec005","40520351","pASJNKOqcKnPnIXTdEQQZaWgDdiraqadEzBcVhsJZmKLgtRIBK","accepted"
"0009ae6ca5241277e775d83461ef394ec3bec005","2739515","sCYeTZVGUuyzFHlvikxxnotrQGgqgzGZUwAhOUGjNEVyNqJjQJ","accepted"
"0009ae6ca5241277e775d83461ef394ec3bec005","52027227","bdZYnyHFpBKKYtbQiotq UdmfBTlDntagjiySY jibbmYwkpbj","accepted"
"000a01f39c8d4f0828fd0a4ca53cae7d865fadd4","151479011","CpCRuCnuiHDaQUdjQtiuKnUHEFB rbXehfldruAaQXSyPDHOnS","rejected"
"000a01f39c8d4f0828fd0a4ca53cae7d865fadd4","143957826","R vBQiMFwuLdzqHHguzYNrkwUNOcTyVbJcfeZdhVAfJaxSzzKl","accepted"
"000a01f39c8d4f0828fd0a4ca53cae7d865fadd4","145646334","AoruCNDTHIjvzEYfjAfDyRG RTrTvBChZjVlZKtoGY jrThnSb","accepted"
"000a068f336dc5929967cf456d8c1879fa2ecfa1","2034268047","B mFNMkOAOLsjtAyNcelfQbvvrLNVgOEiEkpQYfvSZmzVanxVy","rejected"
"000a068f336dc5929967cf456d8c1879fa2ecfa1","30772377","dkUWYyWMpQfzRwcfpWsRRxBuCfolixaMqysXqdNQlmwhZNKrXT","accepted"
"000a068f336dc5929967cf456d8c1879fa2ecfa1","2143195404","jgFHrbaRHExaCGYtSxIrTCqy ogZJV PWgefaDHPkTRyozqThF","rejected"
"000a2d153b115cb268e04d63a1131e09782fc87a","1581132851","RBivOrBgEmIFAHQhAHWlZnonjiDGeppLxkhUfVXWEsZNNitqmT","accepted"
"000a2d153b115cb268e04d63a1131e09782fc87a","1740046","rnSoEEvwbLuZeSSxjRbOGOXkWKYsdvEYTAdGdcTNfNUM jxnJd","accepted"
"000a2d153b115cb268e04d63a1131e09782fc87a","144264373","oPigJeuoLEDBpuZZxTVzcaUNlhdaDTOwliHiWSfkKszDAtLPge","accepted"
"000a53aa0f546bf58edcc7904c7be2d316ccb82c","40266420","VZO gzoWWnOdbVuzhRzTQZXFSgAAHObXBJPUrtbQEx PvGrugj","accepted"
"000a53aa0f546bf58edcc7904c7be2d316ccb82c","2108657002","OXOpajUSaLiQIr wrZGhHWHaFQSvmGPyRrUBCLEsIXffAsqM t","accepted"
"000a53aa0f546bf58edcc7904c7be2d316ccb82c","8981985","XFYwisgKxLbbilkDRDpLovzmTIMqhzUeEcEMRoELbMttnpNXFu","accepted"
"000a644cf387aa4bf1ed4596f889681c2e73e38d","144890810","RLPnnbkgwWQONSkRYu KKUTMQKxrgdNWF JULEtAUhCdrsEhIQ","accepted"
"000a644cf387aa4bf1ed4596f889681c2e73e38d","2047517602","NaiMBNVnYRYWdoRsyrLkQfZfaDNqGNPCthPmNJvWjGaowXZldX","rejected"
"000a644cf387aa4bf1ed4596f889681c2e73e38d","35261036","GGIDefiDKdWmhxVdtLHOQCmZabKcFlziwSbXmvlyXeDjKGygol","rejected"
"000a70d56c431e0c2bb8b789f71f5ba1363b65c9","3143150","PANuJecd pZnZNaBrCSRNmSjlzdKmmUmdt eDKQMxvasbvVFxy","accepted"
"000a70d56c431e0c2bb8b789f71f5ba1363b65c9","1517771451","LjaPZHppvOnbakGPQXlFjAkWmqHkUpinBEoCkQLljUjvaybiVx","accepted"
"000a70d56c431e0c2bb8b789f71f5ba1363b65c9","1394647394","UXYno pDBdYYyBhYYmePZGOWcrPciTJvuMFTRxomAgGPejNKUW","rejected"
"000ab12f8ef13ea9ee6f7d57718a41e0850a70f1","1924294","kgRSkSiNiKaSDsfg LZjbVijTlJBDTbdRHjbvLeyqprsjutNPx","rejected"
"000ab12f8ef13ea9ee6f7d57718a41e0850a70f1","46194969","jAcGNlefJxnmsDfMKZsDCKFqqDkxcFvPesebHwc OFjfzTFjFs","rejected"
"000ab12f8ef13ea9ee6f7d57718a41e0850a70f1","3454503","pjTNHulCsrlZLmBPENgeUvcwZprOYNiOXtjQWCbaPATQkiNbQF","accepted"
"000ab46482925eafaf7dacc8ce47ab571ce99284","2435667","UYpFWCTLxdKpbK BqazeLwtSPdKJYGSiewYIKJEQXyxdcYsD h","accepted"
"000ab46482925eafaf7dacc8ce47ab571ce99284","11751955","imnalNxPBkbveVhsDRGlgKHGKvggKFQJxSrxvnxcfBLzLeNgbP","accepted"
"000ab46482925eafaf7dacc8ce47ab571ce99284","1500416032","zAecvpYgarEs LVnTyMiRfHOazipKvwUGzjmEhrBmBrloGjt Q","accepted"
"000ac127a9e270e66d99d77dd6dbf4bf5186ce52","2108279583","uKkjzuldzopjfGKrjxHKmKHlCCglDEQCZoBWKjrcOhTTtlc If","accepted"
"000ac127a9e270e66d99d77dd6dbf4bf5186ce52","40977675","xNHeFbgTsVWRQSTnzywPtcXwEyTcnnjFNhrhf mDeNJDYO upR","accepted"
"000ac127a9e270e66d99d77dd6dbf4bf5186ce52","35068564","KGGVhqhqxwTVIHCoONnNgbJBQSlKujEPkQFlrimzpIFntzdIFC","accepted"
"000ae53ada5df88d3e9279f4536c64ba1f43eaa8","1758123","ASTaQprOiZxRwtsDWcrvKUjrCieTtwfWZpzbGhccUAxDdHVhaG","rejected"
"000ae53ada5df88d3e9279f4536c64ba1f43eaa8","2108037542","xmQxejnbDgcPjjnQY UTjZUsKtujFysadRWbOZaIKcVegNkKdI","rejected"
"000ae53ada5df88d3e9279f4536c64ba1f43eaa8","2141049138","cWQEp XiQDBsruhexjbciPqEUNcJeAyUAPHpnJkOmRfjKeIoMB","accepted"
"000aef84d36013235d3f4f22e7ff9220a087ccd9","31373572","jniwGy sShBZEvSvfvO jwieRtIkBUlyOqGbIjMnvJZJuvRW g","rejected"
"000aef84d36013235d3f4f22e7ff9220a087ccd9","2157878864","VR UVZMCgeXcsexXFUjMLpInwtZmhRPKEcRWJtnkIktApgnFMy","accepted"
"000aef84d36013235d3f4f22e7ff9220a087ccd9","2273266632","xkvDUBxbDBFKrBkjjFBhVGTOpBWuFhaMuAeQKjUoJtiFzSacWD","rejected"
"000b8baef8faf30b2120d508305759f1687bea5c","2128113403","WspAoDmgkrozjsTxYFuRqmCkCUYrzyASSJcrXdSILFvuMUPNfJ","rejected"
"000b8baef8faf30b2120d508305759f1687bea5c","27682056","ejuFdLpNZLMHtqGKSDYKbGvrLFhstyexFWMiAnRTxTmnQYfDUo","rejected"
"000b8baef8faf30b2120d508305759f1687bea5c","26888801","EhnRjvYcdAQuiYDXIrfRiLsawHtTevdXkBRXLZGUxpjhjGLIc","accepted"
"000bc8a6bb34d6dc1926e127f9260b45ff0bf4ab","8897880","sLLBoWa TTPuByBXSMZsJjcwbmoTmyOGVHUGKlEMVhjonKmtmy","accepted"
"000bc8a6bb34d6dc1926e127f9260b45ff0bf4ab","2146309367","MatKVuQ jjFNorfpyQTn GtrxxeGIwvDHdYqvhWiKbEYQEEzrS","accepted"
"000bc8a6bb34d6dc1926e127f9260b45ff0bf4ab","38737539","NeUXrSWkUaPTFcIpLgKKN ZfjtaRFbYCEsDyngbGokvuZFeViA","accepted"
"000bd470128362423c2fe1354cc4a24b376018d4","2057879690","xycCLqMqFYrdpIjRDhoOWGxYo HcxSkKEVflbQLYlsmJJOeubv","rejected"
"000bd470128362423c2fe1354cc4a24b376018d4","2329600","AbUDqNKlscDrKzjtkHB yOaqhXhneaprrkelyDPYlSydxOXKSq","rejected"
"000bd470128362423c2fe1354cc4a24b376018d4","1733095","tXOtISlFeQhGYgGSuCtvsznJ ajkkXdozdkCEdiXMPCrOIyDkD","rejected"
"000c133c6810ce308edb717ea0d9c88fd592ec6c","145546749","JCJfFVmcxBcrzcDNWSexIrVxqjCeBoyWAJnGDOfEKwGuuKXzHY","accepted"
"000c133c6810ce308edb717ea0d9c88fd592ec6c","2393599844","eXZrFjvnYrXAucfVPKbvLaJmyuDhwqBelnydNHbHauSwLvpjZI","accepted"
"000c133c6810ce308edb717ea0d9c88fd592ec6c","143902763","AjxqWVvtKcagAjQrFZfbyjgPScWYbsjQqEfjFnvVtwYoimbXnM","rejected"
"000c140fa5d75160c568e9a3d63fe1561b712303","1986385","olFgJaXggPzBQbbrMZsODKCrzmAAuInmljLWHYFA fSPCcBCNr","accepted"
"000c140fa5d75160c568e9a3d63fe1561b712303","2139762849","fubfAQCenXkMtPiBrnzXDqwpuYHd cbprwdjfKDNpEqYYcXs c","rejected"
"000c140fa5d75160c568e9a3d63fe1561b712303","2067749358","hHRxrHLjCyWrYHUKrtQLIUPLbWJMMZXIzKHbokIWOiSXoaCdGz","rejected"
"000c85461285cb1df4f39f5b89225bc6d5716f4b","2755772","GxUNxRVoTGmSrQSQEDOxoEzOGYHDGDJwhfkAUlhBYWFBTCMZaz","accepted"
"000c85461285cb1df4f39f5b89225bc6d5716f4b","145072960","LYtvgfRkMLXHXkkdS  avhDmxIkGwdTTBWifSWByyXkoqmIbez","accepted"
"000c85461285cb1df4f39f5b89225bc6d5716f4b","2076185284","LDTfMaYFKlgcOJk KPanbtSCStrjQrAegqKAVGNEbaiwIIQeCU","rejected"
"000d1326005323d520c13741b525f4698c57af9a","153022193","QAgSKipEZdFHyoMcfwEXjroSvsIoHuhfnixaYleKptiELwpOpH","rejected"
"000d1326005323d520c13741b525f4698c57af9a","1450746431","nrlztNYGGkRISoJNEARPLHuXstMwjW yVqdNFrXiEYJPPEJFZq","accepted"
"000d1326005323d520c13741b525f4698c57af9a","145896814","hVglnvnCXWRKUMHObkjyymhchepWytWxVnIzhRtwawHLnwlXUz","accepted"
"000d5543bb7c5324fcac56ac552305912c204000","38635490","LJNtiLsFfTPSyNK A vLToWeYEWJVpuSvZXqCePkxeQjJS qWS","rejected"
"000d5543bb7c5324fcac56ac552305912c204000","50442443","OSLCozVMmBgQjQKWkxkhzwBaKKpBGIv DdEHBrrpCNSwCOahpq","rejected"
"000d5543bb7c5324fcac56ac552305912c204000","1741829","bJVxbpGm SYkltuiYKlvaBNYTmENWmoLbXPLfVVarfBftRJJRN","accepted"
"000d7ad06dcc8601376854da05015be207f4bbfd","48977089","jEYRnqrkSBnfVlDHPSMJYy qvHlvBWgfoSjdEppxDTdvXKkKpa","accepted"
"000d7ad06dcc8601376854da05015be207f4bbfd","1406411837","qDqvysbecomrdqsZb zttCrMHdnVcfNKaERHiqXoNqrYqxuPoh","accepted"
"000d7ad06dcc8601376854da05015be207f4bbfd","2287208057","CLSrHYzviVVDGLOquaCquXZiGtH qTiULNsGlgsDuyFLqUJVER","rejected"
"000d8bd12d4b1e6dce95809eeb1f2ed24ee02a69","70622073","v epNwOJSnpqNlMSNmaQcKyNvjXqurXVorrUQzqbmGdzFQmKov","rejected"
"000d8bd12d4b1e6dce95809eeb1f2ed24ee02a69","2109771993","KDkJjtgeDdrzxbeuPpIRLrmPGsGKTpXojKlsnkLZoFShUujwEX","accepted"
"000d8bd12d4b1e6dce95809eeb1f2ed24ee02a69","2165482837","bSRUeCEgyZeHRlFSaUMUhMbhIAlkKoeYQZSTECZXsKDMmlOVbd","rejected"
"000d9a147e34f4f8c8b847c6bf3238e0b7291e23","49994160","tpjmSQpFMSijxbyUqpONqLHjeUhLaRDhCyqDVAKoSJCCLdLpdC","accepted"
"000d9a147e34f4f8c8b847c6bf3238e0b7291e23","1471683275","BXYaFYROgJkoNwedMhOUIthbpoVRXEOPAteTtCUWAjIUbreSVe","accepted"
"000d9a147e34f4f8c8b847c6bf3238e0b7291e23","2190771","DdKFpfSxXcOisOErgMow kmt jGtChzdKVynvlihMcFkcrh VL","accepted"
"000db246e088d93053e970af44b800be38210639","2286305836","vbGTexvZoRpt UBIYqhunWAdtmgIpEsXvweShSWFPDcQfiT GB","rejected"
"000db246e088d93053e970af44b800be38210639","2285454096","QDIMwODGoyBDn EndmUlXfDPnGCWKgTFxiYIln UrjvatamZRn","accepted"
"000db246e088d93053e970af44b800be38210639","1786041","AnmzFMMiGhFlWCdUwrjWtvScEWXMMgeXPBhzZKmAfMLSmDblfc","accepted"
"000e2688b1830dc2b4c7d9cd54447d5759ceadde","2126421511","rHgKiqbNaaOIiSgRNZyvGRDfmRxoxYRhoBkibhRxGrwZJhPW G","accepted"
"000e2688b1830dc2b4c7d9cd54447d5759ceadde","7646442","SzT GyFITXNZzROPsomuazwdtfWqeMbFHNEZXCZcsZ rgkfXsN","rejected"
"000e2688b1830dc2b4c7d9cd54447d5759ceadde","108486764","SbQ ErmVOzZVOMBEwqezvNytqgnHcaoGkZMUq fbHwuidDHAIu","accepted"
"000e47dbaa0800339ed72ccbbc278aee10789f4d","1705877","uHAFxTzMXPseTnYnR OCrancTkvlPuVSkHpgBSrSBN ZCvYzeF","accepted"
"000e47dbaa0800339ed72ccbbc278aee10789f4d","4156517","USGxrHIxeAaASkOfExhiTAmahqTTZuTXbtfEFHJvkYwpsSHYPz","accepted"
"000e47dbaa0800339ed72ccbbc278aee10789f4d","1995531","dlofBSQyEzzuLGudIiUpmHelXSGElJZgCBcNXWSJQfZrNMZZUf","accepted"
"000e4bc9dd4aadc5dd08a425638c43288ca2c1ae","144769611","BJsJmpZkvJhUpxYVhhebSrYoUNLVOxkbnTFVqPkMrbcgfxChjx","accepted"
"000e4bc9dd4aadc5dd08a425638c43288ca2c1ae","1839364","mtQbMydNbuHn kZFHEBUiCVlAMseXEsZWu GuZhTGhMqpztNkW","accepted"
"000e4bc9dd4aadc5dd08a425638c43288ca2c1ae","143787397","QeXvbfqSIiyWMGoUILpWaG UsC zhCJcNBoIfOjIWUBusYslbc","rejected"
"000e5f0ba36bb3fb4cb788e1bc4da2d01498dcb9","2110199755","yzHWCGKUlNKaKeFaTSOSBfvUllBbnLhCibjozVwJLSAIFqlwAs","accepted"
"000e5f0ba36bb3fb4cb788e1bc4da2d01498dcb9","2451742","AlSeCXDXTjKjHkyQiFC oCvZxcjxgOUyQOagcuvgFkYDWHqwzT","rejected"
"000e5f0ba36bb3fb4cb788e1bc4da2d01498dcb9","9950616","nGHmKICcijXUzCLOYwvHvPADqFHYSoBNPuUQthdsgREJRImzD","rejected"
"000e7afcc06a6bb135c8d3388d83a4ae92df2acb","2024061059","ldiEURiLUTjRryRTryLLEThoh RSBOvHF dwPkUncYwEELAYjk","accepted"
"000e7afcc06a6bb135c8d3388d83a4ae92df2acb","153329452","CpvtrzDdZFnSmggKXOqdXkYnmywtkOShtSXBiiimZpkIMKGquh","rejected"
"000e7afcc06a6bb135c8d3388d83a4ae92df2acb","2571322","ZhjlddXZSshniVFyPaixk SydTsRxOEahEztDTJkblUjjPGeUz","rejected"
"000e90496547791094aba3b24a1b62e3d8097e0a","2149212222","KFj TeiHSnZpJIcdrXDTQQAgPwJdLLilbBWuhDjTbWdMgVSCVK","accepted"
"000e90496547791094aba3b24a1b62e3d8097e0a","3285568","IBYYhRBuHMvsoqWfdRRRPsBMBmgZsHynpjdwERhQYjezgASEKj","accepted"
"000e90496547791094aba3b24a1b62e3d8097e0a","117460428","CdgfCgbpjIkrAvJsF C vyOGnqjXcy uspYIQcqoOsDXOLHYep","rejected"
"000e9f12979b6355a865312cb199aac2b0cf1d0d","145843121","PonlaDKxtkPcjMIWVOXZyxPeCDuBVQOFztJJlcskbUjUYNeQar","accepted"
"000e9f12979b6355a865312cb199aac2b0cf1d0d","2157842686","OKFPNdrRekhclheDXPqgcNYjZxpZpxqiBkqtmyhNciAurcjEvg","accepted"
"000e9f12979b6355a865312cb199aac2b0cf1d0d","4907921","QadKLZLSCJnOoMKSnSGADocGNECnirbtiPeAcZIGaRwNDsPuxy","rejected"
"000ebc47980dd20fbdb803f9522e47db9d6b05fd","48787536","CACTEZhG pbJXmsjsosjRWWxiJiDHOCg AktjytCcalCbTrqXU","rejected"
"000ebc47980dd20fbdb803f9522e47db9d6b05fd","144251321","kwLRLcjXjLQpapNCYXZgUTYVOowtCZLJnRIHuVVBulSve ATTf","rejected"
"000ebc47980dd20fbdb803f9522e47db9d6b05fd","3045932","oCSIxoOf WBeJKKOljiILZUEggITQwcwXZRZQSnfqDTIeGAZbm","accepted"
"000ecccdab1f21a0dc977d8fec0e8f2f787281bf","1686138","LFiVhvqYtTBxhrzQKmfJpxkIzvxLPLtCAFehWhYnYyEMqtkseI","accepted"
"000ecccdab1f21a0dc977d8fec0e8f2f787281bf","2108446987","xfrLJCFZLOEwviJypxgNoyOnZF WFXsBrAnOxgjVHVqZSIXusZ","accepted"
"000ecccdab1f21a0dc977d8fec0e8f2f787281bf","2897755","VVwusLRaqENCxNGmVACMOotLXZXuMHZRmQvsmAcjH HMNtNDkV","accepted"
"000ef854d4dfbc4e3123b5478755cb43fee425ed","6979863","feVdyeZBZ LKkVDczvbaFgsqyWHGrDBl pZCQgxFBZblHghaiO","rejected"
"000ef854d4dfbc4e3123b5478755cb43fee425ed","49560206","eITZfmiDqLdhNEI XrVxnxFnWmyBpSvLUpctoxEQusdeUPfmPQ","rejected"
"000ef854d4dfbc4e3123b5478755cb43fee425ed","1768073","eHWWLExTVfUspJhJkRHNPhNddgzCdbWK WXrtaumtZELfROKRL","accepted"
"000f786537188bf6c2e6ac2bf90e664b91c9aaa6","49606029","WWZZqeLsDJzFOIs WzXwrbSTLuWBibx IkdaQEABsyKETOZqAF","accepted"
"000f786537188bf6c2e6ac2bf90e664b91c9aaa6","2860683","gGDWtMETN BvOFPmZzpxprwSNpSgfZfjloaHHvIDsEcAQum SB","accepted"
"000f786537188bf6c2e6ac2bf90e664b91c9aaa6","1750560","OZlLwFoVuTwPfqOYmWYxebFkMbX L  bRNVpDfM WcTLsAcBtD","rejected"
"000f94ebeff87fcba377b935acc182131057fccf","145730883","oHAfJECHvsZnNKHQFjZow JoyrnGWwHjGmFMvBIUyvjRsUtYKA","accepted"
"000f94ebeff87fcba377b935acc182131057fccf","1490698210","hCGbmjtdNMzbAXpNsWUCKShSQPpTiGrWAEeLIuKIhEfvDrcgVA","accepted"
"000f94ebeff87fcba377b935acc182131057fccf","144640726","lP AQzMxSntuCAwhyoyeGNODPKopcNUUtIZwPvQFFcLUulKayP","accepted"
"000f9dda82f9a3785540b3a133e32811039a4a51","31043248","uplpWKnCEBKJqRooNXIAplVIRAJPCDSjVH AecJpvIEmvviVxT","rejected"
"000f9dda82f9a3785540b3a133e32811039a4a51","2638758","HGDyOzjmSgmksNaRNTNQLWxwkaGqrXPLdLFZVdrEHSrjeFIijV","accepted"
"000f9dda82f9a3785540b3a133e32811039a4a51","143874350","VuZIuqtNxNaaUryo uEqsOmqKOGrbhoETXgJTvPtAeJeDYdeFz","accepted"
"000fabcf268cba8d152f934effe6d9b6b2413d9f","39766424","KrpxJMgzNjyTTbDRILWoZDqQLmjAWUnIixwUBlAAWmvaOCTgJA","rejected"
"000fabcf268cba8d152f934effe6d9b6b2413d9f","145131856","GqIxXmHQttuXbpvIDhKGPZjxuIOcuByiLAg xRvMVTBCTjwOsX","rejected"
"000fabcf268cba8d152f934effe6d9b6b2413d9f","145993626","qPHemUIykZhkeXhGUnBkolfhVcoTerjxSqlguVCHccBTJdbkfD","rejected"
"000fd06955bd9b94a60150eb131e9d8a0a7890e9","1925914","fYRWvJwgmzyQkOJWQYwTlDwdNVdMLVtnBPDmCOFjU ZMjNYzfr","rejected"
"000fd06955bd9b94a60150eb131e9d8a0a7890e9","40606082","mT OpXBifWuuJzRlmspQunMQ gGpqsmMexMEssJjfPbLdgmiDQ","rejected"
"000fd06955bd9b94a60150eb131e9d8a0a7890e9","143793702","Pkoxs GwCvjPLkifXoVxKmrMKY jvCWPildwDJPNWfGKONHGGI","rejected"
"000fd977c64137ba36b154be1ac427cb8b3f0f87","2070924","luMedAMuBiUfgUCwZOjfsELA pYczjhVrgalfXttYINcuXVuXv","accepted"
"000fd977c64137ba36b154be1ac427cb8b3f0f87","1403443991","hWaPqxruWfwmTJEPRQWpScVslPELWimirDP  XWSmyrSSQUdzH","rejected"
"000fd977c64137ba36b154be1ac427cb8b3f0f87","2912487","fUYRNTUMqilgivCnhFwWeymyXFKeIpeLhbwH uQJwovmBTa cU","accepted"
"00100840ed1fa30e40130443d63bef722bf7a1d3","2057647423","asHyvZsymPvaxNToLfWqnKizteLnnKHiiyXAuKVbWlDjNCXaPd","accepted"
"00100840ed1fa30e40130443d63bef722bf7a1d3","1693416","xcvmWCtMtJujyEDaZLHwf MzCnZTrFnppnSuunjEmqkQBmyatL","accepted"
"00100840ed1fa30e40130443d63bef722bf7a1d3","145030935","STplPUlRsuIhkQDCXaWfVXLwevlwohRfUqPRlNKPxeLSFaZzhZ","rejected"
"00102ba970032f40cb85c28fa0a6321cd0dee9ba","49941546","umylBtQTnjGqqvPbqJZqYxPBksSQeaxtTdqEuPWmwOlwfOMCOe","rejected"
"00102ba970032f40cb85c28fa0a6321cd0dee9ba","39056493","oOIhIlIhWIiPNGIUfFdQKKeBoDOUwWxboQjKNZnuOWcMegRIkL","accepted"
"00102ba970032f40cb85c28fa0a6321cd0dee9ba","35248836","zihbALQgRxTDBwdacnzEQOKxjWIXhILWpBEdUNHzchYqCgnyNK","rejected"
"001030b73d105a2acd6a10990fe3e398751d610a","3366445","yjrOAeUutaNETjBjfzmMENQQBcyCeSEjJvYARTRSLgknDTLGcH","rejected"
"001030b73d105a2acd6a10990fe3e398751d610a","14399313","YyuzFciPGxWEDTPEvTbZskmeVIOmbhCDSfkZmjKmpIwfJTmJne","accepted"
"001030b73d105a2acd6a10990fe3e398751d610a","1826309","nKuHOTVnVsDOLVMGkhMsbLwFoLaDzEjIAObYYtJLVnqbzWOErQ","accepted"
"00104791ecaeda8110d7101c5bb6ddc03ad90279","2247853213","zQKTslulmdjNfWhwUxvBHPBgLKorOpYhgXIfbFAiUESVHLrDkU","rejected"
"00104791ecaeda8110d7101c5bb6ddc03ad90279","3415507","YFzbDaPFqDMSeWhEqAHrSEqRv OLRUteqUrIQ TKjQpRRDFPhc","rejected"
"00104791ecaeda8110d7101c5bb6ddc03ad90279","3052818","dJoLCXpuhxUfxoBZVsCQyDsOctuyEtwTxjzLRKcWFNyXlZgFmN","accepted"
"00104d8421d7721f53a4d73db7c804c0e2a2b023","2155030474","OBUVJIWLKpkUBPhKVCtTWizpWEqJgkEByLmqDTmYobHYwflPJA","rejected"
"00104d8421d7721f53a4d73db7c804c0e2a2b023","144658464","UpsS IBCdyvDpYbbZjFYY DuZseaKJHZuAQhQOYSsArBCTkhzf","rejected"
"00104d8421d7721f53a4d73db7c804c0e2a2b023","2289180077","hRESkFPnpfjdaCqjsrFpnUgLFxhzXGftTKIaMNEZEnIDvURELb","accepted"
"00104ecdc59405d20c330800ae8170dad9cab0c8","49118091","JrMrziCWOlzdkTXmhW qnwwnRXZBekRLVeHGXgXPbzmbqUk eE","rejected"
"00104ecdc59405d20c330800ae8170dad9cab0c8","2363517284","xGepijEuuZqmvXnhFLNxWrxoDkyESjSpbOqavflXihdtqKygKn","accepted"
"00104ecdc59405d20c330800ae8170dad9cab0c8","2109315906","wLOtQbVqZcTUaZSksNDfMDKEfamLXeohlEaIkERAONxYLdJayI","accepted"
"00107b21783e6262fca4d3642ea7bbb5dc1e8f41","20437926","PqNtkZVrUbokFNxG qrSlQsQtaIejGlIYZRYVxKaDJzxpVtkpo","rejected"
"00107b21783e6262fca4d3642ea7bbb5dc1e8f41","2041477","NeeeafGaHvDYhnMHtmldslEMouoghhFuJPMVBcOmGgMvYRZJ","accepted"
"00107b21783e6262fca4d3642ea7bbb5dc1e8f41","1398284511","JoXFSeyuhTGmkLVnLRnDqcGbIeEjbeNFvlAvKvslsRthWWAXoR","rejected"
"0010ca2a5bafdc54198657d8cca78fe9ee50f8b3","2116679826","vfTqwSoWTWHHXTEVDgVNPUjOxEWsRpOZhdCmCGRuEXQnwDMsQc","rejected"
"0010ca2a5bafdc54198657d8cca78fe9ee50f8b3","1698041","bSLqtdVC MeDcRcGrBQCGXKdwGZdyRctLUJiGAIzMbtWYkyUyd","rejected"
"0010ca2a5bafdc54198657d8cca78fe9ee50f8b3","41218226","yJTzuCKF kYDLZllElNfUDnioWrVXdneCAChB uWuGCiFPbIjD","accepted"
"0011071d2fae68b4aa0658d629b3c11c1225ab2d","2081831346","AudUflEAfqEpkmaruIczyaoAxWkoiUlPuQukdfTfyXMURHG Dc","rejected"
"0011071d2fae68b4aa0658d629b3c11c1225ab2d","3449121","noldYTLUyFOsQvvvrIjEyGWSmtEijRAKxxfjlDIuKOvxRamytu","rejected"
"0011071d2fae68b4aa0658d629b3c11c1225ab2d","104186679","hqnI qaSMMUucWqzYHchuvCV ZvTkDEoMwdLWOBlnmHQvucWpt","rejected"
"0011394496e5924a8252843a55d527d8eaefcaa3","71554443","JJghtQbcmtUdVJtjwRpcXlWtOOCFPYHCUEJGWWPacwiqwaB En","rejected"
"0011394496e5924a8252843a55d527d8eaefcaa3","10305789","NqKUIhdHbjzbCXdWNoiReWsXDFQZtWhcbUJ YeyMHTwvv RarE","accepted"
"0011394496e5924a8252843a55d527d8eaefcaa3","3001662","NHqMpsvJhnkBgHYrZzuVGbrUcoSkyuZWMCNDfwaidcCBML tGd","accepted"
"0011aea838feb4bc875d08a680dc7ae18972f3fc","2160494837","WpbfqKuiNkcshNjZqpoIJSZgLBDxoJrlsCqSKSUyeeDXwIQZMd","rejected"
"0011aea838feb4bc875d08a680dc7ae18972f3fc","48122048","kLhevcsiNqkERtVPGbMJDuGaKDfFSqLpypmlVlWQssBGMNcMuf","rejected"
"0011aea838feb4bc875d08a680dc7ae18972f3fc","2393599844","fntubApeUGRByvapTLCpgpmTOYujKcwCGehZyxRTdTlgSpGGit","rejected"
"0011cd31f0ca68b0e39262ede676bef435ee12d1","2117025663","fPlmzxhcwtwtNnjOTYKGhQaVnxuHTQTzIROGGE rMJXeVgEiGC","accepted"
"0011cd31f0ca68b0e39262ede676bef435ee12d1","50384136","ANVoRSpvljGPeFpabdvuuHGokYBNnTND hWEKdzJUhWfBwLGfb","accepted"
"0011cd31f0ca68b0e39262ede676bef435ee12d1","1688353","mXCcTbtRIAcerxbNTvimzKXPlxPu satsecvxHAYtyLkFZeLuj","rejected"
"0011d0b1962473d54ac720f78f6c49103b01b77b","3218712","svEKIhwkgGRXJzcBkUanjaYcRJEVnfANoZDpKxDPNqGCuFkIgS","rejected"
"0011d0b1962473d54ac720f78f6c49103b01b77b","3406724","YGaHGLViPyZxORqeSVJf rWtKyORWmSjjmQJeFuflaHmyqFzKr","accepted"
"0011d0b1962473d54ac720f78f6c49103b01b77b","46458261","lBayaIYDhRramkkhqlfAmDSqRVhTxfQxLDeYfHBNfbDlGtkZQv","accepted"
"0011e45d5295593e160506480477c62343b04810","46226787","L KZoWsxwFbCpuLmdXPdAHXXIAvzenjPtweRQJYxTeUSvhekKM","accepted"
"0011e45d5295593e160506480477c62343b04810","38737539","lcuRIX kOaLRncGGCpuVpEUgogiuTMwVqfSIIB NMWhfOaztXe","rejected"
"0011e45d5295593e160506480477c62343b04810","147785085","PpFnEgxqSCCusUUYx TnUlSaVWdzIzQbgQnu qtprWiOqOcUqR","rejected"
"0011eeb34ec3958ea1cd0ca7b69a3c3fd68b8349","103718864","xklhnnUzbpKpqFRJmFrZuoudS XvAeBZcURfYAUPmaRBLrzPra","rejected"
"0011eeb34ec3958ea1cd0ca7b69a3c3fd68b8349","50384171","pwyOZEXYAgSMyUAsaToveRLVFyjCaLhEpqfkSqIRKZKOqsCymE","accepted"
"0011eeb34ec3958ea1cd0ca7b69a3c3fd68b8349","117232704","ZSyMMzaKihBzihPplP GKRzezHgqdPwPPgIzfphXWGYmntwsBM","rejected"
"0011ef9fd18888cef786ffb0a6ef215f09dc1e03","51117066","JYJdbOxYFqMUwnJQubMfNbhHDwLiZYLagtFEnIucFocHZjEMS","accepted"
"0011ef9fd18888cef786ffb0a6ef215f09dc1e03","2109624445","TiwBmarCyuzBCqlsh xUtMFIjiazonwiSjGtEXHrjVHWbiACXX","rejected"
"0011ef9fd18888cef786ffb0a6ef215f09dc1e03","46679009","uvXebJrdqOzmWoSvFTFqKDQiaQp lBGmIguwysJsgFYBNVDIGW","rejected"
"0011fa55bd9879ccf8af4616880fdd36459bb69e","145377218","YeBpOEpRKyUZOmQAlurgYhRsgKqdqxezEVYXZRtbSwaaiECfBO","accepted"
"0011fa55bd9879ccf8af4616880fdd36459bb69e","2110477027","tE CBzajXFcpXSRlUBRVIKfz ksgtvpcAqz JPdOXMtxXOxyMr","accepted"
"0011fa55bd9879ccf8af4616880fdd36459bb69e","2089761905","uKrdvUQqpYgAhrhhezyzVabRDrzRSd WRfnLkhsbJuxViiKyUz","accepted"
"001255f14e078f27031e68ab1104a6bbbaa110d8","3490012","bXliw XsgDoakbUlCkNWImYvoNSRhsLXjDtgCXthAXuidMfIRe","rejected"
"001255f14e078f27031e68ab1104a6bbbaa110d8","2108162544","RvImHfsWPCUxnJHFKjqCNuhkoMyCQWTbiUuZIJscESGifgTcPD","accepted"
"001255f14e078f27031e68ab1104a6bbbaa110d8","41077869","sSSaFnis drWdFGIlZxNAujyPE UKZmYNDjoDakPqXaKCoiUnI","accepted"
"00126dd1dd8dedaa0b57831e76757ec3ef6abb55","2126207","AB VTZyuwcrtNFvEHhnXyWBbpAADDJNlsGURTXDzVneqbDIwjx","rejected"
"00126dd1dd8dedaa0b57831e76757ec3ef6abb55","145042516","MJryEBxzFJuFHYwVxQ ovEJCYtZCOpJgoM B JCRouyHFZbbVA","rejected"
"00126dd1dd8dedaa0b57831e76757ec3ef6abb55","2152912295","VfZGzOH BkPUOmKxMWbOAStdgQvcXRWYdmoilKqkLUIKgLPzue","accepted"
"00129800d2f4759fabc8db83dda69cf54e7fc852","48487247","HVjqjmSIAVmnAnyuHwCPdGFQKQzWlxXawGdlTPlgAFMPfiHOVI","accepted"
"00129800d2f4759fabc8db83dda69cf54e7fc852","50883762","MnFX kMrwFRMsXDkJTNNcIbQMlKjrTTtcExxaXiuYVTPrmqQmI","accepted"
"00129800d2f4759fabc8db83dda69cf54e7fc852","3001662","VrYVOTuXGUzNYntWHPpMHXpWwfgCTMgQQPSdlTvzFkYfRLJzkS","accepted"
"0012d023347d01b791e7753f4f58567a5d480f7f","1918919","zRHjzAshPNTpMefTKIyhUgeLwBproTiODmtGMSAbuzFIiNFMqm","rejected"
"0012d023347d01b791e7753f4f58567a5d480f7f","1757722","uKDXFKKLyOcwsJUXiiRYVVHzdPFgOjEFPymNMdlzyovuggyvyz","rejected"
"0012d023347d01b791e7753f4f58567a5d480f7f","1790450","UHgzRJHuQN ZxEOyygOvebsscMLVPVWsMGUAiOsEaHJhuzJDxg","accepted"
"0012e46082f198d7616607ad735a377fb48023fc","7536576","x dxETMtdYbCVkyVli  CdWJWuprvdotpujHDcSoxcMWBxWxqI","rejected"
"0012e46082f198d7616607ad735a377fb48023fc","3227469","pFerGEIMK jEuoOnLWvjgKbXtXfvYMkoEmYLnOOTWHAyZCdfhD","accepted"
"0012e46082f198d7616607ad735a377fb48023fc","2132176967","sdRDTLBpXVFqGxqNHmwzAKoyiLozIazVx AUzfYglHjNTTHski","rejected"
"0012e61e74cc675ca7effd911fe32c4b80ba2d24","2070528932","PbJtzBRzWLDDpTVTjWyvtIKEvObckXtkoeKUfULJoifoTHzFAk","rejected"
"0012e61e74cc675ca7effd911fe32c4b80ba2d24","2061641680","JPeZOxdMyZQvAcDfUsDJKpFcpMBRGaicmGTBYIqwQGzqzxYVFw","accepted"
"0012e61e74cc675ca7effd911fe32c4b80ba2d24","30644776","wnLRcDlpgQUHEGzIbTOwOgEDHECfrirTbUexWMQchXkOPMbAgI","rejected"
"0012edd7afb4790ca9e9a85c094bb808f8c52fea","1680165","DhRWhxWsErigHDnIo  NjvvcboBYSYQpXUXrndKDIewjUGQOsa","rejected"
"0012edd7afb4790ca9e9a85c094bb808f8c52fea","2108795677","WzpGWkgOaKmIMxPNCTwEBFVzYthWrpdgxhoZoaTl SKirWlrZj","accepted"
"0012edd7afb4790ca9e9a85c094bb808f8c52fea","1398564411","OVjxIc MvTVpekoiwzuOtoSyTpIAMBRXGoMZMSYhKNJxFzfn K","accepted"
"0012f93019012276fc1dfc7e5b043c0bf7428beb","3018450","cPEwdflTm NmMyCaQIvJVOxONmvxPkngweBNMZRrFXlwHenRqs","rejected"
"0012f93019012276fc1dfc7e5b043c0bf7428beb","2064633666","ozbmDtPUSHmacsbMGScDQOBfeXaKZUBsoOKTTAvxpfBtltiFdn","rejected"
"0012f93019012276fc1dfc7e5b043c0bf7428beb","1481821225","JTCoDfujogvVTdmMRerGzeP jX AirVdIYqZMEGhwtRibaAZOM","accepted"
"00134f47f57daa7af60b24f9adcbabde1813c6dc","40582282","QO pTBXLcMDEpNqeIebTgqAdbYDdaGuQulI IttjNWFSkeCDzu","accepted"
"00134f47f57daa7af60b24f9adcbabde1813c6dc","2146668673","QUvsLIyBMQeWKVARhMZPgDuYYUwsOwMsDopyzKrHihVZiZhQgW","rejected"
"00134f47f57daa7af60b24f9adcbabde1813c6dc","143643764","urJYqrgpZRCA jjHDKYrgidjYJQiAzxZRBOQrkTBLUbianRoRM","rejected"
"001353086d8c6d5adb8e51c7ec3ea851a17b4601","144679576","EqxuknkgGlPoURJEtwAapfQmmuhtKzbPHfKKETKiQHhXlGxDnB","rejected"
"001353086d8c6d5adb8e51c7ec3ea851a17b4601","88726445","tK tufOOBtTWSgKKQjWkRJMHmozYIiyaTqoKTggLmqzpUrRXkh","accepted"
"001353086d8c6d5adb8e51c7ec3ea851a17b4601","47792700","FMrnXTQnkmxKhAfKJamhJRjq svnNenePvlpPPWQCLMgEklrvT","accepted"
"0013879635e84f06ae980aeca5dc9d7ff9eab459","49354015","NdikeaQenzWeSgSCJoKuhwViZBQ CbOeonoYHatWKmmXZihnyy","rejected"
"0013879635e84f06ae980aeca5dc9d7ff9eab459","145875480","DuhauLyUvJGdnTSiLPVOTZBJQSFli iMFjqaRdJfyYCoFLgJZC","rejected"
"0013879635e84f06ae980aeca5dc9d7ff9eab459","2204634","nq MqBbkwy CHIIgriMuocaFtRNdbamuXwucJfLabolXaAzjBx","rejected"
"0013ca4dd1e328c1bd4f86dcac97c30a277b5b7b","3641238","QcPjlpD tdDvTNpCrYgRaaTqLYqJNxztXK tKatOYGNIMGznjU","accepted"
"0013ca4dd1e328c1bd4f86dcac97c30a277b5b7b","2146562831","lHwgZIjkUseRpZGNeTJceSBCTXzrNAKfjy AtnEoporzCLveUT","accepted"
"0013ca4dd1e328c1bd4f86dcac97c30a277b5b7b","145198825","s AQjdjpdmBEVMdbKlHVmKgFLJoIyXSNVlSrOJANKDdwd j Yy","rejected"
"0013df11a3b864ac620279034bf73aef2a96dcbd","80000844","IrLiemzfSvDphnpFOZjlxDhBxDdzNoDRahkwbbZNxAXnDuhkVH","accepted"
"0013df11a3b864ac620279034bf73aef2a96dcbd","2136180304","zDqBLfuBEsoLQFyiIVnryODzNSVcaTH YvHKDeuBzGQhYVuGo","rejected"
"0013df11a3b864ac620279034bf73aef2a96dcbd","3237539","AOnQkCGnbxjsAgCDvBiBpxihtTeDWnzXd CwjzaHiqlYsLJUaN","accepted"
"0014111b604bd2613f53cfbd181e0f67d37cdf45","2671368","OuOxTRhEHuKbfYneWzWJfaOVIARcCOrFQhmoEd TsCnjYzh FU","accepted"
"0014111b604bd2613f53cfbd181e0f67d37cdf45","2027309","lPeErZSfofwBlurcpKMHSdYFqAlpAFRPzzTnSQvxWuOCgCnaEW","accepted"
"0014111b604bd2613f53cfbd181e0f67d37cdf45","6692866","lZAXIpatW BfzomuuOCBVNgmEovdhWZytDdOAkakMgLWobJPAt","accepted"
"00142268b671a431c1f5db90f5a95caa03e49b90","11197268","OtFuwFhPEotEflZEsrjvALJFZdydhJuPElCPNNsutKtLkeekLg","rejected"
"00142268b671a431c1f5db90f5a95caa03e49b90","2390623","cFZc XNgFDzcKntrnORPvcVWYlgZDGNXzuXDg fRbgZNDDb kd","rejected"
"00142268b671a431c1f5db90f5a95caa03e49b90","143957826","rAYZVHzXR zavBMmIzCZlFJuIQHWChpQp MsubnrQSwaxxuHLJ","accepted"
"00142d05f93ae81ef7a5efd84bb9ae5c7f8ccc0a","35455751","AzYkTCUMGeFpMxvibVfoyJbNWUuiBgIGZVnJfbqMeBYYODBOAD","accepted"
"00142d05f93ae81ef7a5efd84bb9ae5c7f8ccc0a","2150168180","WDFaAeiGGFuttYWxOAucDlCRmNbXgYzLhcpAfwrRhrAsgzECVV","accepted"
"00142d05f93ae81ef7a5efd84bb9ae5c7f8ccc0a","7392803","pnZKgETSlPraPGRynVfAqKjfKOFR HTxEUdSKIGMkqnrSSQaxp","accepted"
"0014309d2c03d638e26167c37e99b98be0b65cfd","7569031","itpijUIUpgErylStEOJUSmGKgbMuLKldWMgpOZlpIFiwvSSaUm","accepted"
"0014309d2c03d638e26167c37e99b98be0b65cfd","2337219","PytvxNgXXnholLfCLGgOLzrGSWfiXTYKZkoPgjgkwpiAbZuYjB","rejected"
"0014309d2c03d638e26167c37e99b98be0b65cfd","2110169473","mJizNOcJCApnVLvAYRADSjwSoQrOQOYcOxkyuRdBgDRUGhehJD","rejected"
"0014717153c0951a45acfac166fba3d34ac1b730","144742088","ZUbsEjRDXbTZgFhnVeVHGptOcIJOfaqMurrUStpPpuJzraqzOu","rejected"
"0014717153c0951a45acfac166fba3d34ac1b730","145984583","YclpPmcDXNiJQLPwJXrlLbPLpKbRpzrosqmFFeiOMwkIlBTTJi","accepted"
"0014717153c0951a45acfac166fba3d34ac1b730","2152912295","nsfZQRfLzdvETQ aPlgSfmBsKtEHLIOcbWdnkLOvdXKKDQBKbL","accepted"
"00148f729fbe10560d430161312b03f73247267d","2375760","uRcBpBAUnPWihlVjQSngmMvzvDXuBWMIfmXpAwgeb XySvMdYW","rejected"
"00148f729fbe10560d430161312b03f73247267d","2139813947","Kobr wrkMoXmzML DBw KinvUyGJyPDQkSZQndmzockAgvZgiO","accepted"
"00148f729fbe10560d430161312b03f73247267d","2361064","uFgLLCikygxUShuZpfNmVEyfnRMVJsPbPPVXfWLjsSnIxpCKK","rejected"
"00149253d6972577e767bd8eabe69cdee4439cad","2108636529","u rAKNOEIgpyZflYGOaFfnQPNJutHREBgmRGECBZOczgTqdYfs","accepted"
"00149253d6972577e767bd8eabe69cdee4439cad","1740145","OPICAUSr BDbjmJptJCOOxbfLDsTJORrucGizXTBHwGf QoYGW","accepted"
"00149253d6972577e767bd8eabe69cdee4439cad","1940437","c rCgTTAjQeoMXltpBIGAPRGRTMliQCpyGuDaeoiqXETCkGyms","rejected"
"0014a089dcb860776e4247689e358a7988734033","2212594","DKdjjoiEn QletwxHJRKkoTknNIeBekJvGVbuQEtPWCb ZtPN","accepted"
"0014a089dcb860776e4247689e358a7988734033","2113808276","SBzrdDshcgXu uICLQGLtUiTMKWAJZlHmcoYXLeaiSRmfBYCWI","rejected"
"0014a089dcb860776e4247689e358a7988734033","30685379","vfllmhCzsShbNfR YpeHrrjuqmDgHioEqYXHCnpHCTZdWsRWaw","rejected"
"0014abf7e98e1af13eb559897f1c8e6785bbd8e5","46497200","lzjykVeECJfohKhECimQjBbuYKgVgYeCOSGvzRALJniEBxWTXJ","rejected"
"0014abf7e98e1af13eb559897f1c8e6785bbd8e5","2118987168","YskUxUljOIL KSjxSSX UGvkoCTbStGXnePpVpgnYxMULQOGlF","accepted"
"0014abf7e98e1af13eb559897f1c8e6785bbd8e5","2681613","KGjRrCkMt spaOrhAcwUiOeHJgsnFQMEibeBhBJtwmHaGdlsJL","rejected"
"0014ac2ef85dd3adb9a1aa04ac5714f0dd69131f","2051333006","ZLzLayWnYDHMbqvDwzVEIeQJaiHkFTAoBxXbBhqkfapBybqzMq","accepted"
"0014ac2ef85dd3adb9a1aa04ac5714f0dd69131f","51894811","sengooZycFZmupbbnqzAJXMiQssrXCBbEaBwHIzpWvRLVLfGvS","rejected"
"0014ac2ef85dd3adb9a1aa04ac5714f0dd69131f","2897755","jyfQnpnTTllj EyZ mAMIWi bxOjdB JNQnKHvOYQXNJmQUjvo","rejected"
"0014e2439f808a321dd38e78f5b0ac1cfc9d09dd","2097672910","XowjzaFOlAwqyMRpYCNruvsynVyl hrewTpvLOVRTrQNOSCwd","rejected"
"0014e2439f808a321dd38e78f5b0ac1cfc9d09dd","2118517757","MSOtMnrYcaAFYoShWRGpWxrIgRUQPTQjxVycOoptCLBw CGIAC","rejected"
"0014e2439f808a321dd38e78f5b0ac1cfc9d09dd","2155647218","RazBVNlElB GfijIXuLbNgpkklBtJyhlfGbBQcjSZGzVLei wX","accepted"
"0014e3f6909edbbf8e4d417baf2b991ffbc2909e","46337067","HcgABOaXqIJQVvxeWbOshdJgvJatoiXnSJQHsgqFNCieGCShim","rejected"
"0014e3f6909edbbf8e4d417baf2b991ffbc2909e","2284063493","gZOwVGbCaQHBwV ktZMcrKBSzRcjBrBUiYTtjWdhVVXNZFTaBE","rejected"
"0014e3f6909edbbf8e4d417baf2b991ffbc2909e","119627029","kVyTkErXRPhITBSACvaGSdoarrmMnMUljYgN ooNzBaTEiMWXp","accepted"
"0014fba4bdd988082cbf88fea8ab0c0f00e7abcb","6963108","fvNkTBKNiOtdqLNDtckUcW pSz VFJjCzxRYSdrpadfazBUSRx","accepted"
"0014fba4bdd988082cbf88fea8ab0c0f00e7abcb","37159328","rBnxqyiEXKpqqPpbrgkloqrqWTkFDkStsrIpHotBgoDWOEmPJY","accepted"
"0014fba4bdd988082cbf88fea8ab0c0f00e7abcb","2388683750","JbmPqiRKFJkYaeyRHZGwVBnhZwVofJEdGVTVmeHgLoEVNurJFm","rejected"
"00151a726b48aafa0a9f13de7a9064b2e554f057","39740778","bGXGTFdBgS cPsFpikSuoWLQCtLrjMnwIQngmLUFjdHWMdtCeO","rejected"
"00151a726b48aafa0a9f13de7a9064b2e554f057","2146562831","mShEiXpaLOltXIzIbCYHqdVjPNPrbBdexqwFZkUSeJcKFOhYUe","rejected"
"00151a726b48aafa0a9f13de7a9064b2e554f057","2108795677","uKrVOzQALvEvKtFaPBMJZYCEGfYfveJkGIvUiQDdFRfVZIivGP","rejected"
"001533bcbe30802b9a37d8f9f22a083ccef516b4","2158030820","AqJMLsvruf InrredPUFIsoWhGSdknuBSBLtAdaaiznRsICdFT","accepted"
"001533bcbe30802b9a37d8f9f22a083ccef516b4","40420312","d bTUIBSPVEXqzAiTyQDwlkdAAvgBkzmsckQPPmS gfXHyTHFi","rejected"
"001533bcbe30802b9a37d8f9f22a083ccef516b4","2116299418","m fPAPCgbIgbjSjWeL jobgVgusjLmsBSibPucvXAbEYFU Tzt","accepted"
"001537061d95130cfc6499f92e91929447125c4e","2198762371","OJ WGNDfTrfgQENxIZIMaAFcdpAvsDRULqIZcOexyDOdGRwEOy","accepted"
"001537061d95130cfc6499f92e91929447125c4e","21665893","TVqYlDMQMuqREKcyotlFtYsrlBWyBZpSHdVIrevabixHXUvsrv","accepted"
"001537061d95130cfc6499f92e91929447125c4e","143912612","GNqcZsqVjYgwVpcTPiuLKVeWqvjitEVXNNQU wNXMhfZIVcTSS","rejected"
"00154ab9fa1231f91d3d522e65d7bf9b9a05ee50","2053224984","rKhdcvVgmxiMyDBiWSRBGYPvIhhdYIAKEuDEhXSIgSOHpfBWJz","accepted"
"00154ab9fa1231f91d3d522e65d7bf9b9a05ee50","2055961353","UafDIfJIHJZmJHsftV NOumVd dqDTifVXAlKQePmZwPwINJTq","rejected"
"00154ab9fa1231f91d3d522e65d7bf9b9a05ee50","1407118826","qdhbELTIKBcTjrGSjyxRaJXrKFbcrbHSYTNxEBfkqrHXfvSGqm","accepted"
"0015516be92da4072baffe3ac385ac13c362e435","143893221","DiHkHxdLhuwVrkMsLCafWXxIFknhSkKZwhDgHBqLynHEVMGcjc","rejected"
"0015516be92da4072baffe3ac385ac13c362e435","1714179","bYHWulqeHAJk qPQhTWrVZg vDKrZNORpolHiYXApnYjpedvYi","accepted"
"0015516be92da4072baffe3ac385ac13c362e435","66057386","XmjKmCmohBbtoenPYCRQgQxxuxubknmVaLnPrKSHX zjpSpuZa","accepted"
"001584e198dd73b649e25de2523a25d77fdee3db","2215881772","DpYKSzSSycPByiInRhrtlKfUfuElnGKUTGynDCmCYQUkeucIMZ","accepted"
"001584e198dd73b649e25de2523a25d77fdee3db","100821757","EhDiDYdPJBZrdyMbaTwBvT wYclXHFvalhkbnPAWysYzQnQzgt","rejected"
"001584e198dd73b649e25de2523a25d77fdee3db","40865546","QpTdcxCgr JQRQUpEhssY QRFibElCHgLyhwdFJuTclRkFtEWp","accepted"
"0015948be940cc9d976ef3874be9cad30b4710be","143926737","i tjftoKNdYDVdygiU uacuCSpuNrjIrvmBoqgoKImRThMaBiY","rejected"
"0015948be940cc9d976ef3874be9cad30b4710be","3156636","apCItfYzOpGXybDKcCLzEwUuziybcwAgibRkrqCULyjovgLgCM","accepted"
"0015948be940cc9d976ef3874be9cad30b4710be","1490700288","JqMlrPRthsQeorUjnqJqfiGUyQRHDqgbFfhRJOVlRHpYlsZDGK","accepted"
"0015b082449aea900b902d3666677599789f6c50","2211016240","QvRzZVrheEhbVydihXjD YYfPJIWjlRseCLtmzmIVyGkZntFNH","rejected"
"0015b082449aea900b902d3666677599789f6c50","2142961907","G qlQTVzpbVAnwiiDnTsMkDrNcJTQxmUXmWSXkxaEwPIUQXPy","accepted"
"0015b082449aea900b902d3666677599789f6c50","12593622","OwzoexulSuQySREoGPqJDYyB dHjzYncjbPUqzSykJvKRrfQzZ","accepted"
"0015fb5e20c96cb34ee847b36a6eb9a14b3c7987","143854143","CbgGXEIBLwKNM CECypjaMwLqQWUKxiyxIbzQexGv hFnaVJrd","rejected"
"0015fb5e20c96cb34ee847b36a6eb9a14b3c7987","1790200","eZDAGKPtQzYxbDRMRkJolB hcHlKZMVKUNWXeeVPTaGYNxuoYO","rejected"
"0015fb5e20c96cb34ee847b36a6eb9a14b3c7987","3641238","UzweCTedLymZBdxbdeOlCRy JuwdJHgRBofq WuJnxwchbPfze","accepted"
"00162d7cfc461e353ea6a5074855bce7ee6d9c8e","2204634","XodYXWsgEqPuDeXAIuPRHlMp zTyObQznPXbsTzgMLNEcDGUqz","accepted"
"00162d7cfc461e353ea6a5074855bce7ee6d9c8e","2237782098","SxPzfHpNqsOTExSXgmzdSmbqUSIsLfm rZJmChkK JhQENKmcz","rejected"
"00162d7cfc461e353ea6a5074855bce7ee6d9c8e","144284673","soPSiPeav rqxYYKWYaTCSwxHAUHtPIgSdPyUOEhXk fxzLqvy","accepted"
"0016312aad31ee3e821666a164c30514eef48a73","36823392","cOrpIOtIpiTermBVwZabCngjNwGcibShNcnhhcyfuMUpnAtEQM","rejected"
"0016312aad31ee3e821666a164c30514eef48a73","1680165","rixPQOAQFvQqvUAEGjwdRxGcXGWYmwlvYpnQAMskloAaWokVSb","rejected"
"0016312aad31ee3e821666a164c30514eef48a73","89880501","YbQpmCvtqUwiHXzgvYBydOBqiplsvvFQeAxQcNKOaflZukQqVm","rejected"
"00163eaf51ce78b1e2fe918e19e25c5ae2459338","1685533002","gtzHnUZnAafGFoccYgDnskXz wixaeAKiGCAEhdwleaXCIuhFH","accepted"
"00163eaf51ce78b1e2fe918e19e25c5ae2459338","9268451","lTlaozpyWeZSNEYIwNDfgDiwceiUvSQOXXjUQSVIUDHSDfnrjd","rejected"
"00163eaf51ce78b1e2fe918e19e25c5ae2459338","13731410","kqXlXwCErLujETaBulhkDqfWatcgkgcUtkFvCCchthgHdSlS I","accepted"
"0016b8e266514530963d9dec6f197d6ffdc56ff9","2137138124","IKEuCh wYvhwvIwpSYFwnZnwawGYqL vKxcIXlRnYprZMTTSV","rejected"
"0016b8e266514530963d9dec6f197d6ffdc56ff9","2126207","HdrjSwiUldmptFIKytooBDSBeWXdYAYOuvGcXzOVtECh RKOSg","rejected"
"0016b8e266514530963d9dec6f197d6ffdc56ff9","2618162","pMmoSvbMSHQLxixVsWGyhjdVYuKlmPshXkbVXgaNFfI AEchfi","rejected"
"001747588eb70f936e30e8203d23d43ec7692b92","46497200","LTcYHxWopHHKZ PHDfWgLSmnAsjpZQdfNRgPdMGOVbCVkMBQwp","rejected"
"001747588eb70f936e30e8203d23d43ec7692b92","35354357","cJnxThyqhttKHJQlYGXgdsYhNSixyHIKPMNIdAfsXuJaNTSbME","accepted"
"001747588eb70f936e30e8203d23d43ec7692b92","49128514","WNEAFlJcAdODnWguWIVABCqWBnUArWzYyqSOjKBWgucKpjsiZB","accepted"
"0017b46755fcf120d447c439d9ac5cefbb9ba0de","28285069","stFxAyPBpYxzUOdpcvzftiXMMDlkttykZwZzXIyxhruqAmtgvX","accepted"
"0017b46755fcf120d447c439d9ac5cefbb9ba0de","144753120","CUsNzhBdhm NeYCMEAWADRbqciJVDNSgTElPQXhljuLneqNTOp","rejected"
"0017b46755fcf120d447c439d9ac5cefbb9ba0de","39213040","DMoAcejfeDOaBWVu  wtCrzyJkVrPJlWuygjopGnnHpmWYfkha","accepted"
"0017ec8bc5d5c15fa409065263de140f1f02fddb","1684335","xIGlME KNwSJddtIwHXMyikvgFfI yZpRgyWfYgxCPfJTVh G","accepted"
"0017ec8bc5d5c15fa409065263de140f1f02fddb","40790972","QHlCrziKIfDkMQlOOkP huInyRWovVvdOrLTfrGvdYilCixSzD","accepted"
"0017ec8bc5d5c15fa409065263de140f1f02fddb","6347625","PNQFZblHvOjhKAOGHHHKyDOmhyRqkJUfFzTKObCYOKnTC d QO","rejected"
"0017fad0f68cae601fb28eca29b7e47a81c8c873","1766623","uiiQzrLZuYMAzoiBsuVUhgGAQXYCTWAVCwyDndcmuTaTGutMsl","accepted"
"0017fad0f68cae601fb28eca29b7e47a81c8c873","1421225679","hNJDMvJrypoIriBNbBIsoEVNTmibFrwKTZajmcKFelEHMgnlNL","rejected"
"0017fad0f68cae601fb28eca29b7e47a81c8c873","2237782098","WXhFbhWhZKIfWTFMsSUJraQhPWsMSMUoAzCWbKuhc koaEhsyh","accepted"
"0017ffc936af252b46ebdf5cf55b5eb3bae3884a","2091106763","Xq yFLlOKtmRswJXEUuLEnUejkqFJImXLOYhitRSPqozgpZtEh","accepted"
"0017ffc936af252b46ebdf5cf55b5eb3bae3884a","1393591007","KBexvPpHuPoSDXAUDrMVpaXnvsWbeTrTHFouJzpMRdYDOPezqy","accepted"
"0017ffc936af252b46ebdf5cf55b5eb3bae3884a","145508283","AQsQCwWrKzBNNGVkirtdfYXyYQcWbJbQUTKEKecTDEBpVdlXRG","accepted"
"001800f7dce40a01ed7835a24cf34a8c12b9121f","1911110","zhYfvffw GcXWfwfcgZGRbAqnPggCgRWRGzydZ PjVEaspJnPw","rejected"
"001800f7dce40a01ed7835a24cf34a8c12b9121f","52601722","cYhcHawQxYfJeSvamXLSJaxpdCTmavVTbjCtlbCcUPxFjSspPU","rejected"
"001800f7dce40a01ed7835a24cf34a8c12b9121f","145405338","FkP cmfuOcAmfTHOETittkfsNRwzhikqotuVZVoPXXwttzTMjh","rejected"
"0018087d027bc49a512fb9443cf190a2fb6b55c0","2131166481","McbZjBfqmPXoogKdGpptOIKOPcfYAuOoDaQKPAEdvuSElWeRIE","accepted"
"0018087d027bc49a512fb9443cf190a2fb6b55c0","143954109","dKtRsoGSo VIgWDhNfMVItG HjTpyMJYBywdVWQMwykgPfVyzG","accepted"
"0018087d027bc49a512fb9443cf190a2fb6b55c0","52645986","MIJQihivXQBxNuqqnHAYOkMGXPiOq cZiMMvUqYBJkSJLPbjoG","rejected"
"00188411b8f22fc151ec1315fe26fa259a900492","39666515","gmnJzJVCcHsb TET SwqHKMaBkXvBMBMppWxnEAQMtIlNUcsqz","rejected"
"00188411b8f22fc151ec1315fe26fa259a900492","35867883","yQpFBilYiArkbOAVkwcyaOwlJhgkcxBkd hArmmhLXaSqgUKXd","rejected"
"00188411b8f22fc151ec1315fe26fa259a900492","49411511","oBklHJbqdMqdPQKGFzXHujoEplusSYCXfHCsNPAvOvqcXuCmMN","rejected"
"0018888a90823167cccbeaab45b82f63d6fe4399","2054665745","yUNSXQcAxtYuZQeXNwxTxHwLEtHqWsyLAfwwOyxJzcJzSOWrBo","accepted"
"0018888a90823167cccbeaab45b82f63d6fe4399","2118007290","mjAHACnenNERtuMOSXLKFCpGtCJqGpltzGtQwdaforLYfSLnO","rejected"
"0018888a90823167cccbeaab45b82f63d6fe4399","1770992","KjZbdIheSiRDcyNdEtZFdiyMEHr bnNvTm Y STkAmHwMOoMVi","accepted"
"00189586552ffa4c21b213a90dc56f443f4c2b43","2118224438","dIqvhmugjCtF TRgVgoMUvHLeWRXPFHpxWQeRWtOwZgwshIoXG","accepted"
"00189586552ffa4c21b213a90dc56f443f4c2b43","39539991","RaTPzkZhIEiccgouKIqJtSkEyiuLPBsOiQCIXgtdmTRJjonTqK","rejected"
"00189586552ffa4c21b213a90dc56f443f4c2b43","8767958","KRwQQXsqOERnZCaIvBbrkOvmCqIV ds gwzOXcOiUlbJulBwxo","rejected"
"0018d517c913fd5ce8945c53925923b1b03f42e5","2088378727","HMfYejKAcpCHMNjLWOWKksYJAdawYUvtvKvzfwrNElJSkRgQHG","accepted"
"0018d517c913fd5ce8945c53925923b1b03f42e5","34656564","XfXnZErnYQafzEDfMjJRVDyvdQuFnlUEgKkiKfvXasLXuFJamX","rejected"
"0018d517c913fd5ce8945c53925923b1b03f42e5","1656683088","bTypxUnlUbxXZbABRYovXQOutRVizNCKYHljdLRmqFG IojRWZ","rejected"
"00191fd523083c651b634f1b88756e796c3ebed9","24746746","MABYWVEcsqbYOyRDrAEMwusoppyRCsLvEOVQ rHTZriBiswDnz","rejected"
"00191fd523083c651b634f1b88756e796c3ebed9","1911151","OCMfHvEqqZmYfAsgxfgWRAzjZJxpIbAFKWmTyKaoGsiYuHrpBD","rejected"
"00191fd523083c651b634f1b88756e796c3ebed9","90926129","ZxUgVOOQyuFNEjmgLVVRWVjgxURtpTvACLmkusSymZOKOgRbuI","accepted"
"00192b5adb3dea34a60ca7ebe58b48fc44e80efd","2849767","JCUNsWUEOUswTznzeOxRXkfQzheksGcSYFuSDhLUFeJmpOWJJQ","accepted"
"00192b5adb3dea34a60ca7ebe58b48fc44e80efd","2337219","lxRbVMKsszbiDBLlhNZghxeKokDFpps DOMelMyFccUmdImtrE","rejected"
"00192b5adb3dea34a60ca7ebe58b48fc44e80efd","1772467","nCmUnRyKvrVtXTmRhOoiheBknVdDpDKYhNhAlHZBdQmIWtDy Y","accepted"
"00194a86f2e0a36f43aaa938d5c717153cdd7c5f","1730455","JOyERbGO z C AmmGIEfuxRFlUrIWjMDXQJYySGAVJFaT JLuc","rejected"
"00194a86f2e0a36f43aaa938d5c717153cdd7c5f","2155279156","HgutAAkXltVKeAKwYdyhlpVnHAAtmxzjfuvOcMwpQwBgZkZWTl","rejected"
"00194a86f2e0a36f43aaa938d5c717153cdd7c5f","5454227","UYRkrajTlYFNEOCXhBwosHynutlTxsIOiRs hsTFtiCwzqJFsH","accepted"
"00196fadcfbffb51aa057c8e903d5023bdbe2507","2110489216","znGEBgdCdnZPINgwODTWBJMiGlZiHMlfjprbDjXEEnEVRKTmQo","accepted"
"00196fadcfbffb51aa057c8e903d5023bdbe2507","1897785","favjuOeFSriVabfRWIYWpxbuRlOwVldKDcVCLMEbsebqaYvagO","accepted"
"00196fadcfbffb51aa057c8e903d5023bdbe2507","2075371855","nYDHCu ADGKyWscuoCqsWrfn a unruFcusl hZlBdslWuIgrw","rejected"
"001973a77bf8fa82314de667af5b041d856b0069","32282349","a CliMBUkhNspZRczcXvVpPTkyNxNBHWYKPazwMF GpfQNfhty","accepted"
"001973a77bf8fa82314de667af5b041d856b0069","47096290","eRbTi gauPSeUwNBvqoaKzTSZIAWkGnKUFwEjHTVthtBQiGT Q","rejected"
"001973a77bf8fa82314de667af5b041d856b0069","116259389","hknWrMTUasCvOnebzDDddMJyAAkRGNHEnzkGWQdBmiisI tXvx","rejected"
"0019882ab2bb43ca54a5b56b8084c657e041ceca","2090299849","gdpp eduhhsUtIoMkrKJQFiuPUocbgEzmFDNIUGkTtcnVjqUNB","rejected"
"0019882ab2bb43ca54a5b56b8084c657e041ceca","115719008","CLKadeXomemmRPOTRwXxxxrFlHpOmaNjxMBUNVPzGfUE UsluW","accepted"
"0019882ab2bb43ca54a5b56b8084c657e041ceca","34637836","cxCpwKkVHhwRVdXZnLXILwCUKtJYXgxVRgSCse h bWHuBbNm","rejected"
"0019a8b7a4bac9d20a5ac3913153071e940e5d77","2119078544","LkOIGgjRkvopOPjVKAhFkowIVPyKJOzondHwdwJrHwDdn XCTA","accepted"
"0019a8b7a4bac9d20a5ac3913153071e940e5d77","2152490051","KIRWUzLgOpNpWNsfDQEhASTVM dagpivwYPAwtktzKboklEacX","rejected"
"0019a8b7a4bac9d20a5ac3913153071e940e5d77","2058624626","wRutXuRMIRsAGjgNcMvQaVDlNcwneLuXVGZywIVARxGRENAfMn","accepted"
"0019ac979e1e8b685fe3c5ec80e9f81edd11c072","7536576","cMkaKTYwRTQBCPTfgMNzfFUqqMsCzJmUMGzfGGujWXWusuvwH","accepted"
"0019ac979e1e8b685fe3c5ec80e9f81edd11c072","35068564","ArZXDNLJTyR jedcBYArdaFHrIDNdfeUcBoGczMqrqMpTxFfwQ","accepted"
"0019ac979e1e8b685fe3c5ec80e9f81edd11c072","1751931","mSZIvctYCIzMOdJvisujpFraOIDDC lqHGQAEJcR fASbdKJRr","rejected"
"0019b68187c437b2894b20ca0b4aa9abb4ef4808","19407585","AwNeOk giqrMAsAMeUiDkzqtizIQbENjVVQQjrmhNDzvmarGbz","accepted"
"0019b68187c437b2894b20ca0b4aa9abb4ef4808","1741829","zFQGayJczVeSuKpruEdEnORbqczHCoFwhLwvIbsKMLiZmfBcnk","rejected"
"0019b68187c437b2894b20ca0b4aa9abb4ef4808","51897311","lPyEiNkeHeRBZfHptpgxErmuwOSiNHZyaHoycPmAueKCZrjNKs","accepted"
"0019e3320ac6d702851f7be9f08a8747098d0730","2053796813","ADofvgUWScqJgeSISPcxLDHubOPZoSgAMUPaQKpQVzgVFToqoz","accepted"
"0019e3320ac6d702851f7be9f08a8747098d0730","2277271313","oyBZPhqhTzoXQC fTrm jjgJNZkAYseJXUhUZSkymHhxoPdrQF","rejected"
"0019e3320ac6d702851f7be9f08a8747098d0730","2145592370","DhforjudmuFYOUmhgZuAeovMMpEIAwegxznujE ZxfvckDvmEo","rejected"
"001a22e8e05cadd7a01fe82893c66286028bf419","2108919385","fcODplKjCgEd bViKOBxamZfYppCTW nXmwramsBZhoPcrvZZL","accepted"
"001a22e8e05cadd7a01fe82893c66286028bf419","2110887733","pSRypytvZSaSxjydpJorpDVLxuXDmnMNbdxjSEACCeMJOdUssW","accepted"
"001a22e8e05cadd7a01fe82893c66286028bf419","117612970","jPZLowbAcAzQ ehAchRvNfMxuAVGRellzoqXPqrcbaOYWPKXjw","rejected"
"001a56fda5d06f225a016484db80201dd3c0e0c7","2596557","QbeDab zrNgOMbqffczEYu PhGfkGFpaFiEwHeYAGSAZVlMFlL","accepted"
"001a56fda5d06f225a016484db80201dd3c0e0c7","143722718","UQdaWyEcJSmtvurdQzUZTe nuzWGFicdVJNnmjTKDuknNigQQN","rejected"
"001a56fda5d06f225a016484db80201dd3c0e0c7","1767534","ogkmJOGpOuontBXCaJmhOUYUIBlxkrorhRyNbiJokxWGsYmqcS","accepted"
"001a5b384819396f2d54f034562256165d0e2a88","89875547","GJrYhhMoYWWvfBWbVhFffHsXmhqDKuZKGDRYuPYFqH JeCYjqK","accepted"
"001a5b384819396f2d54f034562256165d0e2a88","1915398","plsPRlrYSqYmrXOklh jWCtNJVtsEeXXtDnuhJjVwvPtjXDeuf","rejected"
"001a5b384819396f2d54f034562256165d0e2a88","41159541","yInusCkrsmyXyfyPPxYsmeKViFNWcABLmfJuRxiimXPIUKoKwJ","accepted"
"001a6f98201183d305bdb48a13028c9b5901e3ee","6799312","ujTsgMUfBAbrvtKhRHBVDmSPKYQAxorcysHLYIPhZxkLcEtCbH","accepted"
"001a6f98201183d305bdb48a13028c9b5901e3ee","144535814","NClGhzQGsMQNkxPXHbWeVJiJKeQIfWQljglXelbzJzKEmmBbcL","accepted"
"001a6f98201183d305bdb48a13028c9b5901e3ee","4347364","rmQbXJlxwqpcKnGqxnmYfsVRSVctDoCyUTxTJqHlZx fmlzEFC","accepted"
"001a915f1ed7484287c470642883383942c94fcd","1734072","GvUAWmbVJCUZudqjQrHkHD iGAhZxpqgdBDEMDAxiCEcirhWxD","rejected"
"001a915f1ed7484287c470642883383942c94fcd","2059326306","GsIIiZMhjYJexlfFPGPmCsXTvR yafPcsrTDaLTFLrfr nHQpi","accepted"
"001a915f1ed7484287c470642883383942c94fcd","40211094","KyAeICsFSsZeDHpTqFkxEOvSAsBXUUBegiDYjUFtemvjLRWlJH","accepted"
"001a9612cfcb36fb9241eca16a120680fbbf8cad","145107345","EyUXAWGIgpdvKEdeyyZrUZOxtkkVHKxYQzhfjSnwCXz bUsjHM","accepted"
"001a9612cfcb36fb9241eca16a120680fbbf8cad","2091575691","ej MQhfgYYXPPYQHTgluOwsUZfIAZktsymfVGXUIa EaWlNzMu","rejected"
"001a9612cfcb36fb9241eca16a120680fbbf8cad","33327424","erUUeayAugcfgtLskvXADyCqPlNjMvrXoHaQYkYYntRbiDCpYl","rejected"
"001aa4d96e206418bf6737d77a6a002313a01fe1","2211016240","UeqaKBNatSVyNlGLgktd XfVfWNvzOcxSmzNcHuDejTICmfLvg","rejected"
"001aa4d96e206418bf6737d77a6a002313a01fe1","2091905565","TWPZbKZoEcfhAQibIGwUlUPZAEQmQicIPG dPnYMyRYwtaQOoj","rejected"
"001aa4d96e206418bf6737d77a6a002313a01fe1","2199592928","WtSqhXtkadrxoZaakrJAXENgnKD  PagLYVmQPjvapPnggMkfS","accepted"
"001aa70a8c7f3c3340e77cf06e94a37e925bfdd3","8550973","iDxpctWDrlKtRfmpSnFASRlxCbv AtbUfBidpivAAmVUaWreay","accepted"
"001aa70a8c7f3c3340e77cf06e94a37e925bfdd3","117969622","ARlFKHSazvoeeguDlPPoj oaTJUhKDLPNSLHYUaXBfzUxTbkZj","rejected"
"001aa70a8c7f3c3340e77cf06e94a37e925bfdd3","38276130","wnwCEHeQpwSstGOQ atfwuEIZoCGdbalUfAQnAsQcpVS kfD V","rejected"
"001aa8f300b42a0fdd21529373eba70f67d3f7bc","2047306644","FLpaRrZOeRiPIHEYruploLJzOzdfWJW uO HtgBdyiYJRLhrda","accepted"
"001aa8f300b42a0fdd21529373eba70f67d3f7bc","13081449","QJziYNxjVIAeHPJxDmUsKes  OaXeWTgTiwlPKeKjfEfXtMVtl","rejected"
"001aa8f300b42a0fdd21529373eba70f67d3f7bc","2108295460","cqlPyvHNugqEUDEUMFxwfDSuHysKQuQb zuJndJPLlsMUYvesL","accepted"
"001ade1f8d2015d105a8391f18f0b8341046f3fa","50188186","LUPrqZFhpiClyHenyuBpMbTbIqRWtRmEfoTLeRIomYJFOkrxhH","accepted"
"001ade1f8d2015d105a8391f18f0b8341046f3fa","2152183705","mroLoHRcggZIlDpKoThxKKFunrFL hxZOjcpOzvZlySHfeWsDY","rejected"
"001ade1f8d2015d105a8391f18f0b8341046f3fa","19172169","mpwyYJeGxMqGIeHuuNJZSOQPeDSuxEbJsyaxpZPmvFTVqdAXYe","accepted"
"001aea15b495a5c820a1ab23691ab49393bdbbd7","153862908","BXhgLfGfuDwnTiFxsWUUmFpdpgVRy YfHbfkwwjawXmspBJBlI","rejected"
"001aea15b495a5c820a1ab23691ab49393bdbbd7","120125990","xLTaxaNfSAYbNMkDeEBAageqbECjFOfLLTJJDfRTlyqYOz XDf","accepted"
"001aea15b495a5c820a1ab23691ab49393bdbbd7","2069707552","eecGgUpNfxlSqJreqbjHNPptqaRwXZPwcmtSUPpfdlsyBjbXbj","accepted"
"001b096490f3b9685926ca87ebdd0399f8225aca","147785085","kVuKepaXHtgVmSRGHzzkLTtsqsJXbDRcWSgiYPH fpsjgWYIOE","rejected"
"001b096490f3b9685926ca87ebdd0399f8225aca","153183049","kHBRZQhjZMbNjzwJUXWr vydNBiOUwLXgRJayWrptPNaQMjDIG","accepted"
"001b096490f3b9685926ca87ebdd0399f8225aca","10098994","NhCoOwhZfyrHSxGxoNRruVcirTHwLeMQkDkkoWkIOOZSNjA PZ","accepted"
"001b107a1d36f504119575f60cc103734efcdd45","2413018","fKsOFNEXeJlcBLiGEmjaRcVWFpAsNfKbuwZXIQdbSSwrVwbBqm","accepted"
"001b107a1d36f504119575f60cc103734efcdd45","143920802","UzTJzcJlljFYriRteuyHBCdIvhvLvRtuWPKpScYpuYtwJZqCqi","accepted"
"001b107a1d36f504119575f60cc103734efcdd45","2183793288","feOlBesxFykQLoUzVKwddJhNOtUEIVhHiPKsmLVAmUVPVJaHnm","accepted"
"001b16073a95426f27baa8d1b1b0da279a627e69","3349640","TSYwP   JAzqMW pqtgMTVFrHsbryKk FqOQgQTYYFNzdomAfw","accepted"
"001b16073a95426f27baa8d1b1b0da279a627e69","1517771451","wuthrHRLMBarrECdUYVDZTlhHRIeZPrlAgPIIZRU woYrockWD","accepted"
"001b16073a95426f27baa8d1b1b0da279a627e69","40805728","jhYxbvZXTQPIIpVvvBRlDzXNQzjKwmkeDV  welBWnhtjeOtDp","rejected"
"001b41a95b6a02486bcad6fb99d898ceb3629997","145518428","shQcleFL jjAcoAkSHpuUnEuDkYOMJVypcVtyZBePsDNptvMhJ","accepted"
"001b41a95b6a02486bcad6fb99d898ceb3629997","66957611","OzmrDplBjmZADINnNqWDrNIKmtxyfUZXnExYiemxnojxOHouQV","rejected"
"001b41a95b6a02486bcad6fb99d898ceb3629997","1897785","AtkSqjZAUQQEFQh jLvQAEkwlwwCtTgOqm svTElKIPRIvHGMD","accepted"
"001b461a56e067f68e4ee4efdeb554113ec9a52c","2083838923","DIZjGinRncvwFDh PiMvFtpoiMOMgfrcWYGUddFnQuCHvsTcrL","accepted"
"001b461a56e067f68e4ee4efdeb554113ec9a52c","1722055","iqAgtQixkjWQPLLJThnsFJHuzclqYp drb udLwwzxElyzXtxu","accepted"
"001b461a56e067f68e4ee4efdeb554113ec9a52c","1490892259","vBU YS KdKcKTdbgbfYDwGuwseVHETXrCYYxaNjNFHaYYBBqPZ","accepted"
"001b4cafd6f47654672979531cd76c69420e9a08","2092380256","IwJlYpnfKQGWYDdxDSPnBJLBVI cuuxCIzJURj PhrzSEmsxPQ","accepted"
"001b4cafd6f47654672979531cd76c69420e9a08","2173007353","PkYOgUUsRIYgmpHDLamQVvKwPvPyDaCyiR fkqGHdJrnkVkqy","rejected"
"001b4cafd6f47654672979531cd76c69420e9a08","90934547","XPrmhMdgfWmDLgBSpNIswOxsogeNjiUdOqFOFLrnrKGVjXuqSh","accepted"
"001b6c1378726946e7dbc67b2873f23ab20a3d96","2173942291","lyMzbVeWHFXSfMAMbeAMqdBltOWoGXTeRcGxFbdttMKViFmeid","accepted"
"001b6c1378726946e7dbc67b2873f23ab20a3d96","9081258","YirUIDHpmcrkPRWLSmCbrqrXaWjvbbZOxqVBiNErWfRmxSUjUZ","rejected"
"001b6c1378726946e7dbc67b2873f23ab20a3d96","2536066","Awls DJEecDVyS KQBjYzXmhCpfDnjGyWlECjbCKBAViSEWNSQ","accepted"
"001bdbc513c1ca3e476f09cc5ba45b43ab354ccd","153183049","HNBcRYXJxtVDD FpFFkzTmEuXnWVThOkXBkegwBXXdrFQmKVkb","rejected"
"001bdbc513c1ca3e476f09cc5ba45b43ab354ccd","1788082","ebgdPyp TnYmABizShZWgaHjyvxLAdYvhdPaIjwbnhBTNCXzoH","accepted"
"001bdbc513c1ca3e476f09cc5ba45b43ab354ccd","152358983","FqwPWmydAhVqoRyitDBRQoniuJmJIFqvBIKseDUtaIUPyOxfgI","rejected"
"001becc774169ddb6f3e1071848603651b24ed3d","153862908","jlfwZSKrRMgTBLUKiDuoIUYhxvqUEyuWspoFfXGplBENbNyxJT","rejected"
"001becc774169ddb6f3e1071848603651b24ed3d","30734897","nUZpXIzmXvLxdaEnMnTUR meFG jPsSDrLqEDvjhWOw TmGHtm","accepted"
"001becc774169ddb6f3e1071848603651b24ed3d","100600220","fybZAQiqiloSPEuXrAVHGZwmzcIsLNhiHspKFKZTmQuukhFxOm","rejected"
"001bf8698b925e28135fb3c19a8b4e86a9483c39","50824401","nvCmxgVIYrNOOuNO YlXfMryynfwsicSHHaHZPxjqzSLulmFbe","accepted"
"001bf8698b925e28135fb3c19a8b4e86a9483c39","1702012","cKQDzTKNKlCupnqFVPeoCcNrHEJVwimGLJGOXkZFKFaAU bxqV","accepted"
"001bf8698b925e28135fb3c19a8b4e86a9483c39","144640726","rjVnSqmjBNTpOeQOIOLTrztXFCVyLHWHXsuJycpVndirHQrMwN","rejected"
"001bfc4bf43b3033b583ca5749391f2820147cdb","2261635","ajLXfiKZxyZHkylDEsZpig kPkwrreJaofsEUcfVuVkkJGBOpE","accepted"
"001bfc4bf43b3033b583ca5749391f2820147cdb","1749935","dgFDBwqLlPhrlynPfiPIaQWUtGwSetDnqntZBIMIFvFFRIJugI","accepted"
"001bfc4bf43b3033b583ca5749391f2820147cdb","32640008","TRsyXkiTSTdBFxwKYPlXsYOhPM RMfRcMuAEFrqhEGjYNBttPx","rejected"
"001c0b7da9988a69b547229dcd418304a01f4d1c","1712423","AskNMelEFpBAIwhwbBfymojOw IgK irXHTXxlAwjAbYqGCQmq","accepted"
"001c0b7da9988a69b547229dcd418304a01f4d1c","50009772","mHdBvX DFEWvVPHBXfLnpHqLMFKgeoIAbMXPPWVTiqFGdiLhwT","accepted"
"001c0b7da9988a69b547229dcd418304a01f4d1c","1397207555","zJzkvUtDexFrQD EScNmuemTNBJDnTqUOCVdxHqTmgfflnpzIj","accepted"
"001c117cc59f182c095a7b996fb9575063810073","9508135","jXUKDrmUqdPLBojExcx CGgYStCy hdMNMstDOVgwzRzMHXHYB","rejected"
"001c117cc59f182c095a7b996fb9575063810073","70117988","wvaCriipyvmPkohUChTctXLQFACmvSIpMMyBvMzhKcpbnOeBlu","rejected"
"001c117cc59f182c095a7b996fb9575063810073","144279314","MdZJjQmmmAsrCiImbdPvcahfegEVywOIba MWYHywV qLRtMfA","rejected"
"001c1aa68c0b869bc8b6d43763bb73c6e3e7e792","2051333006","hatcRQfsvGpiELwYbVwLfKfCHToCO HfjXzgjQrMgp VWEFZAp","rejected"
"001c1aa68c0b869bc8b6d43763bb73c6e3e7e792","28870662","NBVu dojOFfOokaJuhFqXMMtdTAKQkSFVdrOIcnCOgvNCBtmNV","rejected"
"001c1aa68c0b869bc8b6d43763bb73c6e3e7e792","2183793288","giqxRxeCeMyIvtghVbZNxzYrbWAhPbCTgNvaWPESAHsAoHqyuI","accepted"
"001c3aa94ee050cb923a160406be84b198edca0d","1731170","SLcrvrKaTCHTGBkZCWtUUMABbnmagE eLjJrDKAICzTjhpJHLb","accepted"
"001c3aa94ee050cb923a160406be84b198edca0d","145294525","mZmTuhHcQPvPlkrqtRJJBUNGySuRgqhpTqL HhUpXnacXby fu","accepted"
"001c3aa94ee050cb923a160406be84b198edca0d","2146052891","YichwiWlaFrMvcDPKQvqtzIWILHsfRBaYntgTkttfxnUDmQjsw","rejected"
"0000218618387df1a94863caae69f6305370e39e","104728384","AiXLfeDxQZRfbAxBuIGYEJsvVXMMlhxt UkNEPxxhsFbzIjdHm","accepted"
"0000218618387df1a94863caae69f6305370e39e","2196838","JkkPnlvBsMVkYLYpCbbXyqlCJmNFKknlxoTUTlOLJxsRXbQcMH","accepted"
"0000218618387df1a94863caae69f6305370e39e","145282401","hYdiBYTCC gYmHQkfSxxFUgbylROaAEuPTiOLbwRXOnQkfJKff","rejected"
"00002cbb50abbcdf0df2458a8de4e33c5c5101e3","1418653304","ePgdbCLgsPRQUvSvBwXzCuIHKbbBMIcAcfmJQxRALWsPNJsrri","accepted"
"00002cbb50abbcdf0df2458a8de4e33c5c5101e3","1719976","hFQMTMsuodXJQYpDgu vXCeitucTtlwNHtVNhvzq LfuRCWZl","rejected"
"00002cbb50abbcdf0df2458a8de4e33c5c5101e3","4907921","qagVnWUCVnyDwFixzANSWIBLlOVyrlVmPbLJDPmsdaoPagoLTQ","rejected"
"00004326f6c80527a54f78f6b94e6c4017db7435","1810053","fQXzcvQVLFukotHRLHistSUPj xAvNyespKkBfkgZUBVSWTBML","rejected"
"00004326f6c80527a54f78f6b94e6c4017db7435","1808054","TdeVDDDAYnRyYXHQxWcvNoyJ MqPZZqwamSZncYdXRrYCelUpm","accepted"
"00004326f6c80527a54f78f6b94e6c4017db7435","2110165867","zPbNcgNdnuWYYsoUWACRNtIUDYrlTzDhWlonFOXqbvPtfkwYtM","rejected"
"00004636212f938829a6692081d4c4b58fc39deb","1709285","iPSPXKqYFlIsDkhbBBcVTMcfTGPCxQoHkPfURiGYxaWdvURMNi","accepted"
"00004636212f938829a6692081d4c4b58fc39deb","2090297844","oAd G dIbNmqAFbYLUDsYamohbyjMefhSBTLjSAErugdRwKkoe","accepted"
"00004636212f938829a6692081d4c4b58fc39deb","2144333684","SNZfsoGwLPXQuYVUsMFIgpwFeLFeeuzynJuFrLQ NgcKWXkV f","rejected"
"00008314a0e2eb4da29659f313c4096e36e51be3","29401290","humlulAKBYuJkOoHdiIBeMRjNjPAQOSiBGZLwFLIGLFbsn nbd","accepted"
"00008314a0e2eb4da29659f313c4096e36e51be3","2238453174","fyaPYlqMdfssBcP npbwGnDUFHXhVarapz MhFsgwPLv AThvl","accepted"
"00008314a0e2eb4da29659f313c4096e36e51be3","144953181","AibbZzaOjYOgoa yqewETQgelFkEInmVEfChcljiBNrIWOJKXU","accepted"
"0000e6e3d378b80ece30cd6d2a1f4c8a4bd23cdc","37159328","oWsTIzGcobZejCVIsJaNogpZOAZsuBizzRlVhuNoPrGxchpzUi","accepted"
"0000e6e3d378b80ece30cd6d2a1f4c8a4bd23cdc","1748844142","OLxRsaXXxjpXFlRDnjwNkcPcVSvJPcIhTFtHifICjiKIZlbPTJ","accepted"
"0000e6e3d378b80ece30cd6d2a1f4c8a4bd23cdc","7420917","fMwLVZNsO zjxczHRRlFXMzvpSxMXXrrFJQdtJzrrffqQfVDQT","rejected"
"0000f6401f9f41d712029cac0cb4f7e6e5df95a7","1517826311","OQPNsCwPfkzBYghjXxyz RjctwuOZtQGFup BVzhxCXRv HwsP","rejected"
"0000f6401f9f41d712029cac0cb4f7e6e5df95a7","97776354","xCVzLIMDyPgErdzSyZbIciyBHtuZzEMyiBeXUlMXMCjBzPLzxO","rejected"
"0000f6401f9f41d712029cac0cb4f7e6e5df95a7","1696427","ZDybaVlzbiFMoLyfvLhgxWVAoy NRKoAtFkdgWgZnQvdcydArK","accepted"
"000118b5e2ad8f654f5f86e8909bc0f21472584e","2313512717","WUaEJYpYMjvHNRtYOABPTOGPmVGCtkCwUsn wltxKZnfzgyHYq","accepted"
"000118b5e2ad8f654f5f86e8909bc0f21472584e","144454279","sBQxeQRcqxXkCjdfSeyBtryeqVsHMmBmykDVghjgXp cmesxlF","rejected"
"000118b5e2ad8f654f5f86e8909bc0f21472584e","2119305297","gTkzofSMrJzJiANYapRAXeIc osWkFzkJPWZgUmjBiGGoTnfaD","rejected"
"00012001254c4c4d0229a40a52bc3ab5e3a0f700","2112255","SlyxccBCSnwvXICtZViRwzwTSGgxRKQxvQrzUwUdKbKCZwaWMu","rejected"
"00012001254c4c4d0229a40a52bc3ab5e3a0f700","2153062990","eIzamkotdbwIoQOzgyjHHLSmIAcPNcexjhRgcYEsUjihIPGLHn","accepted"
"00012001254c4c4d0229a40a52bc3ab5e3a0f700","1700893781","MdJiqNCwplHJIavbwCAGeImaRRnGvanMtarGfmRLwLIxIjZCOh","rejected"
"00013ea0a3977350b3cbb1123c6f346f0e74d03a","47528390","CfzcX vPJIHDuUHzfYxl XVrwqlRDRuhfcUepbTAwMKuEPiyxv","rejected"
"00013ea0a3977350b3cbb1123c6f346f0e74d03a","2155302637","AcimfnLzBKJNzm dUBMeADIDmgwWCHWnPlqiThBtjHxWqKrDgt","accepted"
"00013ea0a3977350b3cbb1123c6f346f0e74d03a","70117988","HpZghpmIWlmeDlbqSAimYMWJSYyoVkWGQuZPFfwUTOdAOOQwZP","rejected"
"000143bc18e8cd08949f27e18f73e2f6c9da9dcc","1733095","agbBALJXbanJSaYqUHKunyfPRPsRnNKlgcHXZikKdqGPNELVCB","rejected"
"000143bc18e8cd08949f27e18f73e2f6c9da9dcc","34430081","HLiSGhGBBdRctVSWesxjAsDolYDhCrLqRyBkNrkoTnpHdaFtwt","rejected"
"000143bc18e8cd08949f27e18f73e2f6c9da9dcc","83567637","xqFDfwGabXgZzeGwPHDjZKOLEIAAIgVfwcqSBIhcCwdfjCMwUe","rejected"
"0001456516ceb7a34e07e440ff9120d82a5448c4","2316588","jQZgRAfqvjumupFPhbPZPNokiisXDvQmCFEvwJfXPI CWdRWWH","rejected"
"0001456516ceb7a34e07e440ff9120d82a5448c4","2000246","AgDSiHqBgrSsFdzBGKjYWShetZQToBpAoPUsNgXpSqZIgeeIlq","rejected"
"0001456516ceb7a34e07e440ff9120d82a5448c4","103918159","fIOXukDfStVlHgUoxFOCiHdidzdtSbPiukChmhghfslfPrtFtl","accepted"
"0001860e5499e3bbfee30c7e7aee581f9725be01","1500399995","tUlqnbLIyzkYkDqUzRlDiYFyYAZKankA jECatOORalnncRVWu","rejected"
"0001860e5499e3bbfee30c7e7aee581f9725be01","37374663","EJvnOyynwSMswhSGHdbmWztrPIdQBlgIGsQJwDdEEClawKvXXS","accepted"
"0001860e5499e3bbfee30c7e7aee581f9725be01","2133998512","aWlqrSKzCLowAUcpvKkcirBUpvaxU seJoMLiISEnFUEJQECjR","rejected"
"00018c8513f7eef9666bc073b9411bdc82f9af41","34430081","jPwFYnnkzijRJzQncCvWdoQvLvoBJvirjhzfX YLvR grhIdzN","accepted"
"00018c8513f7eef9666bc073b9411bdc82f9af41","38635490","PSJvvFAFPJVbMJIR gAApwarbxkavxXTIFGDBgrmsoNQhkXaSF","rejected"
"00018c8513f7eef9666bc073b9411bdc82f9af41","35867883","GzzlJdWyKsD EGPzBXtyPnAEfjOAPGsflUUqwHhSCqPaBBtRAW","rejected"
"00019e2a42e561727905ab08fd95b58249627191","2820687","L BkHgbCoGYZksshvu umPMUDN wQzkunquAPrhXZDjWAoSRVC","accepted"
"00019e2a42e561727905ab08fd95b58249627191","3350948","OdbCUbwAUngvaFSiDKgULtIKXf kzmvBDKO hoNYOeiwKZuOWH","accepted"
"00019e2a42e561727905ab08fd95b58249627191","144081958","iLBObPvcyVbDUXkYlMsyHoIfaJZaWFdp LSFPjrODzyiGGAeuP","rejected"
"0001bd26bba3e950c5846b6080815f4549705115","2116117692","qgaXhhlYlDRNX wWUd lNpuzrELgzQDrccLEhSdCrbgbEXgaRs","rejected"
"0001bd26bba3e950c5846b6080815f4549705115","2109795450","KDkzxVUDMPBPETCGVVtsrxSdg J eCIHXnVFWrGSBCcorUFCDy","accepted"
"0001bd26bba3e950c5846b6080815f4549705115","80950139","bcSsopcdcFImYNvznqerdUaSmKDXKMvAJJebWzKOqTrGyOpjEZ","accepted"
"0001c075e889278c69026d6b6c12f0e6c787d930","47497305","pLrRjSgzdoEUNOFwVyReHwTzbylwOqfFpPECssnnBEUqFtAV b","rejected"
"0001c075e889278c69026d6b6c12f0e6c787d930","5240460","TMTVgPpkoLQGoEWtEqj BXlgpQbStFdFjTqNAfucacyrKWWaov","accepted"
"0001c075e889278c69026d6b6c12f0e6c787d930","1757287","EbUaBB LOvZxp QFutGEJcBHXIvnJvxLu FqQuVKmoSZkbvrWo","rejected"
"0001c41726391c71e9e075e65e5e3d16b08fbbf5","1739062440","fhWwoQmlxZjdxkbdfoOzcIRCZUBHMbzRfmYSwjUxmWvnzPtnsX","rejected"
"0001c41726391c71e9e075e65e5e3d16b08fbbf5","1678618","hbsdPvldcIijDFCEMhRHCxOnVFNGlzCRqcCoNHTbNyZnMGeoJu","rejected"
"0001c41726391c71e9e075e65e5e3d16b08fbbf5","3406724","KNfSwERSs GWdbxuxLrjZtssHgrnWEwBouCCr XoNBW NRWCXo","accepted"
"0001c995fbb71268206ee43f03f39fe214444b25","49296334","WNDcAeFCwDSMAXHfCtMvfniJjfnlaVibRXBQtgSrMYLttstYnD","rejected"
"0001c995fbb71268206ee43f03f39fe214444b25","48393332","ZPjYWWMZHGPObEuAQ iRuZRs FUVEZncJIwOCMmoiqCelIbSZF","accepted"
"0001c995fbb71268206ee43f03f39fe214444b25","49917175","UMfdDCBvcMchyvIeHDcstNhHEaRooURqrRlciLJodpKwnJBjbY","rejected"
"0001f39b4c77b69eae8cacf61bda7d912f4022b4","2602392","ZywSqnQsHeJtHfAlWjhWcXGPzVjBfHGeZRjeQZtBmAdLxXLcos","accepted"
"0001f39b4c77b69eae8cacf61bda7d912f4022b4","2086449","WRAnuBkKxodhKLoibeBZWlYeyMNajvSezMhSYnwYmOxZLyxTkK","accepted"
"0001f39b4c77b69eae8cacf61bda7d912f4022b4","1933662549","UapAcUSqbVswiyvTbjcOwSfmZMLXzhiizXTTdZdZAEnLpjYS l","rejected"
"000219bc5fcf2c8a57e4e07386f95e0e1dd5653e","47410275","RXVrOpJGIvM MnEuIFnbQUKpQMRPPjdmdPLbGkACcrnqV RISI","rejected"
"000219bc5fcf2c8a57e4e07386f95e0e1dd5653e","2144978935","oixb mhswSWgzHYuJjgnxJmPUiUMnjEgASxavxaDimQgWNhASd","rejected"
"000219bc5fcf2c8a57e4e07386f95e0e1dd5653e","2073791719","OfqRmwPhXqogrRhEwqPDumAWSWfBGmbxJiujdxokNMJNwUKtEC","accepted"
"00024288e64e5ae0628496098022a8df4727b1d6","21665893","tRdQwjnrtnIVWFgxQuUlftfLTNckUhgnZNnDNBXGLNUTonzuIb","rejected"
"00024288e64e5ae0628496098022a8df4727b1d6","8307674","eIlrRmHUIOdozZvWpgezggqTMkieuPoRVXFDhUXPFgBjBBGXcI","accepted"
"00024288e64e5ae0628496098022a8df4727b1d6","2070027818","EKGmYTYcCbThQCgnhRBvpFIkOBIOXwAYKASNyxbQYUyRlUvhkl","accepted"
"00024a7d2d758406880e0e42310d627dc55dd393","2054379856","hDAEHRGUQcajexiSSgLuocyVvgGTepLjJpiyYKoUcGjZvePlbo","accepted"
"00024a7d2d758406880e0e42310d627dc55dd393","9767306","GCawSHfiAQpsTfSomtRJJabuyqWMngRFasAnXOYMOqbRHQqCBy","rejected"
"00024a7d2d758406880e0e42310d627dc55dd393","2070241213","fTGDdOWUcScvkC ZEpSsLtfnZSklZQKbwUOtiQZFkhgpNfHJDq","accepted"
"00025934cf004bad1cfa78e64fb50d07d27ed8ae","1714179","vvRLLnNdALMCiHpspzRuDRzPFb oDf NHbAGeTLHvFxEsihcVE","rejected"
"00025934cf004bad1cfa78e64fb50d07d27ed8ae","4034555","lGgjO XRpKDKJzytTcRjNwGoWHvpplqJLymVWEBQqgUOpMqZcV","rejected"
"00025934cf004bad1cfa78e64fb50d07d27ed8ae","37934378","pCZUOaasxmUuoeFU XzPMaUGPZdNmqVBjufPUUzTZVtuBwngQT","rejected"
"000294a388446b7bcdd099cde9beec7aea836bcf","2075165459","AydhcGngAVGvXnxCHCSTKHyYowiUkBP FkyugTIJUEWgNbTwY","accepted"
"000294a388446b7bcdd099cde9beec7aea836bcf","2054652097","ZuYQKXueYRsWhwiQisbPRwbMbjAqfSBRlEGXpxjWAHoGGLDeOo","accepted"
"000294a388446b7bcdd099cde9beec7aea836bcf","7420917","uAHsLtCifIzTxdjHnWyFSXIULexhxtWqdxKjcKIjyILxBlI Yb","accepted"
"000299ed88172682bc24f41bcba4cce0bb45e7d7","2145581384","kPgkGhEUzIWBDaoCgUCxHVRZyviPjpjpvZFBSXjYvKouXmDOJv","rejected"
"000299ed88172682bc24f41bcba4cce0bb45e7d7","2149267449","tGKbLvpzIfCshqaytZHILnEOsynKEVmruqtWllkoHiojlKvjyD","accepted"
"000299ed88172682bc24f41bcba4cce0bb45e7d7","143712922","WwdyzjyiZlsmXiQzdPLnnKCqzDzlcULBURxSbkurFFEAUOCire","accepted"
"0002c35b4a1e73e2ce787f7c07d0c0539427f12c","2327399","TStqjnuurKvhldXupsHxMDKnTxPMeYHQhsdClfHUvNVlmTxXFl","rejected"
"0002c35b4a1e73e2ce787f7c07d0c0539427f12c","1398677104","IhIirVnHznliTdVuWHnatHFMDt wDxTrboEHFFtqciQPyrMayo","rejected"
"0002c35b4a1e73e2ce787f7c07d0c0539427f12c","2173942885","EARNuH kHiqHp cRuApeyczEQCSDiOscIjJPxXIhArjkbQoKEg","rejected"
"0002cabd7659fa8e7f08c60594497b2739593de8","50619755","sBBZekbRlQHTjBsLYzKAYlZixJRJQDEuxSXixgfjHHrIwoSNzv","accepted"
"0002cabd7659fa8e7f08c60594497b2739593de8","3346528","SmTzFaBPZQNPgchLvoQDn YXOSbwQyoQIhZdWraVMFJRiIqRO","accepted"
"0002cabd7659fa8e7f08c60594497b2739593de8","49238811","EBGWyVNkJrkGXzvRWrMZJGMihfE yISqTFZBjMzaYoNhcBqNsr","rejected"
"000302a72ad65891823c7c8acc96e1c752253bb9","145470985","KYIRKsshljXHoI mfZRLSBXvPaOhmxiuJnJsK AjBKMiYXxvho","accepted"
"000302a72ad65891823c7c8acc96e1c752253bb9","1393591007","SRFdGAaLVEEJGkBvUGFXTtDsDcOsFRGfyzytEJUgaZhPGzUsae","accepted"
"000302a72ad65891823c7c8acc96e1c752253bb9","2003386388","gfe uYrunsrmSYCYuaKIyWvjaAQDkmazOlWTJVAaFrftXWMuXQ","accepted"
"00035282b3fc11736967f03b6750b2ffc5fef42f","145322333","tAmFUpuADWuMYkrbgQTDQLTexYVR xyOhtzKlkzbwFgaPRnOmz","accepted"
"00035282b3fc11736967f03b6750b2ffc5fef42f","1443787798","eIsuZwdojDZLcGSaAGaaRpDlJbrdMlbyClJpNnNORvCGbiIOYc","rejected"
"00035282b3fc11736967f03b6750b2ffc5fef42f","2536066","aAWvTxaZtxWpbfWVxy AOVKPvidC sJkXvmiDeTyWfSonbtybw","rejected"
"00035935ebe4b477aa66135beba8da4abe3f591d","2089761905","dOCvgdFePDVdoFWxQotPS LmgqVWLBzdBdHOjEnBsGwHIDjlxu","rejected"
"00035935ebe4b477aa66135beba8da4abe3f591d","2182544740","yIZWoBIuysrKisNXApSlcjdCEvNSSGxnShQeIHxxdFcAFiWqkc","rejected"
"00035935ebe4b477aa66135beba8da4abe3f591d","5686992","LfLbaQIkmDrhrqzlIkqUtLHgTHAnEkVFKiHCXDAiSLEhoTBtnh","rejected"
"00035ea24bb60a091a522dc90975e547ec647975","2140811268","PrwnyYavTBuxYbaVjeIwGTDYgsvBENvFkpSRoolNaTXXUOfqrz","rejected"
"00035ea24bb60a091a522dc90975e547ec647975","50561785","kmMrIEdKtKHGzXBH PTjmJDGrdLLjJKjXcPydXellblEIlvsgU","accepted"
"00035ea24bb60a091a522dc90975e547ec647975","147095024","znVJ EKQXDbYGItrLsjUDhR loZzQpNhRcXrVSCPnWsgnfLAJn","rejected"
"0003674f30fffb69785e37720c6340ca1bbacacf","1699344","EHquKeBJYHhmArhXqetdobfrkcBPnQWlIKCMilifPKvmHipsrP","rejected"
"0003674f30fffb69785e37720c6340ca1bbacacf","1987370","Am TUyUaOlNYAxkUPedYvYYOWhcKqZvEsSAEectsIkcOzQqljZ","accepted"
"0003674f30fffb69785e37720c6340ca1bbacacf","2272244262","OtjPyUhdgPBSgewOGiJWEXVaVoaQLQHrXIWIllJDXVbTlFNwth","rejected"
"00039106db4e96a2a1bffedca57874b314d4f64d","2136203","RGbRVKUYCJv nfXzaxJRltDxeesbK JeUKngzAvlaJjdQfFKrK","accepted"
"00039106db4e96a2a1bffedca57874b314d4f64d","8603400","IdoaQBEYsoDYbBDOywHpqhLVsCGcpGGFwWYHjAweEBXwTimXUx","accepted"
"00039106db4e96a2a1bffedca57874b314d4f64d","2466537","TqPTFcuaIqJdjsErvYgctVNUNDDfFMFeUdlrhtGmvjNDIweKGK","rejected"
"00039fb94e6c07a496ddef1360d2d6819fc79a0f","2527531","vQAPziGtYlcbZLvxWWrDBWkKGuOkVSuQUdhpwZIoGTtqKYbWrU","rejected"
"00039fb94e6c07a496ddef1360d2d6819fc79a0f","2178647329","FRUnt zGicnGGfJMsOkhjIpvgHbHsBSOfrbFBwewrsgPhuhmMn","accepted"
"00039fb94e6c07a496ddef1360d2d6819fc79a0f","46679009","uCupsCKTEDgKbdukskIswWDlTgwTSGoUeTcwslwbgghiGlXBoX","accepted"
"00040c2fa76ee6e941f5703669114c6409d6392d","1657480349","sOBJGpQvyJRCZmWaneeWxe NKDMfbmzZpXwhnyPvkESUSMILzY","accepted"
"00040c2fa76ee6e941f5703669114c6409d6392d","145037181","mbQZPCQnyrrLclEwmNonhd DZTutunnHXZQzPUgQyhXEfgGW c","accepted"
"00040c2fa76ee6e941f5703669114c6409d6392d","2826716","erZibJiURZXQhjGosIXSZrij JTchSoJuTJSkCkHCifneeiBTA","rejected"
"0004412f72d81841f23bb7625aa9b9b52a651a17","2054701713","uhpAq rRfUntej oHkTgAGACg QCtLSscRTPSEFVTZkEWlIaEN","accepted"
"0004412f72d81841f23bb7625aa9b9b52a651a17","9233924","mnGQdlbgVcU PjfpNwWINiXTXYQVWXVFeIMXoInKeUxV vy tZ","rejected"
"0004412f72d81841f23bb7625aa9b9b52a651a17","40312005","eWYxZdbPdClEKySLhqtKmoGfvMHKYfAbLjgZLxgZZXbyRngLad","accepted"
"00044fd73e68bc623cd7b059d0ff050a2d871b5d","1694479","tPCctrnNpbZtFqZsedOqXnWcAlcWTKeEoPNvMrfOkuxvEFYCmi","rejected"
"00044fd73e68bc623cd7b059d0ff050a2d871b5d","1720384","RtpFcaxFEUBAFLfoHLOFixKKTYJtBVxYlgA kqBseL AhHnspN","accepted"
"00044fd73e68bc623cd7b059d0ff050a2d871b5d","145983059","rKiV quEXAneBXBwYIqJCvHkYELAKDLqAXzDcVXDhSPcfONoBN","accepted"
"00046272c3fa3899ec8bb71ae498f9729df63ba1","40013941","nRjmSjWSLL ejvZvPHucoqGDHfDEiQmHwJatAGlEgjPqSITAGY","rejected"
"00046272c3fa3899ec8bb71ae498f9729df63ba1","80443395","NmxvGvvMyfMmBRnerAfTKS XDQxVaoXFjLPLThbJJvfDmttBCP","rejected"
"00046272c3fa3899ec8bb71ae498f9729df63ba1","3000424","IVOIId kLTwInE ADLtmHKndUqVKHcKaTgBCAUUWLVvcWdfcNB","accepted"
"0004ce16f7415df4ce1d5daa8ec137a6c2cbeda5","2219178","aojpC OvsyqxHdGpMgyvNvKGnlVexiVfMOCeLWfmpaoBnjagWI","accepted"
"0004ce16f7415df4ce1d5daa8ec137a6c2cbeda5","49133279","WHsstXlVpLoERkrDQYeFScZWOASVVzIlyHhTfFFfAQnVMnlOan","rejected"
"0004ce16f7415df4ce1d5daa8ec137a6c2cbeda5","2276854","wrEMqPVU bsnfydJOwclZm ckJOKJLyetAnkHBBqclaZAcUwfF","accepted"
"00055d76588dbb3d0fa97ff98bb8cd3c5c95a25f","1812107","lpY hLwEaZnuEFssXzygmMAMPaZsetuepqF woihUPdGnOBhdd","rejected"
"00055d76588dbb3d0fa97ff98bb8cd3c5c95a25f","10305789","ByXeFmVaNdJVmianOCBlxBKyqAFDEYstsATNL HwAPWrPHIoGI","accepted"
"00055d76588dbb3d0fa97ff98bb8cd3c5c95a25f","143779616","FwltrOazoEtVpukhKZdBvrtAkdyMIioPMRecKBlhzbwIcbdWcH","accepted"
"000564a912aba694e6151b59c0a04e557e1f7028","21665893","cPododvwHNwLgQLUbhXdTCsYgkwDiBEFD y lRxPlGIYcJqpTL","rejected"
"000564a912aba694e6151b59c0a04e557e1f7028","40137859","OKouFFlmonufvSoEbrXYDPTvBiPbgaOgBsuHEpUzzbbMxeXAuL","rejected"
"000564a912aba694e6151b59c0a04e557e1f7028","1805974389","sUVvqcvFGEuHteN wjEvPFcRgPzvccrRSBNkuGfbmiqzBFFHNA","accepted"
"00056e9691a9cdfbe8caed6f2d5c8f1fc19d4f1b","1798072","RELQnGJKiCKFMEACVFuYRtQrUaWZFiROIplhqIKiBwYXiGIeqH","rejected"
"00056e9691a9cdfbe8caed6f2d5c8f1fc19d4f1b","1390966397","jqgZWIgrDExAlMQgIzuyqKXw YVKQRWiriqECYjImjIvIkfEt","accepted"
"00056e9691a9cdfbe8caed6f2d5c8f1fc19d4f1b","2062836087","skYARAwuZaJjKyeoIZhi YfnSRYxTWmExTgQfvdlCVSIpdztmZ","rejected"
"00059726f3323f78e93de653ddb930f7119afc28","1799877","sVyjXIXtHPNDKySWuFdbOKbApMZeOzVjJxSY eLZHydZgorUoY","rejected"
"00059726f3323f78e93de653ddb930f7119afc28","2153561195","cyYEcjlhavgCLQEeJuDobtRiyUXGYqVQAh aoZVcqj OQfZJes","rejected"
"00059726f3323f78e93de653ddb930f7119afc28","1414305529","F LeOMQLgLiIFGNuuHIwWCQauLACIPNEOBOsxyXjwN EFHTakC","rejected"
"00060de2790b599b297d8cbe4050de692ea3329b","2902135","yBbeKGiLTBWVezDDRcTfOAYAdWaARGvvGLfELHztNSJYZDPqVw","accepted"
"00060de2790b599b297d8cbe4050de692ea3329b","6224157","zEyrGb HbeeMjCQPvptIiKSkDgARqIfHWzHYXkpdIvIUKeOMaq","rejected"
"00060de2790b599b297d8cbe4050de692ea3329b","2182406639","XiIocVjOSPLbdvSrOzfZrjSqIDlBUEgzzJnvcbOPJXSiWjEmKz","rejected"
"000624315b940a758038e97bb5ee4641f93ddc8b","8629101","vSUiGDBQWFEtmsUHZMJrfFvGgqgfajvSjuKvaTldfMTllolazj","rejected"
"000624315b940a758038e97bb5ee4641f93ddc8b","2129502","UphVfNgEZEFPyfwcauxYFpQaTkJaANvcOkowwQrekKagTxXryx","rejected"
"000624315b940a758038e97bb5ee4641f93ddc8b","1976550","wzfKPgbnQLbqOWiLAXVFT KRCBSzAEsAAUVPUYNHjOceVRZLcK","rejected"
"000655a6a1e7c6c41e25ecd284f99537f5d98328","2157878864","hzxmTRlRuhCdWWVsDuEuNuJlgoKGfoPdWpkSnQpQRssevnbumb","accepted"
"000655a6a1e7c6c41e25ecd284f99537f5d98328","1405459115","rxAkrOFqNOoQcM HSu VhgIaxkcYwRQyolDqlVnK UblytjNXC","rejected"
"000655a6a1e7c6c41e25ecd284f99537f5d98328","2084600423","LQllWPqjTYcaFMeoXsmJUPjHrJBpQgvLmrIDTTKWvEwAqddYFK","accepted"
"000685e039f89a4baf3e0de2502dbc988e663db4","2109655451","symVGxELYvebsPJljnsWagtKCiCwdgcYQlLiTuKMVjLjnUUMur","accepted"
"000685e039f89a4baf3e0de2502dbc988e663db4","40390952","KMegpYFGrrEcMAtoC grfFSbtLkxjBLnxPStzLOqJkSeGqPbGX","accepted"
"000685e039f89a4baf3e0de2502dbc988e663db4","145865231","SGojmrjbYYiynseEsaFqqk eOtEEU BxjphASfmWcwLpbclSyd","rejected"
"000698b492867380934dc5ae42181eb297095e1e","48739354","YRUJSiUWwLrnirKvHBuxGGJTRodNiWiEFcgSidqoyitCupnzmR","accepted"
"000698b492867380934dc5ae42181eb297095e1e","1491643626","hzYUFVzHdxdCSGaVcjx tkADN armMZiOCubkBOFPpHltQASdl","accepted"
"000698b492867380934dc5ae42181eb297095e1e","2340560","OCCVmrVlUmzPpYawnNQRSmgRmvQUrqlSMwNPUULjrhOmjLhYar","accepted"
"0006ce7eff81ca8b6b50b8356b650bc184365275","138374287","EQNgkjMncNJ JxVczYyDOm uLNnlwdYxCbu BYddpVXUmZaiq","rejected"
"0006ce7eff81ca8b6b50b8356b650bc184365275","80378192","ywAZmHGhdXzlrnpcRnzRrVzvpUBkGPVbgTvbNwTDccULKOkfPI","accepted"
"0006ce7eff81ca8b6b50b8356b650bc184365275","30644776","IbqnsIVtPMWOvxixnOHrSwMMcFvLbIGcJTNDjPRcbODXmKuBut","accepted"
"0006e8bb14e007e27d5b1933c814626f7c58f4e5","5489647","squWnHuNeEbgZuCHtRbmbAeaJuIVUvqVTOvONgASdGjlKwWPfq","accepted"
"0006e8bb14e007e27d5b1933c814626f7c58f4e5","1764113","iRtuWSsHCQgamGLRvGNYrOauIhogRMuafcGeQckEfbvgtMkgEE","accepted"
"0006e8bb14e007e27d5b1933c814626f7c58f4e5","2265170129","KlzVKotfWtfNQxlnOBmIYmFXaKyFrtBdbfA kha RZGDMefQMk","accepted"
"0007132c7eb2e8ac1a71b4743585a6982c985954","2121101648","gBbmJMLmvyoNPneYmEDQHkggDcOIlBtdYGTAVmvrwEvPQUHyzJ","accepted"
"0007132c7eb2e8ac1a71b4743585a6982c985954","2108862504","wltaZZYkbXzDUwipOEeesNFrOPTWhwNTRjoWnPTnuEzVUNbWnQ","rejected"
"0007132c7eb2e8ac1a71b4743585a6982c985954","145351037","Dn PTZZzjddJXWXpiNKIiIaZZvlgaNaSRufqZTeySdocpLkfUV","accepted"
"00072c62cd6d70ee019102385211820bfe8bcdeb","9384148","ximeLJFVNINiIngPj cdLkxzlFUWbqqPjKRo ngjUOLZidhFQQ","accepted"
"00072c62cd6d70ee019102385211820bfe8bcdeb","145690248","rYsXpmXzFEWCBKFRRKjGV ZiekgmoRBBWNzVxekjMoALStsMmZ","accepted"
"00072c62cd6d70ee019102385211820bfe8bcdeb","2118590164","bRgNEGshsfmbZtcCGXUHKwuCtWZiVO sfNwcLVGjSfwTSNzRdM","rejected"
"00075d82b2b9f2920276cb4e80ebecf2cac9233d","122024152","vLcRdkjxoGTxyIydPmCkOCj MsTmvJIVnElTySEkiTxDBmFeUY","accepted"
"00075d82b2b9f2920276cb4e80ebecf2cac9233d","38819702","lrJQLKIBHOxoptlBuvUfVlnZOlLqhXtgZGKKsjoxnBPHuurcQF","rejected"
"00075d82b2b9f2920276cb4e80ebecf2cac9233d","3074253","afsbaaEXnISQVuw sMpMpsvzIvYmz dyLGMcSkmghfrxRmMrnA","accepted"
"00077e00481acb73962abedf99cc71dfeb497a08","46554283","LvFkUwsgavtHcztesEttUbGmHOjBQnOmGBUyuhWVGbqGgWniBG","accepted"
"00077e00481acb73962abedf99cc71dfeb497a08","5454227","rFr XlAb QWLWaKbvzIDGxIsnxdyBXtgNPkoPKgAMCbjKDHNCx","rejected"
"00077e00481acb73962abedf99cc71dfeb497a08","1504481712","LZHSBoRMgGMVeSsifGKQNdErWJNUYRxWUiUyeDkvqlfqXkALbj","accepted"
"0007959eaf6ea3c22ae9642d7c85159d0890df30","2117825906","EJiTPYgHlNaOFECWqv NyAeDydWwCqwQyLFxNDGnHnlNJqurVY","rejected"
"0007959eaf6ea3c22ae9642d7c85159d0890df30","2107267","huPRJgRwOdQluBBokeyQjEZBIboiJGGtYwrqZrTzgVNopjMIFJ","accepted"
"0007959eaf6ea3c22ae9642d7c85159d0890df30","2022404080","uHTJDdJWjVixNLiHTpYorQVYJlmfTIuMWZEeUDCCLoXtnUWqkQ","accepted"
"0007a869cd502070f049d8779ee6bbfb06277283","78490823","IoqbjHvKtnLimBVueLe QULGBKodyJcHeGfQW fZnKJgUeYHdB","accepted"
"0007a869cd502070f049d8779ee6bbfb06277283","122398167","rqqVelSNHvvOoBRxZhIvDGSPkzPcWtFN InguxoLtpy dWypUe","accepted"
"0007a869cd502070f049d8779ee6bbfb06277283","1788082","XZrjIVNF OawdrlSgDVKkRHREWCGdclvuFmNrKIDSzmNROJWAq","rejected"
"0007d804fda2d9d837bd330bd0257308965f9f12","49188457","OtzEdLanGWeFDlAainbNqvlDJYjBRYbcazIukTjYoWUFXcgYok","rejected"
"0007d804fda2d9d837bd330bd0257308965f9f12","5578491","ZWdNnhAYKyFbgqi wIqaNzvFELJPEOJFHTzPwUCqgqIkXotpHF","accepted"
"0007d804fda2d9d837bd330bd0257308965f9f12","144830031","ibUdTCWcVNyIAvuHxZWNEAbpBbJYAttVOgxZbjcvrObdQgaVzr","accepted"
"00081afb502508daa0073302be88167a55c1ba01","2143853347","pMKAQbKnbVlatZggtytpkGokoqbcPZiooZs RMOqroUrpUmQyf","rejected"
"00081afb502508daa0073302be88167a55c1ba01","2312031","OdFiICpIqnIpgzqbDyYmTCnwKxPGLoOsyOhDGhqCVmzaj eUyh","rejected"
"00081afb502508daa0073302be88167a55c1ba01","2108263472","iaptP mDbhTaDqZbefsTLgReOLGKvFZnVY ffOUDbJwHZg K S","rejected"
"000829516229b87cafff052fe310604c85236671","2145912","IrAWeOHsTNkyZYwJvfOuaEXNHHszqOPHSpSah eTGIxwyBhhQO","accepted"
"000829516229b87cafff052fe310604c85236671","2116382265","crPrlLV vCtsrPDdsJfcHeXivKTPKABnaxQsSvaZevDxkogsDy","rejected"
"000829516229b87cafff052fe310604c85236671","1830428668","vsGwkevZsJZtmblurxHdSleblTSDV XVmkxtKBcDzRCzYBqQom","rejected"
"00082d0936a0bdeb2d1e9d23915d224d5031f5ee","144330091","NkKEUXhFZuipSOMfcSmpyCiOBOZjxzzUkoxT oEdwoBXDdckk","rejected"
"00082d0936a0bdeb2d1e9d23915d224d5031f5ee","89875547","djlXiiPEGBWqAaiQFNwmTXPuqjXqNzclQZoHnz ztPHXDS KzQ","accepted"
"00082d0936a0bdeb2d1e9d23915d224d5031f5ee","47925242","ksbpjpKZGnZroFbYVacsVPBYQGBFAFTdyN bDMeJhaLxyjcuvs","accepted"
"0008473a014619c302851daf043812fc2325c2aa","2276854","YUHWVNFiCzNNvzEvWYMMHBhIcMkRCxcWwEroerqYAuBS btFdG","rejected"
"0008473a014619c302851daf043812fc2325c2aa","3906052","mDiygAXHlg DaJOLuqKOnPMVXtwXXWmCSqvCvVhFirXXAbHzav","accepted"
"0008473a014619c302851daf043812fc2325c2aa","8307674","bEuuuEAuBrAjBocnnpAlQhChskNnnGmUia qMDoLLubOOm EBm","rejected"
"0008a6139fa2f6f1496b00a9dac67d3ba5a309dc","11735268","OX cfKAKfaCjACLKrCwONFJpdLrxySvavxSHaSciBMXEehpPRj","rejected"
"0008a6139fa2f6f1496b00a9dac67d3ba5a309dc","2094180156","uhxqyfXKrwNOTQBmGghNkXYgUzMGXhcUjIOIPHIrRTiNepJcSm","accepted"
"0008a6139fa2f6f1496b00a9dac67d3ba5a309dc","2175682841","gLHiOhkoviOdQXSY FBPPveKDUyafSFbJLFmopSbxhVRcpRmAJ","accepted"
"0008aab9554830f684fcb4dacf303b7906a468a8","1802604","lFInssdLGTrVDulJgQZvdvtRVhIPYFUrDAxVWeaoLwNVbeksph","rejected"
"0008aab9554830f684fcb4dacf303b7906a468a8","89875547","INGnprklwZkckHMQZhPCmmRbnxpzzfnnBaqFjHmNgdDyJbAjkA","accepted"
"0008aab9554830f684fcb4dacf303b7906a468a8","24380882","ilcqzPcXjEvvhtYNhigtPNSwexgveCsHADb dbKwhSIFLpHKjr","rejected"
"0008d7eb3f98f5df6375aebbc62f25a3f68d2595","2112677879","uFWeBlAGvJpeOGBscgKKfMUeYpALfKFyRIbTfzGTRtfvedoicK","accepted"
"0008d7eb3f98f5df6375aebbc62f25a3f68d2595","2066196607","DriHFucCgfWSwqDhQfEtweYvHCSexWeOLksVQhsFkalObvzAGX","accepted"
"0008d7eb3f98f5df6375aebbc62f25a3f68d2595","148417127","sjlhqjASgWeYFBfPEXChBVudmCcJkCRFeAkiljCVpiwselFevI","rejected"
"00091912c154de21fa7ac5de0d4facbe2da083e5","2109044688","OvZJDTLvYTSldxmYBjkxRUJfKINl EouclFgehgCKhPxCuUIni","rejected"
"00091912c154de21fa7ac5de0d4facbe2da083e5","48661484","phthytpZeIzTdHH hqcwHNaQJZCmzbfXjUkIsFBxHjzOkaGPwh","accepted"
"00091912c154de21fa7ac5de0d4facbe2da083e5","1715635","QnnVagpNrsDrVUwicGClOPmZFKdJuVkOEohEdFvHvDHEOFBGxN","accepted"
"000922ec48c92640f061c4efaf34edc03715cd3f","2381987","pYlLKEUK hTpzcDsaBajyCsrujgAseKiidsYLGfcaYywawHVTV","accepted"
"000922ec48c92640f061c4efaf34edc03715cd3f","7589353","wdhbaGmijsgCapIJwUEBxYhrclQNSRDVUjZTEMaGFTIuOnGTVN","rejected"
"000922ec48c92640f061c4efaf34edc03715cd3f","2140493102","FEzllUzHnCsfyXQPnXaWlVthOunkHixVcRkpzqgsb TcxhGiKE","rejected"
"00097a53935473e80a889211f44d799a25207179","2111175950","TtTmeZZOiFxBBbaFwVHzeEZQrXfLccSmGvFHxXNPPBtXwSrnAb","accepted"
"00097a53935473e80a889211f44d799a25207179","1471683275","elhzaIzsYSVcrFUHtwdRwhItbzeAQuJqOBqqESQBPomVfMORKm","rejected"
"00097a53935473e80a889211f44d799a25207179","9588904","soVSZcODIVHilkUXfiJGFWbRnSDXZpXMwRZGpbWasdgmhSLKRT","rejected"
"00098e5d220e58387a03b5ecb65473a6920fe80c","1705877","OROLMDtrebjFtxXtFdnyHMubIUfAnvEpRbKHrvtsOcNAHxaXAU","rejected"
"00098e5d220e58387a03b5ecb65473a6920fe80c","2118869677","zipgNCXgQUUXDjhOVyYhdBslAkvKcUHkrLPmKdNrzAF EiSUSh","rejected"
"00098e5d220e58387a03b5ecb65473a6920fe80c","1713209","qwupSBGQrzcGHodQLPDRCTfvIafLG HNAJHGaxldhpYfTQqQvy","accepted"
"00099a26e74f4d45fd9b5d592d8d249907c9898f","1846143","YnkyFXKmmgBawMk tlcBQljaGwVHSHlVXyIlGXfcVZVkWB  lt","rejected"
"00099a26e74f4d45fd9b5d592d8d249907c9898f","1993671630","MuPgIAIateOQJSlEwcuePVeFqGzNscQheHFdBWrieWFd esfIw","accepted"
"00099a26e74f4d45fd9b5d592d8d249907c9898f","1500525168","cCrJkguOG BBOpHIA YBKMkrHbHfAVHQCuwAzufZFEskcsFHR","accepted"
"0009a8d558add24b29c449364111869b1fb48571","1393658299","EAVBpmpTqulWxfwjDvvCICuPWDDlaXRpUjHnxCjrqvZtyYDKBT","rejected"
"0009a8d558add24b29c449364111869b1fb48571","9203369","xhhMPCGHTGvygYNChwCOtPFQaPxArUVVfQBeKUkqrOQoftFYcb","accepted"
"0009a8d558add24b29c449364111869b1fb48571","7794901","nVQIlsbggbfCpAimYxHbYKAGOKUSlgmEbrnUtaaVvDHf cIJZj","accepted"
"0009e794f51b8dd9910996793f74793af0ef48df","2109205704","ulGkkFyyvqPSibXtntrrxDLFFW WJQzbqnGrWlYyIwlyzuqRWh","rejected"
"0009e794f51b8dd9910996793f74793af0ef48df","2149239121","jiTlXzhf qeVDLgpJAduwPUdLDjWiBZVkcKMlKDJrDJLjVNqOh","accepted"
"0009e794f51b8dd9910996793f74793af0ef48df","145749654","CUT LVGCItrCMZszBsUZvyXjIVDCLKfjVoRkehzlxIJdnA FZq","rejected"
"0009e9af81eed954ae649d18172b9e938dcb66ef","2205704","ztAgVydjtNLMhoZXsqivPIlDxPKZMbYhrTqLlMRLQvBeDfdvzY","rejected"
"0009e9af81eed954ae649d18172b9e938dcb66ef","1924288","uGTDRTnyiAPdHBcaYutuYipsxoAGzXInUKnHoopMKUklDacdPp","rejected"
"0009e9af81eed954ae649d18172b9e938dcb66ef","2005143485","uJyXLZNPdIPkDylluEjNhUIeYjxVwGTAXAbVLiGpPnsWejIwIK","rejected"
"0009ef759d07ee56cecfe226663e53ec82c0ff93","52027173","BsGPbQrHg KHJHAvuNdYIoziYAeRrxyTBFaXclZJ xAjzspVum","rejected"
"0009ef759d07ee56cecfe226663e53ec82c0ff93","2172237421","PNGSzzRSCOTVIBcuBXiUOhNTBVRSDfMpPuRECx tOMoMgAjmYK","rejected"
"0009ef759d07ee56cecfe226663e53ec82c0ff93","3409615","eSasAFSnNspHAJBGEBlmib loQOVtoTihOmjHlQJhFDVkWFlMm","accepted"
"0009f0784d031c830ce569d22199bca42adb34ba","2273266632","VIfadrSseuKwRxXFNyreNBoDCa NozJy tARQikQHwCtREplfQ","rejected"
"0009f0784d031c830ce569d22199bca42adb34ba","32733239","FFMnwHPvVoHtbmDcteipHPVEotVQkbaJKgVUDYndWwsxDJyuwX","rejected"
"0009f0784d031c830ce569d22199bca42adb34ba","1705877","fvexDmwPFynzMAhkQDXoRBjipshfmkjtyJMExXAFZZJMWeb Hn","accepted"
"000acafca43b17b36c4b85cb71c3b5ea5f4b764c","1839095","bUNAsSIkQFRkBvehhJEleftxmPTIjIakFRGeJXdxgZuQbhEWbJ","accepted"
"000acafca43b17b36c4b85cb71c3b5ea5f4b764c","40390952","oWKtHcokisBMmOKbBgjbJggsrSmPGWYEkDILlaVYpEYkvkRHOL","rejected"
"000acafca43b17b36c4b85cb71c3b5ea5f4b764c","2126872628","WANZcHgSBpGlQtpPKSpzQxibrXXSUbGXBwWqqgyyIIAjaEmUaa","accepted"
"000add630ea37e52f03b21e829e5af1f3f855e56","2146419472","WuUQgx HZZZFPdKhlxCMlXMhpIzFaXLifkorSbDHuMtOndwimm","accepted"
"000add630ea37e52f03b21e829e5af1f3f855e56","2069043470","KwVKMNZfwvdqGBXJkUXZmgARKpLCNisxaDpZdAzMBAhUUnLVji","rejected"
"000add630ea37e52f03b21e829e5af1f3f855e56","6141546","cuXyUKNAweWblzYErBIsFKiZHyvoYGGepGFwpmHQcSndjwMSMC","accepted"
"000b07e2b82a275a300be3d2d3755d84f4042e40","145581813","SLIFQHKZIJsyQORrnJMzVWdtPQJhFqVFfCcLIrtXzLl OVQtHz","accepted"
"000b07e2b82a275a300be3d2d3755d84f4042e40","2109830278","XxRHOpIPaxvxYLPEnedKktYHDcsNtJVNoIBqebywzwLEtDdDdi","rejected"
"000b07e2b82a275a300be3d2d3755d84f4042e40","100912553","NkTIFCYvDzDnVEhvYLcjkBFaKhdjfwztJTPLpfAMzAdfzVRLuW","accepted"
"000b1a40ce778d36b1cc5167a1149e9815238a18","2199601963","DAXeJNYvBGEITAkzWLOxzRpOPwfmRBKbTTjVBzXQJesuddfTSF","accepted"
"000b1a40ce778d36b1cc5167a1149e9815238a18","2345395321","twluQSfLUiKqvFjSlVSCOITFWoMsxbyHFWHGwvEZwqMtRTtpxh","accepted"
"000b1a40ce778d36b1cc5167a1149e9815238a18","3449207","xcRHjHVZfjSinFIce IkSKROfRWlqkFqyaan YzvxLUYLutpaz","rejected"
"000b3cbf74e50d57ab658c975026dfc3b9ceb374","152919362","bkJIlrufzPboYvwTqxoVRYJSPWRHuJDyQWvhIYIUJsuZZ SAeg","rejected"
"000b3cbf74e50d57ab658c975026dfc3b9ceb374","2178474124","BgC umoMU vhizZbtyvZeDvyUmFkiVonhcyfqRfNhObWZCsgnd","rejected"
"000b3cbf74e50d57ab658c975026dfc3b9ceb374","1396889028","JzPDYmUJrUcQwUaMDqzGOKYyTJWsYdFIbzoxNqLCytKEtdiqdv","accepted"
"000b4ec3fecb78d250e02a88dac5c83f5201e944","100821757","tFWDzcHeBOEkTOkCtevxvBSrUauspMSRwPMbMsOEsLlGfiSnOV","accepted"
"000b4ec3fecb78d250e02a88dac5c83f5201e944","5065611","WFeuioAXCaTTDFlHQOFIUrvAUxsaPP rtdZRYTbXryIMMskKvT","accepted"
"000b4ec3fecb78d250e02a88dac5c83f5201e944","1747770","AyEqngouxUEwAnpdmwwMaAABhCRkGorQvlphTQcxsdDnqbrzUG","rejected"
"000bd979db89b8a772145c5dc357b4d8bc717c5e","50557376","IuxKxQoKmIOoKNhAFOVfDKEWTmZRBDYfDEnMDhxpZmWbkPkdmu","rejected"
"000bd979db89b8a772145c5dc357b4d8bc717c5e","1717848","wayprjSiLqdar rMFgNcbEPPTCZTr lXzceRRUjtVDOcauiKYm","rejected"
"000bd979db89b8a772145c5dc357b4d8bc717c5e","49133279","sETXTsgmxkqKDXBssRAuSMABFCeSFLwAItGK luenfxEjpyrnN","rejected"
"000bdb99d3ee7825a7a18b3ab1b7bf6c14ae1fb4","2397331","B cRDEPDwnygU HDRagPpqwaRTdUcDWyKwQGDKczrJckNB rLM","accepted"
"000bdb99d3ee7825a7a18b3ab1b7bf6c14ae1fb4","2119596584","YeXweXNHVAcuAAfBhNIdJrUrfUHeNhGdSrvIJa DoyGSaVgiGI","accepted"
"000bdb99d3ee7825a7a18b3ab1b7bf6c14ae1fb4","2912487","uwjJSSOaZdHvxWzeKsWGxs  mxGVWcwPYpKKJOrohtydBtQsCi","rejected"
"000be609d9a142367217335e63dc4d2f8e2c313c","1684289","MXez aqkCRMcGfSQImAiANtEPPJJFxkqPgcYumuErAtshyrcgW","accepted"
"000be609d9a142367217335e63dc4d2f8e2c313c","34190967","TfTzulWxAM kTZHHrMRfaSfC OjcKlJvZh PZwwSTpJJPGvWRf","accepted"
"000be609d9a142367217335e63dc4d2f8e2c313c","51239934","jdcxHCTzbezbPGNAQHdePEpLApljAMifVtCqbIiABchSEnYQWd","accepted"
"000bf014a71283e739b3288783e0572dd4de7301","2155279156","XqBgGGQnJAkcfFmE wgCNGeJbyYCebpuTJKZEMrkZbOEqFnPPl","rejected"
"000bf014a71283e739b3288783e0572dd4de7301","3390646","uNaQnNwXkxOiNv oJsBgOVPxktdCAbCYbgekCsOJiRKACjZAgs","rejected"
"000bf014a71283e739b3288783e0572dd4de7301","3216025","LKfqbNlUmX qkbIyWQrLOUDnSZOFuYFfxHRmwXDNFgtYbjQ it","rejected"
"000bf47c744f7c180992222a5f5523073dc2f6bb","9139860","Mw l lmkYSblqbvLSlRawmjoEE FhHoGvNQKFfDBubWxshfruJ","accepted"
"000bf47c744f7c180992222a5f5523073dc2f6bb","2119078544","YarzNOGmD VOAlqvDihvZMOSGPLvwIAxCOGAZDbkpwBjEqTTvj","rejected"
"000bf47c744f7c180992222a5f5523073dc2f6bb","1731593","AlkIOJEoKSlKiE ZAIXSSIFhV TlDZGphPfNPtYmgkngOycstU","rejected"
"000c08f89aaa2e9510e34c62d61b8e9dbc9c32b8","1702139","AGfgeuOZsGVHraR pHFdiDdVdEFiuIEWYPVXiCkzBtbxIMEnYg","rejected"
"000c08f89aaa2e9510e34c62d61b8e9dbc9c32b8","1711439","ZImxOsCbpQrgjoazrHbdoyPshgAwEmwV rtZprLmUsRsdoGHOt","accepted"
"000c08f89aaa2e9510e34c62d61b8e9dbc9c32b8","2951128","sKkqisfFouYRYJYrcJNfaEPQbUDifJqRGvxrsFHJkcOAlXxUwL","accepted"
"000c351ffff4b7379817bf6a9c73c4d3617a1395","3061534","doXRAhgxkJGsxXeJqJSwSWpUITvsIVJMzfMuOokzgRlOuBPxwN","rejected"
"000c351ffff4b7379817bf6a9c73c4d3617a1395","2041134713","qigapOPVpnIDbeTkelfNsbrYcZGBDfDFjgJPWjBS yVMUtzqFs","rejected"
"000c351ffff4b7379817bf6a9c73c4d3617a1395","2108511528","mkVhsWuNeCCqJdjKMlJwAskSsulCePkRqAgBjDavxKMoKjpTjr","accepted"
"000c68797c622c00b8f3b112cc01d45022b5e123","144010726","imQxU waFEwvaWjszfKaAsUsJxYgngDLMKeEXoIhKNNHaPYRgG","accepted"
"000c68797c622c00b8f3b112cc01d45022b5e123","2117126237","rrbdWEHnKCwwgFpwWXAXIShaxmNBgHbvZFSWiaksJnXwduWsCe","accepted"
"000c68797c622c00b8f3b112cc01d45022b5e123","33439074","hPsNcMkAGfixWqQOPwnMPNfwpWnrARbNEZfyoCeLKTSFcvbdgW","accepted"
"000c9c8e81ed04b86437b15954226c12a3c7667d","1740159","XCvzjjn SMTAuPAUukntptbgLuVbWlWsfDvyPyIoExHmyJfCsT","accepted"
"000c9c8e81ed04b86437b15954226c12a3c7667d","34588657","qTUHzuezdceinLXiUmELMQZTfAQxhTtjtflNZJtLPbXvErYagk","rejected"
"000c9c8e81ed04b86437b15954226c12a3c7667d","145002459","jcrqIEXwsIDruyEtUrIvzXHfVjHcwtxjPeasuNQWkvElYjbwRL","rejected"
"000ca33fa9d79297b0cfa90a8f227e075b63d94f","3171309","pIWvANYY AWJZTsaiCFdWhiEnDWUKefzJJpxhMWppOoQbfTSQP","accepted"
"000ca33fa9d79297b0cfa90a8f227e075b63d94f","30592993","kwwT pqpYIbyhBUiOLwuFeLnmnWsqKeBnAMEwbzNkbAEuqipZj","rejected"
"000ca33fa9d79297b0cfa90a8f227e075b63d94f","145257240","JqsCtSnRd IXZnW xnxseG fElwlv MeJvJwXlzK UpMBVVGGk","accepted"
"000cab8766c382c9da3cd12b4f6ab19a6dcd78bc","31081428","uotGdQdrtxEBreYsSgmgipmmTaFEoWlfpXBJwPuzMHRaUsdZPq","rejected"
"000cab8766c382c9da3cd12b4f6ab19a6dcd78bc","4697137","UNxwYZNNJEbFmAecHrEjTpYuXxI ZFbvWfwUBvoXSHKOFzPLna","accepted"
"000cab8766c382c9da3cd12b4f6ab19a6dcd78bc","2083838923","FyqWNlxkY pgqBvScgbuoaQxvmrUqINFkgpbFNPUPhhOFiWqNp","accepted"
"000d039b900369cb8dc3b02322ab17efe5512f87","15851277","KVrS sEYNkiNEuVOEOqZIwxo OkVUzIIVwuTcyGqHxAhOxIPh","accepted"
"000d039b900369cb8dc3b02322ab17efe5512f87","7646442","KMvqyBSmEtvpQXjxBFywMmWOqvTwmGhlCENozqpXIiTFdzrblU","rejected"
"000d039b900369cb8dc3b02322ab17efe5512f87","2899178","jWrCbJLdUtRWWKICYknMcTXvbvaWqyeBuhrHpahSkbSCkZKPmc","rejected"
"000d0cf7ad39204f2b0c0be848827fcfc43bb7a9","2026310990","RYXOBYGbUzaApXOIoBUcArVaWdseUIQAuZUdhL BxRd jnscra","rejected"
"000d0cf7ad39204f2b0c0be848827fcfc43bb7a9","49298773","DnuLfkPTuorEvkZttzFW bGVvWUHrROiYKlxVuIHSmxrNizFRV","rejected"
"000d0cf7ad39204f2b0c0be848827fcfc43bb7a9","39862459","BmgxUDggtlZtYIqABuKtOBesTDjfzoUsmG n mw YQCEVBGhGZ","accepted"
"000d15171e162bab06ed286f18b902cf3c385d14","1409495588","dfuMRYcpHlYmXCYDvvdINZwXyGclyhjJvpGJOOzUGgXSIiAy H","rejected"
"000d15171e162bab06ed286f18b902cf3c385d14","36064713","FqfNUHWggVrFvadBBDzKhty fSbTUSUjl LweVyRAuauDxunDf","accepted"
"000d15171e162bab06ed286f18b902cf3c385d14","2118481032","necCzzlftZIWHbSAnyhncztGbxnjMeFeywyHSoukhvhhvUODwa","rejected"
"000d1dd9d443148262a73f912540b57db29e050e","1411143983","JUQnSJlBXDSEwsFmPZ IInJoCUTMQxRCtzYIKydawrjRPaJyuH","accepted"
"000d1dd9d443148262a73f912540b57db29e050e","80457697","zVVVteNMcBktaMbTeZMhyCkZcnjvRJKkyvcmxDSbwydBwFRsrY","accepted"
"000d1dd9d443148262a73f912540b57db29e050e","144159726","WBuRwNHJrOmApVgMRBekDuvcinlwMjaoozsgaMulDaSowqbfoK","accepted"
"000d4f914c3b24f9d8fd9a5eb6e0560d0f1b019d","6383773","OGJdvmoanCJbGoyZuIoWbiSfUwDeDExToGIryKlXAXYohSdrBd","rejected"
"000d4f914c3b24f9d8fd9a5eb6e0560d0f1b019d","1736971","EexpCKSFWWBtUcrSjoZHzyJgahnNu RljcGQotR zuKLYFCoaf","accepted"
"000d4f914c3b24f9d8fd9a5eb6e0560d0f1b019d","2136006125","pnpqANuOYjcvnLuhMzisxjaaSUP wrxwUWZJqLsE WcWfVKVwl","accepted"
"000d5fbbcbb115687510780506b44a7acc0d4f82","2511105","ODdJogcYpiflsuEQ ZgDMGjhXCSyFzVtHQsSdhy jxNWvEoprf","accepted"
"000d5fbbcbb115687510780506b44a7acc0d4f82","3001662","IXFROCFDSqlrGaUDxHWsKUCrAntukJSjloKVspCGzRPJGrpIze","rejected"
"000d5fbbcbb115687510780506b44a7acc0d4f82","35116359","zEqQIEc HdfDCTZFNzTrBYYKOBENWQzYnCXQgdRVaJZDvEmGuS","rejected"
"000d71f8ac0825bb2bee016b2c611b608d032805","94430377","pqqUWEUZx hij oWixYpGaPSLo LcdXqdkebHeuelg hshkNXJ","rejected"
"000d71f8ac0825bb2bee016b2c611b608d032805","2364578","zwoVLhNqiZsAEIkyQEhvDLSGRyI yFtOxlWwcOAfGuVePrrOqV","accepted"
"000d71f8ac0825bb2bee016b2c611b608d032805","2144546676","dthTOiXbIulEgcAdLUlFBmYGHTijIhnxdKsxrYJEsWThhzifo","accepted"
"000d797e163371d16daeaec893cf4d6e37003db2","2116763588","SVOinfpxXmCPzhAUfkzutgOILDXADYYuxodVwTtRa nLlN YT","accepted"
"000d797e163371d16daeaec893cf4d6e37003db2","2144269398","N skpNUxRFFauddLOHwAVHXgbofNQYsZwbtse RWYpKRnZmgRC","rejected"
"000d797e163371d16daeaec893cf4d6e37003db2","2108131361","zrAVNgNeHNrYWrqhIWTKECGfJFCkVxolPSppFVxxcDjubqtteX","accepted"
"000da241fb820e9d07cdc1b618dd241a2ef24ba8","144327272","gwZbeHunZYuZhLUaLjCnDlNusNoTZasRXRlykdaLhVeaFITfmi","accepted"
"000da241fb820e9d07cdc1b618dd241a2ef24ba8","2117426487","JeYGbJKUdTWyldLxuUGcSqRmVhyeKYoFGXCIdyOIjwqbpAeScg","rejected"
"000da241fb820e9d07cdc1b618dd241a2ef24ba8","3174162","twysNyVUgkuUtiKgAYbzEiJMgxcCQcNfWlHzRvPSTMxKJYdcZH","accepted"
"000dbf35b4de2b653af597dc77e483a5e895616d","14399313","WEDrkZNWrexzs iatAkSPlIvdALOOmebFsvsUwrddZZlNFykBo","accepted"
"000dbf35b4de2b653af597dc77e483a5e895616d","37622776","xGfQeNbjcTzWDfsOgbbqPeCxsaALzbFnbyBEigSDRCBPmwlNZa","rejected"
"000dbf35b4de2b653af597dc77e483a5e895616d","2237782098","BcsvKdi tUEMhziYqLCWkDHPGmueWSZxUPKsukSZtJxiMDjwNq","rejected"
"000df7f7a6294bb4d986c2a33d3339cdfe4d6bad","144443852","QothYAsEHONdxxndcXckroxRHodlUgtYktblEfBLsOhWmyMRXJ","rejected"
"000df7f7a6294bb4d986c2a33d3339cdfe4d6bad","2023972375","GlUHyAEJlRFDQoUEnGogY bRlFmtxVnuPKzqOxXVZmzOeBHJiR","rejected"
"000df7f7a6294bb4d986c2a33d3339cdfe4d6bad","1678696","YwIysbDlRfFjdobLciHFPPCZYYzhDzqzUjvKMv BWveSYNocOF","accepted"
"000e12a989bb06f44ed5fc609cb77a5fe3e2fa22","145054353","vgHOyVMtKfcLkVqxNSQfgoAgKsWnxMtWINsxrfvbsfORWIYIcV","rejected"
"000e12a989bb06f44ed5fc609cb77a5fe3e2fa22","145764900","NhpaoTxHytifdJfxKIORMGjcaZoVlJhkMGrlfzQUZCfZcLzHNo","rejected"
"000e12a989bb06f44ed5fc609cb77a5fe3e2fa22","143737327","cAfVjIxJAHRT WXiTxsyvWfk UojxxxdcWOTfNSsqtPHXnAzrw","rejected"
"000e273fc56612c58fd391b4351b6d635071d75e","2128107798","KPURhs lKzBwIueVNpZRyzFxSaFTTjqCfBMEMAYlneZtkdzcIP","rejected"
"000e273fc56612c58fd391b4351b6d635071d75e","1986385","guTHxMKFvmCwajCiyQa HGISrNVDnRdtPYCyIQVYpXGJDZRMNH","rejected"
"000e273fc56612c58fd391b4351b6d635071d75e","6063645","oTAeslLCBaJdzkcRSxZsowgZMJzMUBpiyGILjPUXKMRKPsi Et","rejected"
"000e50fb7e0a618afb3f987981f0f2358f6eb32d","1947730","whvkVRQGaYEYhdeSehkjlcGAYZB sTsPUYdQBdUHFfofzuJpNd","rejected"
"000e50fb7e0a618afb3f987981f0f2358f6eb32d","2770884","TPBnTWUkAmvWGUrhvwiFpwioQSTonr umiLXEGNVKBXzkODPdu","accepted"
"000e50fb7e0a618afb3f987981f0f2358f6eb32d","38819702","uYX oxoKRdmuvUzSGvnugzDEvGXqXCkNHBGvJSAzdYqAaOQufS","accepted"
"000e5762d65a5adf663f65b545bef13f36dacb50","1753015689","PiYLphkTBAvQQdxINcfMEECOVVPx HUfvceYphrDtfjsgiBAai","accepted"
"000e5762d65a5adf663f65b545bef13f36dacb50","65762083","FzONBIAjXsnTjjPPRdmDiGAddgITrBmHnhiIBOirY KwGVoKwE","accepted"
"000e5762d65a5adf663f65b545bef13f36dacb50","2118426587","wzeFfvKuLMlsXfUctFHnRLgOYzuvFtJxTctWrSkrUl QqLbAKL","accepted"
"000e9ec3e09c600397aec49ae016a906ec8b8a30","1911110","dQMbQjzJeMZlnSzMVXRNpENvusdGYHRZWrlHjVXsVLzcMYeQXj","accepted"
"000e9ec3e09c600397aec49ae016a906ec8b8a30","46254274","lvulPXT BVvxvRfJgYqWLYWjoSNqsUzePGjLIHQLXk wUkgclT","accepted"
"000e9ec3e09c600397aec49ae016a906ec8b8a30","49632828","GmNUMSUUwgcxuDOjTOrQwbSnlvaIRccv MKzLOTERBuzsTNYEJ","rejected"
"000ea515050fba000709ccfeeac9efb0c7fabd05","2108511528","QhsoMJoWDQIrssLpuSCstAqFUVFSLMoOm HNJpaxnfF cAfbVh","accepted"
"000ea515050fba000709ccfeeac9efb0c7fabd05","2160494837","YE ToCWbkeOaAzrr KpXrOBkAJehzLKcHQfyYaSUDIzIqpfSwI","accepted"
"000ea515050fba000709ccfeeac9efb0c7fabd05","2143936507","kIOgudgunUC nxFdvdYtFhoaNuXkLyYGzlnhMEGdXyieJvtwZn","rejected"
"000ec436787a0111819e43df0cf48c5e8cbc7631","1500427365","MPLnuPjjcNEUKfINbbSEUsugUMmLMJBgxkRkWRCfOZtNxqHKxv","accepted"
"000ec436787a0111819e43df0cf48c5e8cbc7631","34665814","tRCadmcyxhcCqqkcZnQnLjRHMFjAXTCEOtSzNnJrUPnRQFDZOz","rejected"
"000ec436787a0111819e43df0cf48c5e8cbc7631","49268145","gNqJpcnHZptoAogLKsfSgOTCrPADcyBtpQTJBGzBasTrwdUPKH","accepted"
"000ed1d2303d52b09abdcf6642aa27ec3a71391d","2111015528","sNffVXpjIrvTtgTDkozfcrouAlMUgeEpEfp PtfJfrwqILLxyh","rejected"
"000ed1d2303d52b09abdcf6642aa27ec3a71391d","29765068","JypmbbgXQszpKcRIsKuxlfAGcBiCKTenu AvbSpfXGPmeKEVax","accepted"
"000ed1d2303d52b09abdcf6642aa27ec3a71391d","1406501395","CTrnNlXACFSHHjRozcQVkugMKiJKkhcMRTwssAkifZqtSrQEgS","rejected"
"000ee1a4ac67d0001c937200562f8a913d9b2ab8","101604974","fnOimrMXfBTxGtihdhQvNGVGJuVZskeCQSIBUezNNmlUTAPBOB","rejected"
"000ee1a4ac67d0001c937200562f8a913d9b2ab8","2116060130","gUDE gCiSRTexcpuLjRKpUVMmGmNXkXOtjSpYJDCtzhNopKwaD","rejected"
"000ee1a4ac67d0001c937200562f8a913d9b2ab8","2155782867","Rl vUKcuFZtIPppCK ajrOKdRkCIqPdBolWKImJGDJoHsQGWnw","accepted"
"000f0912fc319fb295ac88f6b7ccfaa639b8adb9","2115828379","CNwWfzLhMGLWbYuuwMjEAqslmqbWLFnUIkkIbYFROaarVlCUaZ","rejected"
"000f0912fc319fb295ac88f6b7ccfaa639b8adb9","1680319","NeaB UPtAVMShQaJqoVHkVIrLIDbsyLqKJBzCaBUnopGwwSalz","accepted"
"000f0912fc319fb295ac88f6b7ccfaa639b8adb9","2153647554","UvJoXHnJNDwunRRqvpNbavVjfHEbTLflpaUVdMKHGyhcjEaEvq","rejected"
"000f19acb9aee9f7db6aad81bced434d3500979b","2053559877","DkUdGtTTsLJMwWIubYxaJKYDfiAYRTcQnWBzpnbzWAohaSkKsn","rejected"
"000f19acb9aee9f7db6aad81bced434d3500979b","10687602","kaOgLRQEYTzlfcdtkHtHxvQoQ GjamTdqTYxSktkfLK TTqNCZ","accepted"
"000f19acb9aee9f7db6aad81bced434d3500979b","2143918089","kShxJaTgbOdIIAqEeckVhnbjZOYO SlLdiMppXyamTtxnnVolN","accepted"
"000f3df8dcfefe51e96cbf3cd5c9640cb83c40cf","2007002342","QAqbMufdidMUOstqvZCGekUlniCHYleGAVMC cocwGuDLYvJoe","rejected"
"000f3df8dcfefe51e96cbf3cd5c9640cb83c40cf","50308581","eXoOuEnvLlUgrQgdEpVIiyhChRdqqVmLWtyndmsDanMkzUUlsH","accepted"
"000f3df8dcfefe51e96cbf3cd5c9640cb83c40cf","40396821","ymHNTOhP mdiMAKBtjWyuidWdruarjDSgLoKkx YafuiuiqrKg","accepted"
"000f4079fb3f5463ce7f5e566b541fec68a91f02","2471799","FsMOVsutGPJbnYNipKxglhOwpnybGbjfcDddkerKHXAzGnmOM","rejected"
"000f4079fb3f5463ce7f5e566b541fec68a91f02","2393599844","aYlQnHaWdQNCdkbBEpvrNKmTvAjDdQlqqbfUxF dXVv DgncIK","accepted"
"000f4079fb3f5463ce7f5e566b541fec68a91f02","9203369","adWagMnrhuUIXdPeBVJtliznQhwPRCSngEAgaqPidtShpNPWuJ","accepted"
"000f68209477510c8f926365090e30e5cc35098e","12841431","UyrmlrpgPEvMMotuthGiGlwAHcQUNlLGmTbCElQitrqZrwaMbg","accepted"
"000f68209477510c8f926365090e30e5cc35098e","46337067","H utpRPlMFQZYUKGjOKTWaYvx eZgzvpYfnENSzsksGuquEchz","rejected"
"000f68209477510c8f926365090e30e5cc35098e","144772111","EnQGRRhUH sJaZVyBczIdwjItrFSIHylnxoJxDoOhycZJIvynV","accepted"
"000fdbfd62cbe85e41c3a26ba079e295aeba1adf","52243985","eLAzKlGtVRUKeGuRjCArTTnlZrSFPeQxTxCbqEwpYoBfsFvCO","rejected"
"000fdbfd62cbe85e41c3a26ba079e295aeba1adf","37159328","bBFrZfEphixFMANTckwrPaQzpdPNmnOnBNSDsPUXmHsZOLhKBF","rejected"
"000fdbfd62cbe85e41c3a26ba079e295aeba1adf","38907156","xNBAh jwpsNwYqz RrSGsAZaEurnWVTvejdbsBpzlOGOsFVrHv","accepted"
"000fe3d81d9e50c7ac5f6e903694df2939db0eb6","2148893277","AQWvAOtYwbSEOThjZpvgieGoSgUvOHpEBuzeyRqarYKVaZwoux","accepted"
"000fe3d81d9e50c7ac5f6e903694df2939db0eb6","2182582023","sboWWAEDjxlRrgxXEDZmvrWDZGvnmdjyubweMrjWjCDJrYbpCZ","rejected"
"000fe3d81d9e50c7ac5f6e903694df2939db0eb6","1404227426","pWRdYhLAuctJRnS zCnZJueipVLzUBTyrICykKqGmkUXKSeDQt","rejected"
"00102c0a275cfd235e1e2af44ea94a3ba5ead870","2148273332","VqzQecOi rNV yqkmyPcWKzzyuFmAhEkqKiSAboPv CUBklJFf","accepted"
"00102c0a275cfd235e1e2af44ea94a3ba5ead870","144950946","j qBwbvkxSRQbxsrY ugDeKASGsvamCkRHIvAgybCDHiViBPbA","accepted"
"00102c0a275cfd235e1e2af44ea94a3ba5ead870","2808503","QvDueJdSjeHOReoA rioIjsYXTXPabYTYLaZVqCVEGTeRJGwCJ","accepted"
"001032f77ac785dbe8ebb25eeb06699e935459d2","2110227195","q ZzTePiAYISwBe RqdVoCdo FncXUdwsLzMKWsGiAPjXEFxzz","accepted"
"001032f77ac785dbe8ebb25eeb06699e935459d2","100600220","PY nToqmIwjkkQIBrfrFnuMbuIOPICaSgaAhHWkvPvlrMDIXDf","accepted"
"001032f77ac785dbe8ebb25eeb06699e935459d2","2119305297","ZZFxVcrMovjTWaGToODSxjgqTGkhBFtLOokabwsrHKEgSyZMAd","accepted"
"0010848c4044122dd79c12e3612091ac545a6e88","3339788","gQBkensmum TrwNQtEbCxDrQhVRULCUtygnysBWqVHDLxAynzH","accepted"
"0010848c4044122dd79c12e3612091ac545a6e88","1420349782","iVPAOUnYvrrKQePZfqKEaxWVxEwmaTCioXSYXSOGdZdBdcIjSi","accepted"
"0010848c4044122dd79c12e3612091ac545a6e88","143799272","xPcypqmYIurDvzFiXUvxGvMUlzpHoagbDNbClPORpqcmmRaemW","accepted"
"0010ecdfaeb9ecf3ab0e2d1c575771a3f51e790a","47177107","RZePFIQbq ALiZsZFufAWbctZAxvzAovjDdZAnkIRwNcHYhHWV","accepted"
"0010ecdfaeb9ecf3ab0e2d1c575771a3f51e790a","8286187","sWNXCpUeWoAnIxOjkrlBfqhHzzIKfX EhFWMhzCKX weMVMixD","rejected"
"0010ecdfaeb9ecf3ab0e2d1c575771a3f51e790a","2589249","LOAHdHtkQNCTKMvoLAavnONAdNqpJXZJPsKHbNe HyrvWVo De","accepted"
"0010ff942899296457efc5ed44033d12372e66c9","1710187","TypMdmAdjnaOhDHVivQFweLpYseUWNXGLydNlTXAyipdHyfRzN","accepted"
"0010ff942899296457efc5ed44033d12372e66c9","144710424","aLDT jvTOdELbumdsFhfmAKQQPAWBPvKSPA abNLWAwNkMime","rejected"
"0010ff942899296457efc5ed44033d12372e66c9","1778120","aYPAjJShOEGydgNqHeAUOWKcHrxyRlyzwudXmJjUnoPzibuRsN","rejected"
"00110b4e8b2025143e29809584e565b818cc1bd2","3205667","btypSdXFKFqftMlzBAJiHpZDnMwbZRNlWXTBYcDNRmImoPqcEJ","rejected"
"00110b4e8b2025143e29809584e565b818cc1bd2","1767534","fIaFyqnKGDbwqhFhOtjAVCFxwSpPyidXzsaNmvVVdGutbriMFD","accepted"
"00110b4e8b2025143e29809584e565b818cc1bd2","1490528902","PUVrxqjwCaeASuRPhAbZwwtwcOMLDMebORVFpDVSb RrDQbaSS","rejected"
"0011174b4a3463e9fa32744e08371b7c92cc45d0","145198825","hgWOniN UCKCKnRExJAq OtFFSIUoKOU RZOvQuYHMZFPTYXZd","rejected"
"0011174b4a3463e9fa32744e08371b7c92cc45d0","1813998","jyrBRdCextvCXWkaZKkJIVBPaHdltWNjbqFnkmnUddpihPfztr","rejected"
"0011174b4a3463e9fa32744e08371b7c92cc45d0","39157972","eTKJlVTeMwLNzPJpSRSNV lvGdwLEYNgXWHoHZJa YHkQ tZmU","rejected"
"00112e043ee9287d51ee4d8f5467caa3ca495ba2","134187810","oZbUIFcBXPtRsjInAsuICTOGJCIFKzpZHtbINLHrXToqmRYSQR","rejected"
"00112e043ee9287d51ee4d8f5467caa3ca495ba2","1390599522","hCYgxJdRwFiLfYVeFOiAYANWKuoCndPFfoOj UHsBHJJOQRNB","accepted"
"00112e043ee9287d51ee4d8f5467caa3ca495ba2","2144038558","IOxUv gbiYWizDUSOQjVfktnHciXASlNxvjsiEjon vcHqNHdl","accepted"
"0011324b324719bedf6c7bd5c4a8a618a98582e8","1790902","TkDFGHFMkpIzQuloEaoAjCHp dHPzBWcShsFfyhuoZhLEuFflx","rejected"
"0011324b324719bedf6c7bd5c4a8a618a98582e8","2146309367","hxTw QgzEAjXgjjBHQMrLJRxDAahqKREWzOqdQnTQlXbfpwOxH","rejected"
"0011324b324719bedf6c7bd5c4a8a618a98582e8","27059304","LisITDGpCYtvNHSSZRBRRqKbrZhfupiNYLPjZsqpumLcPDaEyo","accepted"
"001140ff5c269ac326f1b9d8afdaa358b020601f","2261635","LJSrNZIzGKQsmXLttWmMygZpHidDWZzxhJseDwDsJ wyprmINX","accepted"
"001140ff5c269ac326f1b9d8afdaa358b020601f","3125281","jyhhOjuCrwQzaRxztslGYAncLpTkREyAbppGaGLrlFNmRZiNvL","rejected"
"001140ff5c269ac326f1b9d8afdaa358b020601f","2108636529","FWEfCBiizmjOAlzDsuoywjfpGboYwGZxLfruSHFKuLSywqRfRt","rejected"
"001149bda7f0fdfce15ad0a1426089ad239c9529","9139860","NGbbKmpAEfUoGtRJBhnCdZCaRKLmxqKtxMcXYSGQJheHGXZtIc","accepted"
"001149bda7f0fdfce15ad0a1426089ad239c9529","2117807613","NplRujxBJvHtepJCrGtsYbVgAXPzasBTjXFEIrvHSaDQKfzegC","rejected"
"001149bda7f0fdfce15ad0a1426089ad239c9529","2145802299","EroHpgINfKImLae ivQG xMSgpnLCEwKP msWFshkgtCMpgKqw","rejected"
"001150b9c19e43665033cc54d4a4608e2405cf0d","1380802259","BSJKIvaeoEysxyFaaWVMxLEwyFkSiAKasoqAOSzteNwwQoahPW","rejected"
"001150b9c19e43665033cc54d4a4608e2405cf0d","3346386","IrimctYWpDGVAPSkBbyZPHfYWHviZA kqyvgG LMVnjdzsWPba","accepted"
"001150b9c19e43665033cc54d4a4608e2405cf0d","6676851","dWEXduqOgViIdRPqnvBTDNBVckIRqSAaNSaGmpNSOIHzWvuDjX","accepted"
"001162d92f92636c966500e6cebca6751f62d6b5","1500528751","SXkVOPAIQIzoKrv KiNhqeToFTEtR rblkutIAOIUnxcDgbxxy","accepted"
"001162d92f92636c966500e6cebca6751f62d6b5","2146321283","gWbjPzwYqTLvedREbPaoKiVXxvvGGForxtkQNCdrlLrTPelWOn","rejected"
"001162d92f92636c966500e6cebca6751f62d6b5","40284872","mHqDJGWrDNmAcgWpouRVFvJdyiMmVyhgBcnlVmMwcfsmgUWzbI","accepted"
"00117ba44cf3fb0818b34e9b846e5ee56564f7ed","3603337","xDuOgnoKshpkPMMZibePvONkBRHTvyUXZsKbonNZNctEVrQQsp","rejected"
"00117ba44cf3fb0818b34e9b846e5ee56564f7ed","1603029568","AsLutzltDNgTDexzbTrrzQQUPXHpDrTWrzndBTQUSBBcxNPnAd","rejected"
"00117ba44cf3fb0818b34e9b846e5ee56564f7ed","3397807","TpmKNxanymomcQAvZqBWgwWbGIYgTHLhmoDIHXSnjRpktrFH n","accepted"
"0011981593da4aa01610312c57da6aa078be4438","46982824","imXfMAkFcGIpkRZBpbYtuCkkJVLqIqglPkMXPkeOvzuLakqDol","accepted"
"0011981593da4aa01610312c57da6aa078be4438","39766424","vzIbxdBEuUPbKHCBJpJEJ yEcdkFf wOoDOls FmkGdculeSZz","rejected"
"0011981593da4aa01610312c57da6aa078be4438","2117103880","UnnlphixKzqSeKDhWFlLCQldNuv K LAOhyuwTlMuHVEkBNcgd","accepted"
"0011a3f1c14b1e9a8ed8ebb41bf2c3024ac18f7a","2331770","gpmznXAnWOZfFejYseMurGIUGjiUEOEhSkuWuasvxgLPajAzAk","accepted"
"0011a3f1c14b1e9a8ed8ebb41bf2c3024ac18f7a","3499584","oFoPZrEUjPYoHSVgWIRMUKsFxqcLoYTPtADlqLIsCBJt xImyl","rejected"
"0011a3f1c14b1e9a8ed8ebb41bf2c3024ac18f7a","40029988","uQcBhOptNYRoMQASziWzjaACLHiHtkMqfByXzLYSUyjDZwFXJD","accepted"
"0011a5690146fcc70bc8aa141c0160379dc90a6c","2321700","Mp SFcSktt kIysXmwiURysHsfLbIcZARJRbtnN Zsll ZfEyF","rejected"
"0011a5690146fcc70bc8aa141c0160379dc90a6c","2074443600","AcBV wqktmOsRWRWrNJbgxbtBpTwCweaWoYgqHnoOconujxnTF","rejected"
"0011a5690146fcc70bc8aa141c0160379dc90a6c","3317906","MTayhsrC uIwAxZXDwWuLRQqBaIEVuapoTzfTQKeQKQLLzPbzG","rejected"
"0011cde12485b0f1f594020c26b56ed3b9b882f1","31043248","dBkZvAuDrepxyuGysPBQjtYQXrVyepLmcurhnjdOnrE dGdMCC","rejected"
"0011cde12485b0f1f594020c26b56ed3b9b882f1","9425136","mjImAzZYtlPcKcKdauXvCXAcfnnHSbGmFzAnGDraLeayqI ThM","accepted"
"0011cde12485b0f1f594020c26b56ed3b9b882f1","74958361","QMMoYWmSznsoGhmreTdWNtahcdkWdn TgigaBaRvFsLseUFXRO","rejected"
"0011e2b7a372c44ea59564b54fd45d85c21a1c33","144279278","JngHajiMbagBPsdFirMVKiSgJevfCBEEXyvf CBwGzBOQgFcVn","rejected"
"0011e2b7a372c44ea59564b54fd45d85c21a1c33","2178647329","wFCwdFTOjCTaJRsrQwfqGEjIs EmIhSofYbdYmuIOwiPMp hEC","accepted"
"0011e2b7a372c44ea59564b54fd45d85c21a1c33","29785530","bHtWKwygxaaZGiffDCQqaUnHHzfEyRqjqpbGktHFwUHVDOkCAP","accepted"
"00121bde3c4049c1c921c5a5c6dc3e40b87020bf","39213040","MChytoayhbxBrnVKHZxOflvJRtUmOGefZONjVnYXOIznRuKJyS","accepted"
"00121bde3c4049c1c921c5a5c6dc3e40b87020bf","1732839","vKWlUDJVhjpHShJwWIVwWN SOIFJHCaCLpkmeuTCADKHFoumXc","rejected"
"00121bde3c4049c1c921c5a5c6dc3e40b87020bf","2064191776","liNHjGGGyYQVXYUjTOhddspFCldsfIOiyVGDAOUuejkhxMdlfQ","accepted"
"00123f23ca7e310ac28c9a521017b840e79843a3","2375734554","bfEbqNQaBLtgyPQBZIICQrnfWwFiiyGbWpcjDJrGtGnIakPsRf","accepted"
"00123f23ca7e310ac28c9a521017b840e79843a3","1471660477","hhspWusrwPRQEM JLjoS vSjRHvaQkJsJxgNIircBTsFaQbRfp","rejected"
"00123f23ca7e310ac28c9a521017b840e79843a3","2111106416","N SizMgQzYExvRNcxQawRvZPSFGpWPEdIKEKONnJSKQzjHKBzV","accepted"
"001241dba3ae134a5ffc2e596ce0a78e8c4018fc","1500528552","CgKAVvXwokVgo GIGXfFCrbHhlqCliAfHUPRMIAMKjXegRpNqF","accepted"
"001241dba3ae134a5ffc2e596ce0a78e8c4018fc","89972030","hbVFOYjkTSOgSILziNerPdyjRtYHTnLzGCNxyJmwwgfmZWUYWZ","accepted"
"001241dba3ae134a5ffc2e596ce0a78e8c4018fc","2124521724","PizLDBgtTPBQDpghiCZCQxVcsiwdIdaGmTagoUXdtGwSKSpSpa","rejected"
"00124d23eeffa04e242e0ccd885b15e74e03a81c","104799711","tRrvNSpasPPasCAWfqvJWGkZqPxWjZBLNvQtRQTNQR rbzKifA","rejected"
"00124d23eeffa04e242e0ccd885b15e74e03a81c","2219046336","VhQXkJooONtZTjtkUqhpFgUIZrcXAzXctrKBtwaOZIbHrIpibR","rejected"
"00124d23eeffa04e242e0ccd885b15e74e03a81c","10443748","fhlZjyNrZKyzIhaJIXApSxOFSTLsGVM nsOC F zDmOYnenNHe","accepted"
"001261704350436fb4f272c2aee9a330505bd4b3","1422188587","WjwltinishlJQWXaB A LixdwmFfXjbsKtMHVNGKxABleUFRjZ","rejected"
"001261704350436fb4f272c2aee9a330505bd4b3","2185507915","WHolxpCbvsXiZiJvKMbjVoGzTdfHBDxvHNKiJfJevcSSRtgMig","accepted"
"001261704350436fb4f272c2aee9a330505bd4b3","48122048","GUhfwPwElGzPUrUOEAHAUIBbzgYY XJWqRRCxrjovGObZdYZMq","rejected"
"001278059f389212fd53d9094278f1e5b79d3b5c","2066355040","MvAITmaZxjrfFIS SXGAlLQRsrIhVocaOeoXvW CajAPYqwnbb","rejected"
"001278059f389212fd53d9094278f1e5b79d3b5c","2108263472","iYpWMWTPLohVhuIkyBuITkWRnGfFBvzfxMSpalCWPdkqMtwXWq","accepted"
"001278059f389212fd53d9094278f1e5b79d3b5c","2987837","ejTpMhtPrqezyzYYKVRjNZlIYbadayqqndlUzFRylrNlwkoDlN","accepted"
"00127c743809870cf2e9bb619ff50f60b4a5daf5","2065907235","ZLqHkiPbQEPhqHpkYTxBdmJFViQLXymCPPOpWMtomUtZBMtrT","accepted"
"00127c743809870cf2e9bb619ff50f60b4a5daf5","35976156","EkZMydZUyOMGrgN cjmboCCoQsmaibOeMQBrhwNUSFowiCmFON","accepted"
"00127c743809870cf2e9bb619ff50f60b4a5daf5","2145957619","TuVAYiFusRtbjGXECCyKwyLkwrrSWUOSPJWZJdfgbqoAjnGFSw","accepted"
"00127fd966fc7699a8e92449fd292216b404577e","2054108830","vmzrx POnMzoceYKkWjHFzIMsHCINxgItPjkpQoezFcWpnAuDL","accepted"
"00127fd966fc7699a8e92449fd292216b404577e","2357985","DtOSOeROkZTUAiTcnrxHSWLjrqdwGW DosEkwHyeebFUXYlCVX","rejected"
"00127fd966fc7699a8e92449fd292216b404577e","2388683750","ZjSUCcTp aoPxSPsPfxCqpozvJEHMpIVCyHXBT MHvxKVSYjrP","accepted"
"0012811180a7cfdba43e4e24c43b7e78b020ca5e","1420349782","zrn eRUuiznPCNluYNukhnViZjdyXZaxvGGAswgGELFaiMMrXY","rejected"
"0012811180a7cfdba43e4e24c43b7e78b020ca5e","143701176","VaCsrlYRFcIW arSWIeNEIo VWIjQerMcGhFVBpAIxtYMLMtkf","accepted"
"0012811180a7cfdba43e4e24c43b7e78b020ca5e","46690737","zineVosYCquBsEkcBrEdljrlcmjjXCghkvzyxthrlusBGwFQlX","rejected"
"00128c26c17b054caeede93e371a020f43dd9dcc","2109077611","ejzvnJIbfntQonxykE JCcSUkVqfvtMzmIqeYBPNLGAEOEnGbQ","accepted"
"00128c26c17b054caeede93e371a020f43dd9dcc","1756389","mbHPfJmmLQrQojKFUJETQiwnQfXzWqWPbuPbsPmziBLFVNeXZT","rejected"
"00128c26c17b054caeede93e371a020f43dd9dcc","2113636402","gzxzIaEmVuVheWXffJVxuDocdlWdiAcvoGdsQsZbXCkahXnUmq","rejected"
"0012d71008a6621be5aceafe88e8cbfcdb32cf61","26347030","lxgRgoKI qMqBKygSpqNEqGiiWbYthgcpuKCD jZniqLmVC kz","rejected"
"0012d71008a6621be5aceafe88e8cbfcdb32cf61","2614483","WWRfpKVApJ jIrjnrInpioQnVPVmTQ yQfqXeWtdEIlbvOLPjg","accepted"
"0012d71008a6621be5aceafe88e8cbfcdb32cf61","2109188048","usvHWHiOwUdebQZdvQG  ymwyRuuMZFPNfQTwBDQOdCPVaQ KH","rejected"
"0012f5ec85ad45701f868be1468f23d716add516","2260797559","vOBCbpJZOEWtiHqHlXRKMxgapPDCXcuphNTxVG uPXDgfaJSpr","rejected"
"0012f5ec85ad45701f868be1468f23d716add516","2815804","ikbQtdPilSSpdDfu PTdm f lhxNuzoqxKaUu eLFxGtT oHgr","accepted"
"0012f5ec85ad45701f868be1468f23d716add516","1912476","gSGPpSTpoMhNENVbbeIePbvKwbGtwrDPsdCNjbaTnmDJAojdMg","accepted"
"00132c7f6583ffc3d216856f707a9bf0c387dbeb","6876371","OBFHMJputHdYbPqvtTCPlUtURaVltddZhmiwmVDpNv ouLONlb","rejected"
"00132c7f6583ffc3d216856f707a9bf0c387dbeb","2055728848","HGUBbwermVL MLFcANsQkcXnqXU RPgLnkWWnWxHvONUyIGFXR","accepted"
"00132c7f6583ffc3d216856f707a9bf0c387dbeb","2758576","VmqQaiJliywFUgldwfVmyyrn irRJEDTYapSQEpoWCPAWNWshk","rejected"
"001339b4ab31c1cb655651cf3a4b244ac2d8654c","48483794","AUPTSAiBZxMRURcEbqUlTuNZEWvV v ASOkfFWADockSScCBCY","accepted"
"001339b4ab31c1cb655651cf3a4b244ac2d8654c","2007893258","CFyUZNEMgyGTOyil fzgPxjaLMPLxrrHkBIIGZAqkEDTtqrozd","rejected"
"001339b4ab31c1cb655651cf3a4b244ac2d8654c","2737639","zwFxTspreUbKcJl TnSuLMGYRBLxJUUWIUri  xCUgiFAkIwGB","accepted"
"00135048d9cadf5987a3d6df43131ee65775ab1d","46679009","VIi dJ VgiCKZmvXkZOKhhTzBMwzBfWDFXUQukVRlCTNYGUOXE","accepted"
"00135048d9cadf5987a3d6df43131ee65775ab1d","67234701","xKsomdUMGRLBhxJVGBVkUrHWJqHylUDzgETsM MOvXkBytwZMq","accepted"
"00135048d9cadf5987a3d6df43131ee65775ab1d","2143765999","GTMjB yRwOeaTgPEodRlEGNzCzCKLuqmTXIbhHafXyOcvztHCD","rejected"
"0013866d6d739789299aa517c583a4b7f488c156","38916898","xGCwYDMDasZbPCMIqyICWXPsdoIHATxENyWuarMgrPETyEcpVN","rejected"
"0013866d6d739789299aa517c583a4b7f488c156","39382392","FjKgBypdcOmPgFeHJwSghxJYdkWRAiVECSAYWrcYWGpgVRDtfA","rejected"
"0013866d6d739789299aa517c583a4b7f488c156","96869708","dfGttXoDgHoYfwHTacnIAOWoLlaTubNRCMnceSuUbQwiSIiGdf","accepted"
"0013903962d4bb020842e501325c2b3e21c43ae5","2178474124","pMxqxbucwzwkFhSYnKScQcuZSiDarDHNKSONDknDMsUAjaTHBw","accepted"
"0013903962d4bb020842e501325c2b3e21c43ae5","18997752","klOkupkPV sUIOElmSxXwjOxNEj ldhzzoWOEEiFkErtrNtKA","rejected"
"0013903962d4bb020842e501325c2b3e21c43ae5","2003386388","ItNDCUfWfiElClYOCvUDUqLtCaFyYYIl roGjUQgywQJxSctTB","rejected"
"0013ff2301041de7805e828b80a3d11b0b0a10ba","47688201","rYTysPAVNAPfXYrzKhsCNAnTGqMWLrCMvcsasCTEyaAsuXVdzU","rejected"
"0013ff2301041de7805e828b80a3d11b0b0a10ba","2764166","auxnfUXugDmQPUxqHBzCPQrVKcrAYIPCowYDdPsurgsZqkskjD","rejected"
"0013ff2301041de7805e828b80a3d11b0b0a10ba","50884272","mPuyPkvkToOMPw PGPapGVAlhvtgvSIHBsWFhfXjGkvhlnfWhz","rejected"
"001423f6e09ecc2998b4966465f906cd5ca68d66","2318070930","SyWkWSCDBCJrOIH ejOtraodCYUplXsBNTtyqFqYfT UJ DyIp","accepted"
"001423f6e09ecc2998b4966465f906cd5ca68d66","2390623","gFzcseWrlwrXsAGzeDgtVKdCvVYhJDBJFbZlSxzKWNbFowuurf","accepted"
"001423f6e09ecc2998b4966465f906cd5ca68d66","2143195404","VRtNKYkxHwoGvcdOjXsKiXhfanBzerrzYVQYneJKuAhJX Dwdi","accepted"
"00144c326e2ffbce1e0ccdd7f28ca908a15d507d","49808195","mJISPoKbEfgOHWBoHTmQwIPFRbAHhAWLyiglDJAMngTzAInJxx","accepted"
"00144c326e2ffbce1e0ccdd7f28ca908a15d507d","11446444","UvVWsVvFUMywxNJCQGIuEwIMRBcWWZHttHAA MNAQCAFhDeVhH","rejected"
"00144c326e2ffbce1e0ccdd7f28ca908a15d507d","144218436","LcloojxbKFDfbOQABkhCTuHkRcjPLkbtSEJbGclKdstBmRSbuF","accepted"
"001456851ed0a4d10cf0ac71e7b5fb1f2359181c","46449010","xlMsovHFxVYXcLkIYaMQXEZTkYvnlSHwdtqJzYcWdvpNIhVFKK","rejected"
"001456851ed0a4d10cf0ac71e7b5fb1f2359181c","11248626","wuiZxQpSzpWvbyFHHuXyyyJZoJLiZHOOYJfzbvgK me chZSxk","accepted"
"001456851ed0a4d10cf0ac71e7b5fb1f2359181c","3400825","ghHkswSukSoVxPEXYGDtmEnHPFbrrNMFqn pudCjEAHLcVOvhj","rejected"
"00145f72d54e839feb3dd44a23eedab71435be16","49128514","VoqskYPoBxtoaYUyPtxrdXkDSuNAQzEoWnOVhrJx uBPPWhwgZ","accepted"
"00145f72d54e839feb3dd44a23eedab71435be16","151381952","pwAegKGIsugDAOoqYPfwlcIqZdILtFyIGIEk DWUXVJtkRoCyl","accepted"
"00145f72d54e839feb3dd44a23eedab71435be16","2109394807","HjLVdOgwtKKLbaaoTWJNvQVrzaXZZxShwSrwXxiSiS Tqepxwm","accepted"
"00149d99733baf0d6c37a9ee93119826420e6897","2190902996","CWdVtxwoHvxtZVQlsDfOuZNKcrtgSkkiHhNUnddEJIcFWiBPum","accepted"
"00149d99733baf0d6c37a9ee93119826420e6897","2385206","hMwDUzYjlambRouDvhhxsJxlnHprzVYRwPIqvifennbsYczKqp","rejected"
"00149d99733baf0d6c37a9ee93119826420e6897","144133674","wjSsiUFKlvXSoEkmrOGewmNwrZHF AlvUsZYUnGvGVZJFvcSZZ","accepted"
"0014b2ff5354f0ebac32fae1603e176e01a5c1b6","19262604","EZbztDzBMuaLXDTAhgFMdDFZMfPwlz XGB aKoCMPKmEzXdBRK","accepted"
"0014b2ff5354f0ebac32fae1603e176e01a5c1b6","144999310","GMiaozeBDQLsHfhHdaOGtTVhCVHsjiFra zdiXnLxGBIkoDyMK","rejected"
"0014b2ff5354f0ebac32fae1603e176e01a5c1b6","2410648256","letcruPMQoGQXzRZTjRVjnQcoPiaSTSyKoPXueOpNKqCuSBmKo","rejected"
"00150e5558e44a031887c59a13ecc791c57a726e","1443787798","GUyPDIMVnSGzQcXRDNnmgYwgPpu qrDJYEcWIE unpRuYYcAnh","rejected"
"00150e5558e44a031887c59a13ecc791c57a726e","2742391","YmjThNUb hYlicnSGWJwgGGEVtrlfXvHdmIwDhqNcDjybPRiKk","rejected"
"00150e5558e44a031887c59a13ecc791c57a726e","2112255","ddyOqyTrUlyCcXUsXGEtjZ OytYBVfLWYnGGtvOBVWwyfynikr","accepted"
"001510fb93b4a5f200765007f986b3675394b3e4","145848913","xdcWYFFnTLRgUOwAtngapjzr CKqjXkl YfLDpNomXOSStftzQ","accepted"
"001510fb93b4a5f200765007f986b3675394b3e4","2109315906","jiMFdTCrXXAJmRbIpTjDtoPkLFURiwCYGANRFCfSwvByfEAs O","accepted"
"001510fb93b4a5f200765007f986b3675394b3e4","2110105862","vnslObuSfUfemkmuFzSbcipauvGIXjbsAe wpCmSDaEukcmfnN","accepted"
"00154f14c2f6697c8ee691c91a626ca0f3d82bbe","2143454660","oDNEwjkdbZHeHKkrbgunavYJdwXWHZfXIFppGIBSdPDwmSeYxu","accepted"
"00154f14c2f6697c8ee691c91a626ca0f3d82bbe","1740046","zArkoQufcuXOasjpqPtcuWEHXTUrpLCfhoPeEeRSOftYfFDuWq","accepted"
"00154f14c2f6697c8ee691c91a626ca0f3d82bbe","1684230","iDJlTEGDvsmtfrXYJshgiZBmZTjsVyJ QQpYksouzryzBNRMoi","rejected"
"001592fde63d16e132145ad1519b659ba3a824f9","2054700855","pYcjpDguzkSYXOOVTEbkjkqwVmquFXmjXHhdYqaBKKngynHLrB","rejected"
"001592fde63d16e132145ad1519b659ba3a824f9","3184114","brfYgybiBFyFUEXryMNdXxbMRMuMwGKwAtBvufh xzrHtaOCcN","rejected"
"001592fde63d16e132145ad1519b659ba3a824f9","26973516","xgvyHIcPSTQHvhW qXbWWTBwborIkElyWpaKtl lTtRaIxb B","accepted"
"0015a414b6f960cbbbaffd01ff5a9491e0036efc","46449010","NOSZSGyyREbdxVPLiAdIkCypsSUnyYLdABUhWBoGtOzBmHvTWW","rejected"
"0015a414b6f960cbbbaffd01ff5a9491e0036efc","30692558","XEyOegwWqTONPYWsNWg  nRUYKCZSRcIatSfjrQyCcekOdmxOX","accepted"
"0015a414b6f960cbbbaffd01ff5a9491e0036efc","1395571849","xkDynj oIVGByhLSIhiDfjBSyAeciuexybwBrTcuGRqhXJgBQc","rejected"
"0015a94fe96415a37ae68784affde78094cb7199","2214211539","XzvcirteIOBzxxHbMeLTppzSoqixauboHECqhEKUc yuGweXge","rejected"
"0015a94fe96415a37ae68784affde78094cb7199","5065611","TMuPwGMESoLVijFzuFeLcTbNgPsAlyxAnFkvjUbDUQFvaUOzDA","rejected"
"0015a94fe96415a37ae68784affde78094cb7199","8748397","TOfNDEgUQM DlOztkExKDwKSvsjipClOscwtFkCYmIwCFUpjLy","rejected"
"001613f69f15f328a9397ddb785316ab496bb9cf","1690695","aDAENaUAVz tnSvsxrMFbJOPEqBXvdZoIAssTVVnB skuYTKvS","rejected"
"001613f69f15f328a9397ddb785316ab496bb9cf","145455919","kGLsVpowyyOMgmkBYtyeav OuKHnfYhPWkBwVctsxkh TNNyRI","rejected"
"001613f69f15f328a9397ddb785316ab496bb9cf","3214961","kMsiGTNoSxAEYFi JYigogLZqhoXkuYaBrAKvTzLLEQRSMfZEE","accepted"
"00163b1287321eab6543c087f866f79f6c743ddb","2204634","mXRycqyoUmeAPolzQURUVfxHRVDNsRCdSQOqKcIUzGs  KUbh","accepted"
"00163b1287321eab6543c087f866f79f6c743ddb","2222439","LLJWX FSTMvGLBGLTysRXLJrIQUinlGNWiGjdWdvicWNWcgFJG","rejected"
"00163b1287321eab6543c087f866f79f6c743ddb","2110165867","BOLVTwlTtdkxdfQWxDCEGBQQH BYpJIZoLDvQlYBSRnVfNuydk","accepted"
"00164f748c4fb0d467ecc8d09c64f8b9be9865ed","7794901","pFqpxsAcgeCildvzdQLRYnBShIjbXvNslecZaeuOwbxCbFueXy","rejected"
"00164f748c4fb0d467ecc8d09c64f8b9be9865ed","2114092480","qwNZMdKoEscdheM zTFHfrqSTXQBKpMsUezSqOaZYjI hxdPdQ","accepted"
"00164f748c4fb0d467ecc8d09c64f8b9be9865ed","2121355885","jKR JsqmryhVoyBivMIGTjfqubxjdSDlSoNeCYfpp yDwMquwt","rejected"
"00166c2a097cb167dc755ae7b756c56b3f64a7b5","2609367","MPEcIQjgxaUbBZruySjldT iMOAxyCAWqAddNgs RiVmaaTdNI","accepted"
"00166c2a097cb167dc755ae7b756c56b3f64a7b5","50884272","xlXp  BdJuhbAanzUDQLLLYjEZtuLirkPDzTTquTwgaUCUgGxt","rejected"
"00166c2a097cb167dc755ae7b756c56b3f64a7b5","1798072","SWGRWGvAgzRGXllJklvqEoHtGkHFKmYfTKPpHqAlJBmnwFvPrc","accepted"
"00167d65da25589d88690395e70d3a84497c1d43","145613514","vXJUBLzsahvhrrWPUejWAoFghyVaoJeiXAkgwf daHzicMafrI","accepted"
"00167d65da25589d88690395e70d3a84497c1d43","3269662","IxHGsGi FmVpbKyneQaQoLHwiRqSDDPtExrmrtrwcDPqtkfqyP","rejected"
"00167d65da25589d88690395e70d3a84497c1d43","30841195","tMMJDjlLtYzUHpwOiaDkzApUPNDzyTSKHaZSoqhhzRmqnBPlgl","accepted"
"00168654ec094de14cbcdb3dcb6945eb69d9afa2","12841431","LDaUwNTOlvmPnoRsIGYyQCKcOzCqomMGqG kMUrZyfyDLumuyV","rejected"
"00168654ec094de14cbcdb3dcb6945eb69d9afa2","40116153","gKzrFvJxErdoCQYslPSItyWxFGnIUbhrDCqQOffQlPjQNKmnCK","accepted"
"00168654ec094de14cbcdb3dcb6945eb69d9afa2","3237539","yTRMftiDzIpwhJlXMqOytjkimkeUhpqBoveQFFxpDuKGMkTuOk","accepted"
"00168bcf3b8bedfde0e91b451f782f3c38302caa","1784109","KrLsFWyftZqjwYW wSuueoAoFpSEpkjiFPlBEiqMuAejEwCyvP","rejected"
"00168bcf3b8bedfde0e91b451f782f3c38302caa","2115870212","wYRgPKPElLHFiHU ZrfEyOnno vVUiRpCJsNbgLMsorjvBZ QL","accepted"
"00168bcf3b8bedfde0e91b451f782f3c38302caa","2107267","YTTPL vqjyTpJSJlllLYjtkCSXR LZYTQxjHbueddiSZMQNVGf","accepted"
"0016a7163f8ef6099a367b4fe7b3fd057788decc","1678618","lPtCCbabDcHfyhoufOyWEsRqyAVuzflvn s YwJwUUsvOtUpVo","rejected"
"0016a7163f8ef6099a367b4fe7b3fd057788decc","2232336","orhMwFscLfkrns MgUzqBYNiBuWlClNLRjcgVNlsVcTFzNYvG","rejected"
"0016a7163f8ef6099a367b4fe7b3fd057788decc","3009268","OIlOrYhWhrluXJQflbxmHrFKoJwavLiHQPbABJTdIJmFaEoxrx","rejected"
"0016b3cb42c5c401cce5a79bc403a24bfc1249bd","69892195","sPpsTuUtMSdQJbTemclBAcIHNULccrNVYNemlalAqYm skELfi","accepted"
"0016b3cb42c5c401cce5a79bc403a24bfc1249bd","147417100","qUvDS cXuvPesxaCrVjoQVDPUrPpHiQWDJPmlqizWCuLOFahsx","rejected"
"0016b3cb42c5c401cce5a79bc403a24bfc1249bd","2422292","bWhRLlgEi miGLmUkNCQdwBYWVTqztJpfcstSCyINTeAhCl gm","rejected"
"0016c8f1b62efc7123e6bd52ac651f324d5f8d6f","48670402","eiYMYaQvlEopXmVVRdVYKkgmpPpgompIpmzuKRXEhSDKBCSHpn","accepted"
"0016c8f1b62efc7123e6bd52ac651f324d5f8d6f","1799178","yjmaDTGDlRiVoaWeIuSewRhcdMJIREIcxKMiBWoHBGBhRSpjgK","rejected"
"0016c8f1b62efc7123e6bd52ac651f324d5f8d6f","2153647554","EiTacvbuKQBDFPAUxmvCHDdFEWHEltfCdplPeJymLrdb  ruZQ","accepted"
"0016e231a1fc8488880fdaafc6e5c7f1ca4289b9","2087926","YsckrPKR iqoMKWmhjfyOvjKiXCZalSfUZfNYlMZtXtpIOGByp","accepted"
"0016e231a1fc8488880fdaafc6e5c7f1ca4289b9","10738155","prlCPbknHSuJXkhhZooqotVmhhQiuXpJXGHRndmbrqXkWSEQ o","accepted"
"0016e231a1fc8488880fdaafc6e5c7f1ca4289b9","2046998992","dVpDcNjIkLYnJRFFCclvyRrBgRFCWXiqNRDmMpRBuoQtdycaBu","rejected"
"0016e6b2d09d27d333e71e09e0f16e4736861551","2108279583","keaIDNKelnrsOJiLCqncWwfiKMSyTiLfWglHZFLb adRmOdbIc","accepted"
"0016e6b2d09d27d333e71e09e0f16e4736861551","1715864","YplxuSkVtTJzuJNOrcEdwGVFvV QzOhaVNgHTiBOgTZpmiaEbO","rejected"
"0016e6b2d09d27d333e71e09e0f16e4736861551","2181811791","jUKGJMCRtUUFaosbNsJXigLjFIQbxOavYQHqrqIRorzUuEMFm","rejected"
"0016eed60347287aa17c82d1ef86c836d802a01a","32640008","PYQOVwRwWqanGELnECXjBYIssGNlcLgULQbRJHDKXlcyfdbrtG","rejected"
"0016eed60347287aa17c82d1ef86c836d802a01a","2136132361","euVTDokUpZGpNmHYAtrvAWhiphKIehPKcvoZGtGdVaPYmCNB t","rejected"
"0016eed60347287aa17c82d1ef86c836d802a01a","2451742","yqCnLEEIuoVExeWwnHtFIEoWcToSHBOIeCvNsEJSKK fAtXT A","accepted"
"001705725b953eecc62e88c352c494b213bf3537","40559862","xPnhzBnQsDRuUOIuNjTCisHsrLBA IWVfnVhWZNMuimOwgDyxF","rejected"
"001705725b953eecc62e88c352c494b213bf3537","2153465557","cGSDrANPAQvOqItPFylaKljFhvLNEOIlvjKllPzEvRDyLYaJYc","rejected"
"001705725b953eecc62e88c352c494b213bf3537","2110199755","HMPQgxcZRzwCNIPXvXoOjKDsqaUZMrMtbACbtjRJMIHEYgWYPO","rejected"
"00171e883aa5377444a13014c66b0ea7f23a7a4d","9178919","GZQdfLaIXaKfZkpQRwaMwaZFzQudrQiQzhfjqSgSCbiSJI FIG","rejected"
"00171e883aa5377444a13014c66b0ea7f23a7a4d","5190217","cexupYwohEnblWtc oduORvlpBhBnajMVVczXwAfpLmloKHPkm","accepted"
"00171e883aa5377444a13014c66b0ea7f23a7a4d","2251877","MzUQdfbiPJlyDZptqWmCFJtrechVbChBeFrBgphRlFHE tuTDk","accepted"
"0017aa6d6ec72446992e4de4e88444d7463e6eef","40449690","yZydtrwAKjRbgUxCfygBjroAqJCyNEGizzBfLPC spfNg QPnY","rejected"
"0017aa6d6ec72446992e4de4e88444d7463e6eef","3009268","JtPlyEBOimefUXopludIrCcyTSy kawcftTgRtQuTmenROWmOI","accepted"
"0017aa6d6ec72446992e4de4e88444d7463e6eef","144492514","pZsRIeYBxTyPDHWrrNtqhUvuGVcqOWWCWPNodUaTAvDHXomkYx","rejected"
"0017aeb0c049a383d962399d26100ec2bf5cc7c7","2368457222","PlieMDGUNilZyh  zUTKStUleAXgZLozOUGx ZGljJAUNfHZVI","accepted"
"0017aeb0c049a383d962399d26100ec2bf5cc7c7","48642588","MMujjY lTzlkjHgJEwGJpJotpVmCT ebwRcELIetJNepAZpHdU","accepted"
"0017aeb0c049a383d962399d26100ec2bf5cc7c7","2078621771","CwRZCConebynLXFu enUtTqcbvHVICKFnhqsVaNSRbZCCsHkuz","rejected"
"0017cb33a62bb185fbdbcb7d83729816f702be17","116259389","lyzGhS SALTTwqGuFhNg xKxqtjwfteUYKDErEWimYAxKtArav","rejected"
"0017cb33a62bb185fbdbcb7d83729816f702be17","40056275","rFvzSZsstZNrpbayRLJtUNvbaznkbKoCsBBFOgQHWwyQTLlgXb","accepted"
"0017cb33a62bb185fbdbcb7d83729816f702be17","2577760","rbiGbJcLZfMC TCrjpDWNIodjjrTEdVmvihdvfZYThBcyVkJIK","accepted"
"0017d48b5ab9a09b30e2eaff8b4200da67b5cdec","51306401","TonwlNwwpQwUqqTtQIkKSLjvEcJDXNFafqGxMSfDNRIVUhngNR","rejected"
"0017d48b5ab9a09b30e2eaff8b4200da67b5cdec","145351037","EKnoRDHRxtZcfZNyneRBZhdGAoCZkGjLEOzZaGAKnFjgULHct","rejected"
"0017d48b5ab9a09b30e2eaff8b4200da67b5cdec","2815999","VmsltlgxMefFvCAyZWzpRNYaSqjmtBFVxvEPIiYYIdFjGcOmhr","accepted"
"0017ece1f39a0ed3a054697e87bc4d92c52a3658","145593424","lwCUR rKHu JNuwMbGoGrHQGZQmskBclAThzOzzYQiLHKxRLrE","rejected"
"0017ece1f39a0ed3a054697e87bc4d92c52a3658","51436507","rqYjMTPweaiyODEuButAzkqVElJbbtycrNAQlKfRHzerzYpFnX","rejected"
"0017ece1f39a0ed3a054697e87bc4d92c52a3658","2835378","fRSEL NZy Zm kAVDWTjvPef PVCpvZoTeWmnooFnMjNOxjxNo","rejected"
"0018149bf1e1ed66e4261077eeb2415037725d69","1871080","FLyWdEBLOSZSZSvjwwvRUQpZXTMyIUBYJXLrhTGbqPLOYnTAkG","accepted"
"0018149bf1e1ed66e4261077eeb2415037725d69","15578110","KxZByeesKyRy SXEYypZFpsheAbRfUNsgCBQIrzRYIbkvEmGSe","rejected"
"0018149bf1e1ed66e4261077eeb2415037725d69","144041783","NnobhCSrUfAeBoVEKdruzeNUwbObqZWQOIPQsXquPbAjObxjXA","rejected"
"001829059050ce80386405444f02251ddf107c35","3409334","IjiCzOvzwzSNVDyIBkZpXFHzTsVwXTZjjFNEUnhxMxROpDLDEt","rejected"
"001829059050ce80386405444f02251ddf107c35","51367560","ozCTkhIcwcnhSsWpJRZR TTxLNMehpncxhcSvarHxRaSuobCQj","accepted"
"001829059050ce80386405444f02251ddf107c35","2064726146","aAMYQINOXUtWuZypxJRJqZzddtCMmhwVmKGJIwfNxMsxMXlrOv","accepted"
"0018712ce094ec83f4e1e8af21d96b633a8e4e4a","144279278","qYEOvWoyWYimtJuwvzNcbLyGNbupQnTUAHyQWKgXMJWLbjLiEO","accepted"
"0018712ce094ec83f4e1e8af21d96b633a8e4e4a","2071891390","guiAwLvynZaowxZppG WlcFjgNaBsnSJoaBDEgQloPGuyUzvLU","rejected"
"0018712ce094ec83f4e1e8af21d96b633a8e4e4a","2156071890","HWDKaFhVUGNCRYzxsgROaF FafFRxHTQwHsluHCSAqOwntlTSc","rejected"
"0018b02a968c3e279c83be92224b525ba8360a40","145710131","VvdSJXR cNLoELOVXe vTxRXQlHJpImdbBxVynnUwLxLCllAXk","rejected"
"0018b02a968c3e279c83be92224b525ba8360a40","48670402","mZJgyIchDsslTPkIilpGcGgNjCXlwqZmCUrAtOhOYcpiuLnTsH","rejected"
"0018b02a968c3e279c83be92224b525ba8360a40","1761543","qrSaYfjMPpFhIkKJu ohuxSkvJZHePSpXldVyhpaznEjPGisTi","rejected"
"0018dd504c73f1b3db5b385d1b38639d00e155de","102691613","fkRvPkmpiyUZHZbLRcupbiqKO MZrCEzEsJrL GTqmoXVeoHaK","accepted"
"0018dd504c73f1b3db5b385d1b38639d00e155de","2116432607","DaSKPnhjBMmC RRokneFRWZyIYsSEjHyrBsqAGeXTvyLsAgMue","accepted"
"0018dd504c73f1b3db5b385d1b38639d00e155de","46495033","cySbwxKLjmymnDWCxcYujFxZXOsGzlODbnezWFFLMSmuIYKJMU","rejected"
"00193425de20a712f1ca2b6127139dc6d991e99d","3207378","rmBGpsIKMtd YFmkRh MtpNuzmtwmyaWADuJ tVJcBODgSoZRf","rejected"
"00193425de20a712f1ca2b6127139dc6d991e99d","2410176","wQYrNRZdQvSdcCeICUkCyZWzVUsOhkmZCAeswdmLDvrPlOOByg","rejected"
"00193425de20a712f1ca2b6127139dc6d991e99d","2272167449","YTeOAHZofzYfUKQQplvzDzzAXSvhBMSxmvaderioFOKZKhf Vk","rejected"
"0019bc95c5990ee38ba6ac3ffcf106f40a8d5a48","2051654659","DmrYuZHJaLZHXaDgENnAZUNZIvojxPjSjRgNMlOFHNynNc  gK","accepted"
"0019bc95c5990ee38ba6ac3ffcf106f40a8d5a48","2182290895","mYZMOstreYadSrziOpLshiRgpqYyXOtzrcCWrbFoiURvfFbMIr","rejected"
"0019bc95c5990ee38ba6ac3ffcf106f40a8d5a48","2587864","qdqcEjJa tfAmsOhqfGwNCcmTkCOAKGkonveRdyyWrAhKbapVL","rejected"
"0019e900d4747cc2425a6f455f95bf25a90ff2e8","2835378","JcueGhUWPLMWpBOMqHZrpcPHVZMNRkUgoPXZGRChdWrmOxOdfe","accepted"
"0019e900d4747cc2425a6f455f95bf25a90ff2e8","144492514","FXtPMQrnhfZMryRkmyNAnUBkzQuMtFVhjtdMFCbPKubrnFaJje","accepted"
"0019e900d4747cc2425a6f455f95bf25a90ff2e8","37278009","dcxpqfZDFrkqhuBbjUFqeQULlaObWSQJuWzhaSAfRfKqcpRGCP","rejected"
"001a30ecbc5bac45f79e54b82166db6d947da917","6963108","jWjnALpxBFnbHdJucmmgeNlOIJeCVsGcztsbHxhrzPb cZIEFS","accepted"
"001a30ecbc5bac45f79e54b82166db6d947da917","2040404","arSTeQvvsvUbpJGOANdtJnRJGKNpqEDPNczDw BgwAIAdNglVR","rejected"
"001a30ecbc5bac45f79e54b82166db6d947da917","48850265","imvDrjOznsVumhPhUyLiVwKwfupHfpkhCwvXEmJzgUOzRicKmY","rejected"
"001a7d9414fd86eab8232412e16daa691867aa22","48003732","kmShEqOcBccvhsHMwtKPdI WWYJNsicfHuMabfolshdtQKYBjz","accepted"
"001a7d9414fd86eab8232412e16daa691867aa22","2068196446","a IzppoqCLbnS RbHyphrnptthGcTqipIfccshoQkOrzkkmBeF","rejected"
"001a7d9414fd86eab8232412e16daa691867aa22","14458642","dXRKeFjaOOnMpcuZVIIJroCQdHHRMulDScJVhFSoFaCxPXEvSU","accepted"
"001a85ba8c2073ab54733d700e66565ae5185eed","2405573","s XZPOrzfVQSwmgahbviwfAgqcLNDeBPRruiaQRaiOwNklnLTt","accepted"
"001a85ba8c2073ab54733d700e66565ae5185eed","2108126458","QBzd cNmToUfnnOPxqmsAjbJoaVDjgTiwKULsvKcyJNCMbOKvI","rejected"
"001a85ba8c2073ab54733d700e66565ae5185eed","144010127","zhxobEZMXFgcWwYCIOS XGEJLAvTuxCanKXPKZIMJyGJaIachN","rejected"
"001a970ead4cad60d22973449c8c5dd5091fed70","2042004651","cWiNFyDLkNhytMGJPtgVTanJPmGyemdOtqflIZiEBwq NWCSuP","accepted"
"001a970ead4cad60d22973449c8c5dd5091fed70","97850279","RcLBVuPG BHKPzUitRtILReduEVrdHGHsunxPrVPUAJXpTJzJn","rejected"
"001a970ead4cad60d22973449c8c5dd5091fed70","145756140","wGzr tWanJxqkzOZRTOJVnUNoCzwTHwkmtcrWGyZdyfAFQAuWt","accepted"
"00000d4e56df23367226d9692feedc579ce51f89","152418038","AHmbTayjSRrUI cJJrPZMIbHDJRyRjQoChCWgYdt hTBqDGnHc","rejected"
"00000d4e56df23367226d9692feedc579ce51f89","2118536633","avukqqCWgVGReUScwXAMfakrwYDfbgTI RAMmahUWRvDyCssXm","rejected"
"00000d4e56df23367226d9692feedc579ce51f89","14188613","zWlc rCiimgwIjDYzrYTThRXpkugMRLUOXGIcOlYjMsYfpBROj","accepted"
"00002d31a8c758062a51d9a259313d81a5eaf399","50843456","jVCFZCTaJlMGdMYQkZXlzuooxvealKBszujdFaGNaoJDynNnkh","accepted"
"00002d31a8c758062a51d9a259313d81a5eaf399","2090465630","opvAEtyEKOdcByANmcOwMJo jkCEEud YcCwrLAcixTNSrfxcF","accepted"
"00002d31a8c758062a51d9a259313d81a5eaf399","1500528552","SHSlUpLMpuzyWBbfEBhNpcmgXQkiLVNZEcSjReipzLvRURwBmZ","rejected"
"00004449faedb015ab2104d544336adfc3ffa582","2138412819","hxUZmhljdOJZAQUWKKzRndJmpKjiFFFQLLqzYPHxitjQGhBDtA","rejected"
"00004449faedb015ab2104d544336adfc3ffa582","6644408","YonDLuekgbtjtMddKGoV qFYDRZzYWSqNWoBrBtsltQWNxAUHC","accepted"
"00004449faedb015ab2104d544336adfc3ffa582","2885656","UKrtcHpNRNdvgHYCzYUGOBOgzj qcPcRDev EGIGKmfhZoqBbK","accepted"
"00004eb2f697bb79ebcc1e3e859ef1fe40e394d4","2049085465","LjjAjHQpJskPUQfjnKD PLnHEEoSdmwQklhjCHKiquGYcyMulh","rejected"
"00004eb2f697bb79ebcc1e3e859ef1fe40e394d4","144703904","BsXno taYijZHxIrMcWmDvErhbfeafbiyBrtGmfaRAAwnRYpJN","rejected"
"00004eb2f697bb79ebcc1e3e859ef1fe40e394d4","2150191474","XDGxvKmOwsVhIFTbXZhxmXzTovpqtQFtufudvFjdwuFtabMgQc","accepted"
"000070ee82b6e444721274019eb105b8d4a6015f","1692491","fcpuWYfwhGpISREpjKLAvJJgGqJflqxFCWeJRsqUzTEdcRrLST","accepted"
"000070ee82b6e444721274019eb105b8d4a6015f","1389976160","TFxfKZyOQjyIZqGTqPyAFMWlkmZusgipBWRHaxDdKlBGbiWgeo","rejected"
"000070ee82b6e444721274019eb105b8d4a6015f","2849767","IKjfwHUXqSrMGOjKfcovQMgWBMIgJHEJrBlzKj EzXXFwEEYVW","accepted"
"000082371bdfdde39b69bb8ecf48d08ac1a8a942","14360006","kCOFcUsatPTF XIphIXFKSVIjuzgYIiOIpobQCTIvBssYtQISb","accepted"
"000082371bdfdde39b69bb8ecf48d08ac1a8a942","1404649715","dvtiMtCmjjaOHhwMJXmdOIxLd dNUPbXufRQPxCocEJlWiSyVf","accepted"
"000082371bdfdde39b69bb8ecf48d08ac1a8a942","1398222646","d XcVjljBjpAIYT UvrpenEgggzXYxOWUFZbUjiaOMCkpQciqO","rejected"
"0000b51e56a41f214030f70b05087d7d3afedf4a","51908263","yAeJshCfmofSxEbDTdk RljYOul ggoRAYHGvWTVNMwCpzezSk","accepted"
"0000b51e56a41f214030f70b05087d7d3afedf4a","38775054","JUBIqMYWOwAspLqwqauOYa tPLQs kzE nnbvQanaZhYWTVOeR","accepted"
"0000b51e56a41f214030f70b05087d7d3afedf4a","145158154","rgmImJWeGcEcQgvOPeSrr siFab T aUFKfhZsWpeAsRXcEhOt","rejected"
"0000d1bb0b69de67350a110b47397e495a7976c6","2315875","dBdCIgCRhJqwztcGIdUNBaltNLqBlXycRJqNLXzfeVEzbBGqUH","accepted"
"0000d1bb0b69de67350a110b47397e495a7976c6","51166528","lkkNl WxUOpbIJWgqguYaXlRfkePQPnxrMvSCKMgghYXtENiLm","rejected"
"0000d1bb0b69de67350a110b47397e495a7976c6","86981658","hvcRFjkXdFTPPCwMujZhHXxZcGQSqmIMNMCmKYwQxZUQndynEj","rejected"
"0000e9c84a43116f3b297f1f7be2b4bce948a282","2304343599","FBtpSIDfDggxa eZPbpukNJWHkCPuervfKXdLzYAkPeMGlUtXT","rejected"
"0000e9c84a43116f3b297f1f7be2b4bce948a282","2517549","jCZSwmjYUuTadqHkYcsxUCVLPgaWbSsuTQbkEFRKacTSrxHD S","accepted"
"0000e9c84a43116f3b297f1f7be2b4bce948a282","2057254377","XOrNYtQMWLwAzwnveJyGHYY ROXzgYdoqlHcumPiKboKlFMjWZ","rejected"
"000123fcf516303018d35f4d7c275914b0951878","2023972375","We DsUZ PJWLvQEXNqxHvegeAaJpzwmmlDwfPgfpGfIRaMZNkf","rejected"
"000123fcf516303018d35f4d7c275914b0951878","144291050","CWjcvgCzfCewhRDoCuVoKpPQDximqlRzjLBNeS CiTfuRblzvb","accepted"
"000123fcf516303018d35f4d7c275914b0951878","12841431","ECGBRbxp KvIQJhKKEuqFfTerIOdAFxRAbJEXQhwGjDGintRay","accepted"
"00015cd9c16b3626aac553e00827892298b10156","2897755","sOJMEVNvPqpCBpIOaNAIJpUCvGkTjTLQqekXpApYmjxAKcpnmL","accepted"
"00015cd9c16b3626aac553e00827892298b10156","144031464","dZhPqBXZULZfyUxiMySDktJCmcHEfrmjqRXnazgtxDgNNqeLuo","accepted"
"00015cd9c16b3626aac553e00827892298b10156","1405594252","nppXGuwxaYfCSzdhHpmfFVMlAeJpBrfGvGaEVgUdPFeyFRfZhO","accepted"
"0001689e197dbad482bf1df0e029cc07175d1ed0","2739515","moDAKITgXWAUtTnmeMhVYunaHBbAtaGPdSpNgFEwNPioYibrtS","accepted"
"0001689e197dbad482bf1df0e029cc07175d1ed0","51480852","dXvCIHHlzOeyBFYjwwWqpI RpRWuNNgppGrwfhZbkIYPgUNyeh","rejected"
"0001689e197dbad482bf1df0e029cc07175d1ed0","2155843733","mwrUHxTJneDIvEgfZmXDcZDQHNJZpEEtYEUmEehMOBMOnituHZ","rejected"
"000170e0e67cae990b5cebce7f9f2f7b0f72c496","145366437","iNiiVi hxIWflpIxdGWLcXgyEeWwTq ggdufVeXndymDMY wDR","accepted"
"000170e0e67cae990b5cebce7f9f2f7b0f72c496","1789378","yNcayAiXrVZpoYVfZJeoAPjVHdvgmX BAeViqKFgcGvmGdejWd","rejected"
"000170e0e67cae990b5cebce7f9f2f7b0f72c496","2118869677","Im agHXnICjtUOqoZEPuqztVUkkSYdkUPTvZXCmMaMyZytuRWq","accepted"
"0001849c202015a3896a675908a49e87537616d2","1830838","CWdOibCEKjZbDDkQFOulPmXnkkfRiHwCTtCbPHC IdoqJwofaF","accepted"
"0001849c202015a3896a675908a49e87537616d2","145509516","OuuIeDigVUpuCINRdIbSQRmNXt cMUZHJlfIeKooBhaNxDGfDx","rejected"
"0001849c202015a3896a675908a49e87537616d2","2389843681","tlUcrbttoyghOVnjpRJvALwqovbZzvVKHaLSOZwpXwPtPFXlGZ","rejected"
"000204a4ec8447143a85e80146fed2f38e323e5c","145984583","psEMKFMQkRUT UFJANdLikeSxFjmIWLtMVItjxnebFnrpllchw","accepted"
"000204a4ec8447143a85e80146fed2f38e323e5c","49469977","RMDcAKs aDLIkVgrlTqJzXrYZ uWgPTckoKG HwJhlCwfPwgUh","accepted"
"000204a4ec8447143a85e80146fed2f38e323e5c","143973307","wOtSsTHPLzzl JeHBxFlBGobbnpjGVrCGGFmzlKmpvBtXIgxcx","accepted"
"000209cd97f65eb8cf1b2ac1d62df2d87c7ac9a2","2792352","KOfcImGAnHsvsPyghjiQEEwNTxsidjomixwhnNVhCTiBGRQNvR","accepted"
"000209cd97f65eb8cf1b2ac1d62df2d87c7ac9a2","2153465557","QZOszQnSwvcx ErhcjlKgrHWxTJwdHaTWSjqLQWJzPpdXbcKDJ","rejected"
"000209cd97f65eb8cf1b2ac1d62df2d87c7ac9a2","74934945","ZgQOpSHYrjRJTdG klfvZUIiGvAawgJKVkeTEcutjxWVcUiouJ","rejected"
"000210eac15413d5a3c33d92b804b15d9ce89530","1729312005","HfFxZkylKkiZZGPzasfORfICnIiljUseJ tkJBJTLMFvzxvjEk","rejected"
"000210eac15413d5a3c33d92b804b15d9ce89530","152270990","IbvRjeKeYkOngzgazlEgXcpnvehmksJOHezT Y wRcSFtvjyZf","accepted"
"000210eac15413d5a3c33d92b804b15d9ce89530","144270764","sCkF KyKYkYDFuynEiJwfVDPlnWAKRGLCMDaBMLBpSGfLDjRzr","accepted"
"000213374c11f45495cad8dd976e6bc62e81c59b","30807212","kLHzrwAugYRnUcyjuRqNAVAFzkzPCIAk XFaIpFdCALAwebgxI","accepted"
"000213374c11f45495cad8dd976e6bc62e81c59b","143775263","WSOnlOMTrpvqaCgCMrTYFsvQXuToMwWRXsNykIn NeisStqqBp","accepted"
"000213374c11f45495cad8dd976e6bc62e81c59b","80378192","se UhUTgvOMMwMTFYoAjnYoKHZwJYBAeKrcLwaAaRVsQSJzuql","rejected"
"000232d0b09bd67f6a840d0a7d19b4654cb7fee9","2341329793","aESkfAaryBibsoAHlnRlYLgQvMknSuvWFlPEnAmjrbdY jInjA","rejected"
"000232d0b09bd67f6a840d0a7d19b4654cb7fee9","9153980","tPPUoSnmf WQPtpLmjjwLzaKO hjPGwbv CvpHHBVtfKdSW l","rejected"
"000232d0b09bd67f6a840d0a7d19b4654cb7fee9","103230999","eLNh VcLRWrcPEfMZVGVLBOwvaQvwHlgQcKhYJYVgLV rniPRi","accepted"
"00024f57371a29002b8033e9e8566ed9a800f468","7569031","MEVBFNkQHBYkkvBhICZQXQcfkcwEUM bIPAAeMfoEWswqzCQWM","rejected"
"00024f57371a29002b8033e9e8566ed9a800f468","11197268","afeyqgokZPxGXkCFOmdCW tMMUegTbCvZBCpimYMJLJfHwPDhz","accepted"
"00024f57371a29002b8033e9e8566ed9a800f468","24576981","UXjMJsOQcHGpYGprivhdmPQZOZpNbXDXTrTObnWZofgrUUIcMr","accepted"
"0002e1a8236e0fa095f45068e1c51b5a0e7ceb75","9233924","aqJGhUHqBWI OkvjWUMHPsdMrgKUfPEpTCOgepQushWLUcnTna","accepted"
"0002e1a8236e0fa095f45068e1c51b5a0e7ceb75","47622655","baZTxeynCQYDdrnZftnptZZvgdBpPEIfrOOehhuVRDvOHMUqGx","rejected"
"0002e1a8236e0fa095f45068e1c51b5a0e7ceb75","50631366","njskbltPVaWUehNrhPMDgupUBpjHXLPqStsULDPSRFExuTePKL","accepted"
"0002f985e76aa4c63c8954fcb76dd816a3359110","2108131361","bpnHuDlzmtYloTysV IixcxXUztKDMABOjOrPaZwHlHAtQGvOL","rejected"
"0002f985e76aa4c63c8954fcb76dd816a3359110","1711890","qqYGkphjcidfoDeHZiSoH MdoDHkMgAFz waqIapbWrjHPxCvv","rejected"
"0002f985e76aa4c63c8954fcb76dd816a3359110","1714008","rbBBtzCKaSxCGpEiXhdUwHiacfyNAZJccdLTldIXsptZkum DJ","accepted"
"000318b68c9bcf6a8c9b73056b34953377f90d8a","2168607","awHEanGljqIiDWPFmnOOYssBrfROStQAIXmefMRBnbaBLUQvvc","accepted"
"000318b68c9bcf6a8c9b73056b34953377f90d8a","3369856","WuVtvFLxiZAMLuCXdSzWuzoieIffARIa MsuStoQAQaHXlCzqI","accepted"
"000318b68c9bcf6a8c9b73056b34953377f90d8a","46935802","egafBfuZUJkJWdIycTNYaEJKdYsluOdVMZnuExpQCipi ICJej","accepted"
"00031f8681f154b917d030a8ef7451181ddbeefe","1411746165","rKfeEJMCxfeenYQdYseyJlCIciggLiRovDOBKnQIRNyUbMArs","rejected"
"00031f8681f154b917d030a8ef7451181ddbeefe","2061668713","BLcOkMvuZvytOmNDcULt FMahEHsABPTFdUcHv A hCQsFZgmS","rejected"
"00031f8681f154b917d030a8ef7451181ddbeefe","2329600","u hgCSKJHEwwhLlGgBiupsuGvZEEk izVgcDvpBlqRQuhkqXZw","accepted"
"00033fdc5a2ff0df6ae6689915d7b3cc6ba1e253","1381092885","jwkpeEsKWyCjWBeRafxELanlKRRTtGid tXfYxkbmkLzg kahE","rejected"
"00033fdc5a2ff0df6ae6689915d7b3cc6ba1e253","48485495","j MPKTagfYtDVwPOWaTgjRFAZjVrgfSekKbtpoLniOueRacgDd","accepted"
"00033fdc5a2ff0df6ae6689915d7b3cc6ba1e253","2108081238","SQPHgaoawiMO  KZkYvGUPOebvuMDJkLewHsIlnWRFspOcLadL","accepted"
"00035cc31252f46d2ad79b026d199de1dd503ff2","13688992","drHupYOdhUsveDenaFlnydtMKAoJrZvtneluKvllZftSDPfJoT","rejected"
"00035cc31252f46d2ad79b026d199de1dd503ff2","1688869","wKxNacMwBYLRKxoFSCgenBTqvmxreXuZXRluJpxXBLwh kHGSk","rejected"
"00035cc31252f46d2ad79b026d199de1dd503ff2","2229927304","VVUfTGYqkxENdXMZYhYCMotmWNBtckDZ FvNKiCzWwVYmkrhZi","rejected"
"0003830701cafa5b75da97dc28163c0bd3ac0539","2023972375","grEYmtKSMJFHZmfUUeiJetZCkDuxkEaftUvPs g XNiD KQMsH","rejected"
"0003830701cafa5b75da97dc28163c0bd3ac0539","15731574","JnYQwptBtdlXotWOzsnTpiNeEekKELQegVAZkAAXeCxA OzHMZ","accepted"
"0003830701cafa5b75da97dc28163c0bd3ac0539","2199360558","ylggpUZuTvNTUDzugqzLIsCIprpmXFyvdDrHRvhvhFmXnTjTlw","rejected"
"0003b8fef7d5e048a9870cdafdec27af129ae990","148070543","KhpVwGkREUyryqYdXYbyMYXhzDiGeanJvTbYznCNSgxLuPqwcw","rejected"
"0003b8fef7d5e048a9870cdafdec27af129ae990","1490934493","GcllEUAOutaNoXzghZdbQksQHfvTxICPPIPEGo ivjRxmhqqyt","rejected"
"0003b8fef7d5e048a9870cdafdec27af129ae990","4704127","KbvMPtscROMeXifgsVxDLzEmjpnmUyjYfbIuFvFLra utCbwGc","rejected"
"0003e82f64f0405aebf7be56088dbcaa99473859","1977427","tOHQmBuIBtBgXwgAqeGuVLFVqAOijWniWgYhkeJouPyayVevrn","accepted"
"0003e82f64f0405aebf7be56088dbcaa99473859","145002459","YqqVs rBcoLPaJoBbOoaeBZeNnKhPsFtdAsQAUFOSgLCBWLaFr","accepted"
"0003e82f64f0405aebf7be56088dbcaa99473859","2094180156","MUCfCLvfwHSnrUiLgdUeI VygRZNfWb rhjolTPeANhqfMGtKM","rejected"
"0003f09443331d2216e793b81783030a499d30ea","2815804","krtbvCbqtxkdgjvwmmAbDIHTVuuUepMGSGMzRpsMHBHcFYsKhL","rejected"
"0003f09443331d2216e793b81783030a499d30ea","144152212","t  ywjpinYmWHcoCNeQO gtgorp oJOOisWvygfNJtznQHjcIz","rejected"
"0003f09443331d2216e793b81783030a499d30ea","1380802221","AZNi gcLqgiJVwDFqOEnCaSXSuvQpzKmQbIpXiV jALpXDvBCv","accepted"
"0004032163b4e961ba7d65074af009a90d33f338","2179709834","reGHEvXhoCXildZNMVGcRdEewFltwmTv VzwhuqLMqMPLZGyZM","accepted"
"0004032163b4e961ba7d65074af009a90d33f338","48726489","DNmNdD tysSOrjFRdbYolSUHpRkMnSh aEtpuevhsKFQlvOcyp","accepted"
"0004032163b4e961ba7d65074af009a90d33f338","19172169","vEWqwZ pARBhIfrqutHpNOekLIYzelRQCltPTNkyZvmuDDxQUK","accepted"
"000417ac406bb7b38aa1cbdb7ebd10406f02bb99","143656424","DQLeCKGRrjGkBSFiTfnrLvLHluaVmUoFY oiB FIZsurrfGKnt","rejected"
"000417ac406bb7b38aa1cbdb7ebd10406f02bb99","144284673","aecwcvwnEqLDgHdyJXjzBZTEBOkSYMjYokMrsbukPEBjc RAPg","accepted"
"000417ac406bb7b38aa1cbdb7ebd10406f02bb99","2815804","DPPgnfTVYvlaEAGlfqTKExyYUWaJAHciDrbLRAsarPtsHZnsQe","rejected"
"0004355303b5962457ce9554c32620ae782a9ec8","145209013","Eqp smqyEFpojwhCtGSivFVoNoYpajKGREjzuiXZOEyktJBcXL","rejected"
"0004355303b5962457ce9554c32620ae782a9ec8","2329600","vCbVCnAXiPXFSNEqQEYRBwNoBPcKtjyYgGbROpZQdLTWuQZats","rejected"
"0004355303b5962457ce9554c32620ae782a9ec8","1411746165","C FRjGNyamBBEXzFjiBbpnTsmSrCDoazyCfoyRjbGuouqioxoJ","rejected"
"00043b84a4ffb1b7a328f3cf3876cf1b318dba39","2416913","LJReRjAyfROTucMChFajQehDFtWcjeKgOVURJaBcKMRPFoRwpR","accepted"
"00043b84a4ffb1b7a328f3cf3876cf1b318dba39","2072073873","JCfVfcUmkqFkwtUiChjexUwXBlLfNXIkLacSYwtxmMfbqUVDOO","rejected"
"00043b84a4ffb1b7a328f3cf3876cf1b318dba39","145470985","XUgHCvrQmswANtHviKUuyGEYTbnISxucJXsEt D XknCFxnNES","rejected"
"0004528af071311d31579be777afe6ed646a8737","93422197","TAjCwHpFPbOVKfEvyrVycUSFBACORZQhsUHymxGXygsFxFxIfk","accepted"
"0004528af071311d31579be777afe6ed646a8737","1871080","YtOLcuMzqeswWFhTYrBXJZrPzLBMZleigUyYrgrqQXDgckxIXW","accepted"
"0004528af071311d31579be777afe6ed646a8737","3276069","nwNVmBdOSDaodtKSQRtnqoJXYXnd FxaWFiBxPggtedhvBkZb","rejected"
"000458c2651ab147d503429f6460aa80155e8e35","1412692466","jlNlm NUCvPNHZYEkwNiUATRmuIvwVqcHzTBDZnfpfWQgSiMYu","rejected"
"000458c2651ab147d503429f6460aa80155e8e35","2118717666","OzrBtrbZqlbiBCDDKmKXKUwvfijl HBGrSNKDMIduUQqRzkZyz","rejected"
"000458c2651ab147d503429f6460aa80155e8e35","2075436217","UhtxfpjnlWAbuTHtDWyoAVVerJoOFerOqbiBKayaYiSOlFWuko","rejected"
"0004594088cdc0508fc6164c593260f18e6229b0","143893221","IfupCzQOkjgEuNHzXbJcyxxRwgIBQCzFidhURDxqYzxk KZGjU","rejected"
"0004594088cdc0508fc6164c593260f18e6229b0","2487418","VnzKdvunrLjbPnhZwraZjLHZIyeKaZKWbpxzbWVrGCkG toQwl","accepted"
"0004594088cdc0508fc6164c593260f18e6229b0","34190967","YWDSJWk kwrVVCfQCArcxjPKduHvIUVBEvXydlwybVhYtkHkLK","accepted"
"00045bbb40d70fdb126d9e93c5438fbdb73fe9e9","4167636","dAszJrSQymsCNpKIBclHKaaptZnUGJclmDLLFNaBciYkNnxyUK","rejected"
"00045bbb40d70fdb126d9e93c5438fbdb73fe9e9","1716963","JLJFhHXSXVjzRMgaKYbvzcdziDTgTaZgOIEoHkcD NzcAZQFom","accepted"
"00045bbb40d70fdb126d9e93c5438fbdb73fe9e9","5240460","CZTePwKJBaPFrvBkYQ Db i OaUUnkOeZRJqHdYyHmZAEPOIvo","rejected"
"000466daba9f58e64ae47de20a7b9d1a17945fb5","2118929325","ZhltyUEDeXsHhCvpdZdZgfmCQiqSYzGvQAOrzBtxGuvjcONGrZ","accepted"
"000466daba9f58e64ae47de20a7b9d1a17945fb5","3097289","IxMyREzmNytLZDIqIlsIhkrHktZlnFM jbrPZxhYLtnwbMLOYX","rejected"
"000466daba9f58e64ae47de20a7b9d1a17945fb5","2638758","NeENCKxOZGCaVqamkGmjexBBGTCBHAXmwNDHIeizgOFoLMspGH","rejected"
"00046ba24f0f50460183ee25d972721f9e0e5fe7","2178647329","ayndYzGitAbzENMTQgfCTKYRxnQZRezpHREswpqTZmsqgsGOxC","rejected"
"00046ba24f0f50460183ee25d972721f9e0e5fe7","1706883847","HuzCvzTqpXuTvHojIOqkkXnzoeumUqFMBkBWuvFjnMFJoeEchs","rejected"
"00046ba24f0f50460183ee25d972721f9e0e5fe7","2116746444","FUiLUGVgZkHIXpJYUXTCoTJIksTKVGeCsUmsbUlnBbDAEbcAzP","accepted"
"0004707356153e24f31546a60734bb9d3e7f76af","34296116","kNwVMMZQzxCUSCmzvoOvCmeQCOxOSYPQgIo v RhDeLOeVrWED","accepted"
"0004707356153e24f31546a60734bb9d3e7f76af","11248626","jpMNKobgtoEZSrhUDjIoZhtZlOGlCgnAwfFtrIdHNcdNFaMwKD","rejected"
"0004707356153e24f31546a60734bb9d3e7f76af","2067465980","GkeRaJnJlFcNrOJzCDp xRGVOxivyojcNqrxPyswjzNIkQrUhG","rejected"
"0004d335a3d349521bc2df687cd38b48d3baba22","3157588","pYdPvuoy ElmYmCnpzmJFqPNELtCSycqqAxJLUwGpNZrkqgOxs","accepted"
"0004d335a3d349521bc2df687cd38b48d3baba22","1401267545","BFHnKICCzzZNestOgPP audYCvLtkPnQxkNdLEgnXhquRLfPcr","rejected"
"0004d335a3d349521bc2df687cd38b48d3baba22","3449207","bLbJgbYLhkEUTaRLvWozoREBvGxIZULKvHEybZiVsJBNfDzVmT","accepted"
"0004e150d93d52624a2caf7a9d37e2be9d4dae3f","2094311","abVAeYd kTgLRztdaFqmVDwevGRMnTGeLxDTF xq ZPistOhs","accepted"
"0004e150d93d52624a2caf7a9d37e2be9d4dae3f","47684189","G dBMFDRHRJrIrSLyKZKKWUfDuKyZJUYQMrSRqpTyPHbfZJQWL","rejected"
"0004e150d93d52624a2caf7a9d37e2be9d4dae3f","145257240","eBONdrXkvHmrCWwZgYyejxvviZLPzBRkafEYmoOCavhFWPoNJU","rejected"
"000559ddec47a6e2f1b06829d1b1c2f73270b55f","3037568","wsOXjISPxMcrVNEAFSqXSGYYFxXzIlrEkJHdSKWtrZXpFmPoTj","rejected"
"000559ddec47a6e2f1b06829d1b1c2f73270b55f","2137936","WBfC VXiPkMPIPErSfHtJtZVwdbsXlYyYjwvQSVWxQdrmrn nz","rejected"
"000559ddec47a6e2f1b06829d1b1c2f73270b55f","2121562557","PmuNkKxwcKBnLcLJWipZvSXgygVcjfPgovztTkFhfMPCGjmzyL","accepted"
"000564cdac9f3cb46ca1770b7fcaa6f65ba22620","144999310","cswlquRodrhSHYtMvwISfystIUefnrmiKoQEVcxulwwrCrqvzh","rejected"
"000564cdac9f3cb46ca1770b7fcaa6f65ba22620","2108649890","KiCLkPoNoOYeyeEdEgkcrAuiDgrIPdAYrtsTe oZlaKlcdZJCo","accepted"
"000564cdac9f3cb46ca1770b7fcaa6f65ba22620","9425136","knfRGRwMJJsgfreQmgrStncAbOoeXREgkvlZrSTASBUnooQGdI","rejected"
"00057d2761e2c1dca09ec51ebdb6af30a38d243a","50661613","vvFhmUSIKrheBGCQPaUL BvxSZRXjovtAyoPSDuwEwHzDnllSU","accepted"
"00057d2761e2c1dca09ec51ebdb6af30a38d243a","51347067","uViImFjLvjUQzwTNesyMpeEGKcXTqPl JpQHMk tKaGtSvAYgL","rejected"
"00057d2761e2c1dca09ec51ebdb6af30a38d243a","11735268","AiVOHLdyuJzPhZYMGG egZHegNY KLhHOqqzrXlnBalMQnTSHG","accepted"
"000580e35c32ef67e754fabd2aececf47e0cadfd","2081776","rtUKdxbFwPvmSPJLXFFqAqtMMAUVfWnglMPFbdnlAdFgmxNxLp","rejected"
"000580e35c32ef67e754fabd2aececf47e0cadfd","1986860","BrYtNfLeLvpiNYoSCgFZzLqqKqjHwBwCBcinqifzUWpRXnhBo","accepted"
"000580e35c32ef67e754fabd2aececf47e0cadfd","37159328","ZYZSqCaVFAoUjWgCBiGGP gKtUSPbRoAaLsnvwHWmJbMeaeRxR","accepted"
"00059087c954c1af6ece33115315e3e0ecc2f2c2","2108126458","Ax QDHKerYjfOOJoioGEHZMvmzAHRigRvtrrek tCJtJKtBiFv","accepted"
"00059087c954c1af6ece33115315e3e0ecc2f2c2","1796886","CyDGDBbzkSgQNGpXQNfSQzYwqfPFdPZYptQgVkKpYkLfCGjAM","accepted"
"00059087c954c1af6ece33115315e3e0ecc2f2c2","1948247850","mPiSyIcxAAFOlHTaFxZKeVAkpHfbSMXmKwEWbFb MFdgQXlDRa","rejected"
"0005ba64c6bbdc29fc88a4d13e40b4827afc2168","49354015","alKSvKcGdNlaORoydnDwMhxFl icL SaDCbogewqkUdsbznpfk","accepted"
"0005ba64c6bbdc29fc88a4d13e40b4827afc2168","145158503","xqTLZVpMSferhziRViJ LzGchVxEymEbJNEixLNeLXoVbHjrDy","accepted"
"0005ba64c6bbdc29fc88a4d13e40b4827afc2168","3426706","sFiEVhdUVir sGsbEMyqAwvhqjnrWsBDEHgdAkRMTVUIirVSGH","accepted"
"0005cac072d070d4dc24149d0992630525d22e76","1500528552","vQN NLgWFhYfyWFQBvswQqTBEwiPeMDtYaEdsPSQolitzJbIou","accepted"
"0005cac072d070d4dc24149d0992630525d22e76","31330222","QVzsL lYqHHNlBCRrVWLIiuRJASmBNXaz vDaWUUhLolc wHBR","rejected"
"0005cac072d070d4dc24149d0992630525d22e76","1718186","XMpmIfOFqSOiPGsVB rYTwllsmfKjPrgeZWtPgOEVeWnoizmh","accepted"
"0005cc2c9d1fcc8d929b16402c983ede6146057c","2204839822","WskFZDTWTQAEXlGPIqCTIdInfnNzGd lZktZGBpFpzYiaNsuAl","accepted"
"0005cc2c9d1fcc8d929b16402c983ede6146057c","1706883847","njvqwHhkKAEIZgvh fSAQgKhFSEPwUcVFPh sLbJSPuPDsnVeH","accepted"
"0005cc2c9d1fcc8d929b16402c983ede6146057c","2049084421","bUvYxedYmNkFPGnoXnUxOlarmwkePumBFDdWGLzmMkba AyptQ","accepted"
"0005db3f7cbffb7ce4d4dac237d273caa0eb4021","3001727","vfYGiysesJetTLIjX UuvkVzqJaNWzCyUdesztLYLunPqzKICP","rejected"
"0005db3f7cbffb7ce4d4dac237d273caa0eb4021","1942842","b QWxgfoeUKrILrYhXBHLAXJAzScIZxdWAPYRBzIuyWLVGRkLt","rejected"
"0005db3f7cbffb7ce4d4dac237d273caa0eb4021","1398246592","WpZLgHTmVfeKaCMWPSTDfpSVYHlDADDTKncxiolLmMQjucjLcL","rejected"
"0005f6f86cf6b2e1db1978fb9f15f9a9e23bfa39","24576981","x KfKYonTaUNyEAFEVxofkPhrylSVULfcDbmlm kblkT rWeWv","rejected"
"0005f6f86cf6b2e1db1978fb9f15f9a9e23bfa39","33899638","yXpuLgAShaUgxDlroftmOsedqcAAZJGL zxTskAJUXuDfxJLIA","accepted"
"0005f6f86cf6b2e1db1978fb9f15f9a9e23bfa39","2115462408","JD dAmUZkDhejPFQhSOlKcZxhtMHJEoRqndIEMlZY ptAOlQiB","rejected"
"0006001e7027c881d9715ea457c3fbb2dde761f7","2363517284","WgFFVXNWsGdVNcjbqhwsNSvpBfFqmAcsBpgPWLFNmwVnBNamUx","accepted"
"0006001e7027c881d9715ea457c3fbb2dde761f7","3280431","EVLNissqRgTSSjBaiWRSEzJOntBZwgabqkbBogUnVckwpzYWGJ","rejected"
"0006001e7027c881d9715ea457c3fbb2dde761f7","35840688","GGx XodkTJTOlmAEdhIPKryZURagEtsTHJAlSyAsKLvyLcecVP","accepted"
"000621a67fa7b6ca0a0d3240e2e67d0db2581682","3045932","FRldKjZAtBGgpCzXbOUNzEVpeE QmEqB YCFjNiAcGe QwpWJB","rejected"
"000621a67fa7b6ca0a0d3240e2e67d0db2581682","116506705","cVWZwqKhDVYzhREMtnAjAXCnddRzaRoZQPtuPpmRXhgnbkhefI","rejected"
"000621a67fa7b6ca0a0d3240e2e67d0db2581682","9730829","OOXCTppzFE oxWNUfMXYIcHJbiQpSJaqpwisbZGplzmGaNiOhF","accepted"
"000625595b3d77c4f9083a91a1b3e6e0325b18e1","46617919","xBVFaGhnIPpfeyEQWFZNm ZxgynPqNPGarbOSOavlNaucAWZHf","accepted"
"000625595b3d77c4f9083a91a1b3e6e0325b18e1","31081428","dGbnvCWDi iYGJCtmCJc gDXLERrdmghFsbjmFhErIhalwAWtx","accepted"
"000625595b3d77c4f9083a91a1b3e6e0325b18e1","2110905","vuTVsFXsBcfabzVAmLyLERSRiuQhKIwQsQxqlEnCaEjFiqdgGT","rejected"
"0006350033ebe684682a0d301d4561cd401e9eae","1762931","CzyNUKcZRhlCcTNrXaQawLyogRAdIvmpfqYPYguQ AYQKNvVSU","rejected"
"0006350033ebe684682a0d301d4561cd401e9eae","152993384","RMwFB VsXEBeMMNDHkuldweohPszUPCfhynYrQB zBFVOFCpWh","rejected"
"0006350033ebe684682a0d301d4561cd401e9eae","3908788","kkFCyfUeoADEKPGsDxbCVVGMITTChbMFeGOONXeTE oSRuwkmk","rejected"
"00063ea0239213bc9402c9682a222416b404220d","2061495408","QeCxuRiqDaSTxwebmIsAMdkgDGjpfYWMFrA gBUwqPdQKyFjdK","rejected"
"00063ea0239213bc9402c9682a222416b404220d","2108095751","fYAMnOdmmatsKqQFQKuheYZWNODpsBetQnrCmHtOzHZycppxQX","accepted"
"00063ea0239213bc9402c9682a222416b404220d","2182230504","jXXqzBsDrrXwCHGVquaLcYHZMTwGpfhqDFIEhChvQ PrZNMUHV","rejected"
"00065088f8ee53783d127a3c78369ecf73130c18","34550940","UEtrpleYBIxRFwFZDSrgkObKVixACcEHPfSfgsEJslpSsafWBg","rejected"
"00065088f8ee53783d127a3c78369ecf73130c18","50348526","dySEFBzlXGHiTECvGeOPuJvBttyojDhqjVBHCgIj Oc fhotO","accepted"
"00065088f8ee53783d127a3c78369ecf73130c18","2187827517","YLxbHkLgldYcZpuCwuSUsiDlCGkLTIdBJqkcGuNDhsWInlSBDt","accepted"
"000651c8f5971dff64d5cbeafe7302a53895823e","2149170343","wfBaHFdmoUHeoKbjcLpvqugtrWIhlAbdymJDrnYaAhcUuUSwXz","rejected"
"000651c8f5971dff64d5cbeafe7302a53895823e","66973871","MeNzUkBdXMnBUEruuHamkPfeQZbapiluNXZGWFwLMZzKfBoJOO","rejected"
"000651c8f5971dff64d5cbeafe7302a53895823e","2204634","byGEgvGZRBvANlCoKOuOOf nopnUEMHaydBxNHnbldRsPjZrQC","rejected"
"00067a04e069108d277706765b2751640c14655b","1879314006","SVLTsLTDBQabxpjLfVvQvhqkIztNxbnoyxhCNvHvxmkTfAhyqS","accepted"
"00067a04e069108d277706765b2751640c14655b","2108263472","PHrHlVSpYdUTnQLfxkkFfjSqZCIjLUqQZBHUeCQtmbTkXYHiCm","rejected"
"00067a04e069108d277706765b2751640c14655b","70898653","mQHGA yRuXMPTqCYwzsFywTQev KczfZrjKucJjL LFmIvjCoH","rejected"
"0006a50dcd757a828cd9ffa09a5637d5d2ffe739","2042696323","dnJEWqgYFZQpnZRKbqWdfWNBwvdIfNtgHunDKVaRRAgCrRFILB","rejected"
"0006a50dcd757a828cd9ffa09a5637d5d2ffe739","2061298","ojYWZPOeUzfAKdpOliaMPKOhAdHNiOInogqLhKPvSObAroStDu","rejected"
"0006a50dcd757a828cd9ffa09a5637d5d2ffe739","145875480","SZQITqzhbxisEbDeKFEdZavIHBgBDjDMblndSCFwdiSTfuytgm","rejected"
"0006b55df4723d4d8534f0b58218a03434108645","2114746060","H JDlvJxqlFthdmnfzOFsJyXdSiKeSn XMUvIvouKIjRsgGp W","rejected"
"0006b55df4723d4d8534f0b58218a03434108645","2398245","HfVhlCwlgDDRBTYsnZqxhAEYFwwYQgZHljeadVoYvcoLEUysJn","accepted"
"0006b55df4723d4d8534f0b58218a03434108645","2370814","okTKoHLheUrbLsJjgIPLNMXxwBONrnsanFjzdsCvmEDjjPRBzZ","accepted"
"0006be30654a942ae1d2623d6b6281b1b91b0b70","2197585564","aTZtsIwoWvPcsMdYObiQkaibpEQZKuuwaNkvVQtnUXGLzqdewb","rejected"
"0006be30654a942ae1d2623d6b6281b1b91b0b70","28974163","yqTuLemSFkXsWTSvaBjJNkdeQTExz xx EDAPvpDglWU fMrul","rejected"
"0006be30654a942ae1d2623d6b6281b1b91b0b70","1733984","SkKnUVbJelQQEaDbMozpRunVfLyXGgJGuFMCCefzKNqsprQiMt","accepted"
"0006e8a96eb22b8f7d3145b232f30631a675d26a","2182290895","JcJVMoTpLrpawZIeeOAnBtPDOYmMfZDwGXdyQpeXliOAZBUVcy","accepted"
"0006e8a96eb22b8f7d3145b232f30631a675d26a","6608622","RXNbZSspGEyHYruHKLYsxGscbbZZRxQNKFPmzBjJDv RBmqMii","accepted"
"0006e8a96eb22b8f7d3145b232f30631a675d26a","48483794","EAxAdNheZURlARPdMCoWuwSzPzoxiTSsUxOJfxyRMunAwwDSxs","accepted"
"00070a204683242864da5db188513e31d3fbb5a9","1398041673","zljCJSJhGGqdwuILvGPjkNzDTDOlFoPVgTxsKhJKRrXNFwzkNr","rejected"
"00070a204683242864da5db188513e31d3fbb5a9","2254339","mnOZlkryEpGhrjxkNsYWJqweTYtiTPjHviAJEJCmHBQsOpjnaT","accepted"
"00070a204683242864da5db188513e31d3fbb5a9","40029988","FlaRqvpVnFhoqdPZFmhpeTqHCQGNkMzOOAKlWdStPGcVoZyIRv","accepted"
"0007161634e3c34be7ff33ae801a6b81684887cd","1411407389","LdSyzzmTVFPp ubVKNjstyvbFShQqJdzPabQZbuXUtKYJiwxsL","rejected"
"0007161634e3c34be7ff33ae801a6b81684887cd","11248626","XVyrknBsmMFbphvHvDhZLejEKKgFtIvPlJiNTpBtwGHSWsHrCr","accepted"
"0007161634e3c34be7ff33ae801a6b81684887cd","95034329","znvZ JkTtduuwLpbRxFmaxPnTkcXRfzXOoHlAQtGctuLXSXKXR","rejected"
"0007199210067951d66ba3316f0242c7946464a9","2313511900","zhWCDLhOnyIALRJUnLwqWOrkKBnVixlNBwyJHJvsOBGRG kJbG","rejected"
"0007199210067951d66ba3316f0242c7946464a9","1720522","DiVxxhEEfSGsimVKmdNpiwePTCbIvQI ZJQHVGRaENVirGeXii","accepted"
"0007199210067951d66ba3316f0242c7946464a9","13645563","cIwKolmJDbtENOHedXzLAotWDfCDPkUaVPJuhWCrmGYxYkuXqh","rejected"
"000739afc75da26b2220d2207cd8671c110e780b","2196838","CnhrxpBqkRxXTD WjgFsqykSvurBurNIcyvpjczGmjHZGuJsbm","rejected"
"000739afc75da26b2220d2207cd8671c110e780b","7344530","hz FeQpFPrEeEC kSIXpYhdkcykgWZiLgwvHieFzNKNWzhjpkK","rejected"
"000739afc75da26b2220d2207cd8671c110e780b","2249707","iKPAdUwkAUdxwqatIwVj eFVBedXldaB QDo hixRiCLnU YuY","accepted"
"0007599ccf6916573ced1832c662813b7802753e","1774704","HOjEPhluzIuckSjfRNcuJDPUngmo FAaAINtJRHAlSmWluSIjw","accepted"
"0007599ccf6916573ced1832c662813b7802753e","143847532","YFqqdqldEZISeHnNmnwsrKGsftAcWcYOPwRfLuwgjjVuYJIdaU","accepted"
"0007599ccf6916573ced1832c662813b7802753e","1985131","xcRHgRzQRrfqnosOjoBIyTUaEtcYBlWUoHN EUyznxLgyiRQPh","rejected"
"00075d654178c2641b779d28235c85877f475858","145544190","dvWPJUiqSsoI RxjBKDRg LUmiOZgtdYxOYaVqfdwWwfu POqe","rejected"
"00075d654178c2641b779d28235c85877f475858","144931497","mOomOcUSDaSZaJlnluFfmpXikEjCSldXhQcgdqFZtqRCovGDPK","rejected"
"00075d654178c2641b779d28235c85877f475858","26883181","nsFLcEfdZyAeOTvxBRWdouFBhMSYGRPvIWXnHNxbOMd yUsEQj","accepted"
"00078a643ac647bf5c6e5578b6d767158778c116","2339040","xqmIVkZBzeOVsIfqgGXLNClxNNtwnHmPEeRUONbufXnsdw zsP","rejected"
"00078a643ac647bf5c6e5578b6d767158778c116","50561785","pnxxhFBtC iNUKqyTUVHabIYsVyxfKQXlxcFCSjqqabrFoxrPp","rejected"
"00078a643ac647bf5c6e5578b6d767158778c116","2115242876","mxmWVnhyYuVLEshYuyfrHMMjCDtSUZDdPAAJpErJgrcjDLTWJZ","accepted"
"000798184970fba0ec374416f2e4338f2f2a9f63","2066368525","GdHiORrHRgNHqJlaSvOHjQXbfTiNAuVfLNVFNbVIgwhtxeRqee","rejected"
"000798184970fba0ec374416f2e4338f2f2a9f63","1398503958","ULJpEScZYtIJHJJUrDEvaeJDrMnQtASODtBlPbHpxEN PCNQFp","rejected"
"000798184970fba0ec374416f2e4338f2f2a9f63","8767958","bsuxkBbMYhyp MvbSifEPbPzF gOsvSzofWJLjUcYZdRLKVRCV","accepted"
"0007a2fae560ed572b601ef4f4b61fc4b0a2c20d","50976227","QjtJLLcAQNSvnCHLKrXIsFZfgXZqZzYUGBe uIlWLUpBzFYoyi","rejected"
"0007a2fae560ed572b601ef4f4b61fc4b0a2c20d","147595186","dVkC LpevkqFxDbBCHYmKTPQUnxiQaCwiKFEZmLdy UjQuPyZe","rejected"
"0007a2fae560ed572b601ef4f4b61fc4b0a2c20d","1404062245","xDcizPIWnKTkuJBjcdzoGJFYVIsfjQneSOGPTZRSbFFPAiylBs","rejected"
"0007af6fee6b566896be69f9b7c007658f13ac98","10738155","ULetNaoolxfDcbPvSYCzMQJzOfffojBxwDefjmCwOacgHmXhut","accepted"
"0007af6fee6b566896be69f9b7c007658f13ac98","2108463310","QzXfVcsETixeBQLgsXDSJiEqUfLaTJFKNsbxsQoNrIlvSnUYwy","rejected"
"0007af6fee6b566896be69f9b7c007658f13ac98","32024145","YEaKkMIzcvYBfZzJvkJqvOOZzSABlXhSHosYZA GMyPBrjlXAv","rejected"
"0007b8b92d6422cb022914a5c626036286eb1a27","1561461499","GnwSizhBRrRTPsLfICaTnlnRws JRbYZYHvrdrUezyhSthstjE","rejected"
"0007b8b92d6422cb022914a5c626036286eb1a27","1384522991","QFMnZuXNdTIwTdhyJLLRNAxbPlobDpNXaBpkXPwpztHfkyj qg","accepted"
"0007b8b92d6422cb022914a5c626036286eb1a27","2049085465","gPmrmKTAjpFBumEYCuWiFqPPPhoUkOgEeFOybpKQOCBAxPBaDC","rejected"
"0007ca068a2fda7049b4e209c942ff4346520a09","1709595","w BIWpNHwilvHBpbKRjzYuuebkhJbkmmkFUNqEow ZBXV SReU","accepted"
"0007ca068a2fda7049b4e209c942ff4346520a09","2076185284","upRlzyVpikBaoLpLYIsvQsfnKUZNWpituZXSvCVMOB WCymOIs","accepted"
"0007ca068a2fda7049b4e209c942ff4346520a09","148312427","HnhBUSVKthpRegpkOPVbiXphuZXmnmoIgOWhmBPpEEuySjGkTj","rejected"
"0007ee653e39328bdc95789d93550c15a13d0093","2065872852","uBpBSwXrFrJKqwTLYzlKh LubjCJxIHcK QR ylTgkPJhDfEdJ","accepted"
"0007ee653e39328bdc95789d93550c15a13d0093","31179962","LOiMRbxFND kfIBhGQGVyEzJ BjyKQZxoIMaPAynZotSKtccvt","accepted"
"0007ee653e39328bdc95789d93550c15a13d0093","2056904759","leZjhEDbPrMDfgNPwPfiWKtZMApAySSJxqnvfVuPIZGwNbTRui","rejected"
"000804c2b5befa7314fd4d48f32484bd6f08e587","2111300998","fdFBRdSxyGeBkEXHcFXtjkMZGQJIcoPjVEVtZQgKbtGiSKIqmd","rejected"
"000804c2b5befa7314fd4d48f32484bd6f08e587","3156839","QCmzNHbHyiUEcMyfMhUUuLYyOp AXwMkiPiPQPMLLKPblWUHfB","rejected"
"000804c2b5befa7314fd4d48f32484bd6f08e587","2374985960","RYNUgmSPVEGnijhCNTIYDrwwUedoqORqUZVgSfNdyLyBMMzipV","accepted"
"000814b52e0b3ebbf9f094c2c5dbebe372b318cb","2099978229","IyajEewPryvJqyWDawIbrkdSZHnmEOHYNijbdbYyoxFxDBPxFl","accepted"
"000814b52e0b3ebbf9f094c2c5dbebe372b318cb","2634930","FuAaoarQhWPm qzQFLcgPNQGwANQQCxecbedjKpbIOPZBmEIVi","rejected"
"000814b52e0b3ebbf9f094c2c5dbebe372b318cb","1717356","oaaMtNXyhFGSZpVmlbQPXksSZLbwflaMETKSYWYbZttMrKzTuh","accepted"
"000823750bbc5a95f88eac3e65ac32305f7e6fea","1699684899","QNnXZapzjkUVLqTPJEJksEjKQEBOZtmMOuzc zAkXcnEkXvdAd","accepted"
"000823750bbc5a95f88eac3e65ac32305f7e6fea","3095405","RsMoKSaQBqjevBCYqXfkfopHhcnCDIfpFtifkGaxMShdJxPkZT","rejected"
"000823750bbc5a95f88eac3e65ac32305f7e6fea","2179610299","x SknzeYXhNfIwhOQHP Pje dGjCCqToKdxkBJQeFCOEaVnFDc","accepted"
"000825c35788799a2962587d5dd9e64f55f9bb5d","2042482086","ZoGUdEhVFpuPL pHtAjijHdVaIRkIyvgAfLFFCgjvTynqDDhp","rejected"
"000825c35788799a2962587d5dd9e64f55f9bb5d","2364527","SiKsAGPBQaNfloNwikDMBKw RPzQGBJP lfmxcGowCRjBXyJaB","accepted"
"000825c35788799a2962587d5dd9e64f55f9bb5d","2377724","VzZWPtNFXscSMXsdsndDJvMPUGKTRQPJZTZYtHSisazSbkMBpO","rejected"
"000826718d1bdf10fd849b2a6e5d22e1dacff949","2150446978","WDYPapQymksgGWVmorfergYLnqBI WVImtbNkbNsRXgLLiJTCa","rejected"
"000826718d1bdf10fd849b2a6e5d22e1dacff949","1389976160","xOAwXoBzlzlaVofCMjTLqIxDYczGAgelaHFeILKyOcyuJRAYav","rejected"
"000826718d1bdf10fd849b2a6e5d22e1dacff949","2053979963","qBmzZsPxyxsmTsvUtpRXjVhpNiKyVmgYlRNGxUuscCfoVOjQsk","accepted"
"0008361edcc4758424eaa2a9382075e6654de029","16139053","hEdmIXRnVvRjswMk IMFeXyVwaVMqYzJKiynUVNtFp DOaaTwc","rejected"
"0008361edcc4758424eaa2a9382075e6654de029","2174133","FVpnLiXmlEyNBWljfIUtGhYnmyWVWlcWcqSwCemiKLdVPVwEvp","accepted"
"0008361edcc4758424eaa2a9382075e6654de029","40144526","dSovanMLCjGyV YKsytHrAByxMMxWdyEEslXkwMxwaqXlfUMDm","rejected"
"000867e5cfecd2446228700160d3d074b1fa9d55","34475405","bTqACBsEauHYHPBEHLFMvxgffxtVRCYUVizPtBhigoLxrGTGzA","accepted"
"000867e5cfecd2446228700160d3d074b1fa9d55","51347067","KZujyoDgSNpIesSTurNvVgtFvNLuHMTNIEYMXUKmajpirEsnzM","rejected"
"000867e5cfecd2446228700160d3d074b1fa9d55","2587229","WaEQZTElmAKGkQognqsLEdhrZMyTGNZkloGfNVqSiZfNfOIIhd","accepted"
"0008cb017b9659277632d26566e512a0bdfde553","113808502","KbLfNTWfxjsYxsUpAkczy COIlbfpaOsXmjCWsXimGPZCgQZkf","rejected"
"0008cb017b9659277632d26566e512a0bdfde553","1735221","denCoQWHxngTzqBZGuDOmQvwETWsUefrCSwTTtqNBGDPFAauzL","rejected"
"0008cb017b9659277632d26566e512a0bdfde553","1924288","rfRBkfYDeHpNMsBSVnLbKHqlujC xTJhiGZxwxtfTjLjIXTAlt","rejected"
"0008e5e35bad01f51d2854b250031e7829281e04","2108037542","CkTDAbdlhjAWAoyKJSTbxerOcwMdlFAhbLGIRnq ljOrKyHcZz","accepted"
"0008e5e35bad01f51d2854b250031e7829281e04","2218740","QgJemTIbRakcPSyZlSxghaomqIzFZsItIFEAryHqRSzmrfeQgK","rejected"
"0008e5e35bad01f51d2854b250031e7829281e04","2848894","ADHJHaUXhQPqwEbzPpGPDTIXBvoIgsCfaWkVcFWJrORxjaLlXA","rejected"
"00091b1ed51bdf0a5391b53b5de6d6f66a7b1c42","7397276","gkIVvZSrWXsbfUIWWYPT qROiCcodFuosPQnJyBHDXLdnvjTNY","rejected"
"00091b1ed51bdf0a5391b53b5de6d6f66a7b1c42","1491643626","DDPCAahzecgvWvEALaVwjoLqHiHMBjqYRuyhbVctIBwIzNjsTT","accepted"
"00091b1ed51bdf0a5391b53b5de6d6f66a7b1c42","3456838","PvgjHyLoCpBacCRFIedsaZLvDyGvdwaTSfFHJMttXEUbWaNgdK","rejected"
"000947ab7f9f653363fb3f10aacb8f2ef8163cac","2771157","TJhDpbrgiemHQP LEDHIomNmScsfyuucRwXDXocIxLNNxMelzQ","rejected"
"000947ab7f9f653363fb3f10aacb8f2ef8163cac","4418926","dPVbGmhaxNwHRUBesSJEBE HzsCApvRMEUEygGFYqzpuDTSErW","rejected"
"000947ab7f9f653363fb3f10aacb8f2ef8163cac","2137118454","idunKju UjxECsvvDUkAZlGuFvgyqzOjQLwsOGBgJNEwGnbPwj","accepted"
"0009bb60a3156707d9576d8e9b9aa5ea99e437f8","83132798","NIvWqyXMtttIAggRAkGfFOIzcpMfGWrKbmemKofeweFqFjQKtJ","rejected"
"0009bb60a3156707d9576d8e9b9aa5ea99e437f8","1802126","DuMYfIFLRQnomdwqYnPWVe QWKnTZRMCPuML SWYXlktN dnHt","accepted"
"0009bb60a3156707d9576d8e9b9aa5ea99e437f8","1659009771","skwFAkeTLGH VlLAVBlHUANZNQguPmgp dbzUWTUxNnLMhuSqu","accepted"
"0009bd1d726323db6b438ac54ef4e0416b8b8449","20557621","WFrDGtEbOoYZIJlxpoAeAjTNvZMKVn yWZHsIUfCwzBPKuHhOw","rejected"
"0009bd1d726323db6b438ac54ef4e0416b8b8449","145509516","SfzLxmGWvtMwupyALaUpqIqQOHXzkeJAHxxmjJzfvftUvdLryU","rejected"
"0009bd1d726323db6b438ac54ef4e0416b8b8449","88625827","guxRaMLiPHBmJchPMKHEjxyOhaIXIhpMBuJsWZipdEkgypXIDv","rejected"
"0009c4109d65fdd528afa5b810f274579a0f24d9","1696332","vDKIBcaZGVMTofzikSDRQpfVXqzFyOGVjpZlYoubghylmNEeu","accepted"
"0009c4109d65fdd528afa5b810f274579a0f24d9","1729312005","zKJTuimbundIPIqMAlIfmJuXGqfH QSgrVDUGSgMyA Mp dMBs","accepted"
"0009c4109d65fdd528afa5b810f274579a0f24d9","9130240","b QuPcmjtQSevtqrtlzEPMRFjdMwAHNHDMahMaCHOvJqjpcXkZ","accepted"
"0009d673b46c3f79835ac13e5a987b3c5e153628","1411258793","Z gKBdymfRbeeAHHlFtnPWXxKQoKlFODYdCrgtShQvNLWxs Ws","rejected"
"0009d673b46c3f79835ac13e5a987b3c5e153628","2115688902","NodxebjiggVEbqsVxzLtyEAYurwlXvqJYMMRGdvItdvmauKHbu","accepted"
"0009d673b46c3f79835ac13e5a987b3c5e153628","2116263078","wzOGMydqtsEujToGCssDMXjcIFHoeQtioqSkfQZxG zvjYQlKW","rejected"
"000a46e6c7c343bd2cc20fbb9a2de9d3ad22d81d","3980530","HdUu LN dJpgSgQTCLS RrCRbOWpsxvQjCPYcFaNMauQkLNImo","accepted"
"000a46e6c7c343bd2cc20fbb9a2de9d3ad22d81d","40326833","IWJqmhxOtKZYUiEStBwjZDqOZEKRfHsCqiTxoDLckCaTOcrBBz","rejected"
"000a46e6c7c343bd2cc20fbb9a2de9d3ad22d81d","2912487","LJUyhMHnayxIxcwzRfqPqKjOzStRSIBUmCXLcTPVLvPNsbHWVS","accepted"
"000a52fb5e48a545a22726485a3af034d7f6266a","2264008","yejkblNYzynvIg ctAOvGVLNzzBd MLhPydlCaFiPKHstMXyPy","rejected"
"000a52fb5e48a545a22726485a3af034d7f6266a","6613767","GlVQtPiqAdKMzyJHMHiurZjARwURbpetH PRlUARThHF Cohts","rejected"
"000a52fb5e48a545a22726485a3af034d7f6266a","5771767","FYXUYaGNbFKjnCkEzfpPpjitGZbyKPnKAqgWLsSfcJLbZHpiLG","rejected"
"000a5a39a0a016f810c804e96b31e45dc2fc68cc","150161215","zJGpohsSNDIgZekHeOxygKVEpsaUChbirmpStkxCuZnvxQOeEn","accepted"
"000a5a39a0a016f810c804e96b31e45dc2fc68cc","1985456","uCUubMdwnsGvkgQApGspeCXtfUScuxCFIqrrGsIgTKgpuRoyXE","accepted"
"000a5a39a0a016f810c804e96b31e45dc2fc68cc","2109154956","UTDrDpAIqoUBRHHCCLsOGeImENsWNjXGutLolxXNxGlQOiTOLF","rejected"
"000a6375a90f06a2c6199fbbcdaad4c86a80916c","8674179","YqfRiAoLKoqJnQgVscbzkitNXwMwggMLApTTqjsUSUbPoqpocG","accepted"
"000a6375a90f06a2c6199fbbcdaad4c86a80916c","2150446978","DrDJYsAL rmOZUK JJQStNMYqZEUzptfPFJOq GPgXkFxdOTCP","rejected"
"000a6375a90f06a2c6199fbbcdaad4c86a80916c","2027660698","wPsMjXFdZRkoVEUucPhdrspwCJOYEudtCUfFrMilGaAxkJVqEY","accepted"
"000a64b02d56c852a43c8b6cd7ce47212e349a86","1686093","sLqdNXALbbDoKgaVuazhijqXYDNQEturXtaprodYGnHhBIXILe","rejected"
"000a64b02d56c852a43c8b6cd7ce47212e349a86","143974803","vzTubMAPZgOfHqhkopRCCnHOrcjVgOAFjVVvVlqReGvXISQLjz","rejected"
"000a64b02d56c852a43c8b6cd7ce47212e349a86","12274858","FevPXwOgrFUK R XeZBncDIKeZbAUUtjpdCQW zoTXMtCqRXlj","rejected"
"000a65ffcf8a2cf71e6951f23a64b8c985733496","145269085","oboJSztCIoDnlGsKaOvMMwMfSgTuQaXOoXcJIDkBNiQ dRIXJQ","rejected"
"000a65ffcf8a2cf71e6951f23a64b8c985733496","65762083","sEZxNjzfYSVDauIrvbpSOolJxTCwnvAZGxmteor  KVpakYskB","rejected"
"000a65ffcf8a2cf71e6951f23a64b8c985733496","2064590996","ZaeoIOKUY KCEgFdvokYIyGbsXgbPuBxzxqGdjfDcpFVOittIR","accepted"
"000a723167b55b3747998b2cd0b305f40ed1a1e2","31963940","LDqwQUimxZssbijEyMPLmcaYxRTrwwRUeragyAFDufaOXwF jM","accepted"
"000a723167b55b3747998b2cd0b305f40ed1a1e2","2373927626","RGHzTjzw KODkgCDsKFRoQAhqOHYb UyWnZRXFQaoK sjeNjuJ","rejected"
"000a723167b55b3747998b2cd0b305f40ed1a1e2","34550940","EOvQWMwODASncRvnlrbxSLVWkFqRWFDCXQmgLolLVdFeQtGOGT","rejected"
"000a7562f8786a4a8721e9aca92615a33ac1a51b","1962161","GwrnuvNNGIMsSZPaWRQhdRqahUeRRC jvWMaDfzJrQRWZgJsDF","accepted"
"000a7562f8786a4a8721e9aca92615a33ac1a51b","2118224438","vzlIdiaNpYwgyWoBsxFKoImnVsDqMpZtPWrjaEGcCZEhek PGw","rejected"
"000a7562f8786a4a8721e9aca92615a33ac1a51b","102804035","fzlgnmGcrJgnbxDTEjIlYDOUZfRaHQyCMEnKnDkHtdDVFlHkUD","accepted"
"000a8821491dc54741fb10769649dc340ab815d9","1730455","UqSgarVWlselDRiEPPYcSwFPaCKhAjlcsgTeTsnjKVLv lfkfv","rejected"
"000a8821491dc54741fb10769649dc340ab815d9","51885253","XvmBjuBPfpPBni PLsvfaiNRGLOXNHcInUIlBvAUtmdTgDTyXw","accepted"
"000a8821491dc54741fb10769649dc340ab815d9","1804818","Dk lUGJRTTVHFDccHGzAcyjYiJeOLnpbZYgFIqLxsTSUz dnqW","rejected"
"000acfce6e507ae24b6791bc840f0b31a601be60","2411428614","XuVutVatxlwTVeKgPpGVWEEYQnIsXzLJJbQAQlQ FUrBhnDsuy","accepted"
"000acfce6e507ae24b6791bc840f0b31a601be60","2080370939","yVhMoLDJfaORFnrcUQrbMGTPkofewIvVtWVWQnTQMkMhPndrwf","accepted"
"000acfce6e507ae24b6791bc840f0b31a601be60","1814725","sHjNCwBzbbVMrvgWiWbTxsth ouEhoBJfHTBpZHBhrWLBJwjsM","accepted"
"000b53134b805be72e269cd79463dff4fd59d9f7","40992776","YHnBEjcOARcLBDNyFzKTQWqgkxbrXGmnsyHzuDPJkmlM WfRTb","accepted"
"000b53134b805be72e269cd79463dff4fd59d9f7","145731650","xnyFAAnRMticmIbDhbzEDvCBYViQrBeKbORQNnYPJnZGZFQYeI","accepted"
"000b53134b805be72e269cd79463dff4fd59d9f7","2120128348","fpmpZVzhxdZyutmTxYVMIOFSknFhgrbniLYWaYUZOnltztoLcN","rejected"
"000b5319b05dfb0fb9e833b20854935d41490d44","2089667","jEvrkaBGvmZYWqcbzNtBOmdipNDrCQIWSBupCvEtLxyxFbkkrc","rejected"
"000b5319b05dfb0fb9e833b20854935d41490d44","49238811","wyIQxFwjmaUOgSMOkLePfKMEuAFpjyAWerxniTdMEAk evBKia","rejected"
"000b5319b05dfb0fb9e833b20854935d41490d44","2144522159","eNFNkVBJM GCiSZRrjtuiBPfBnzQBrbRPRFCmQvBvbNFlcGWXL","rejected"
"000b5c61a292a41f7c79e9ef29d067c7b8e4441e","2377724","OdTkNKGbYxcNMaAYBoVdGhPcReaNWZcBYALBnZaaCfWZmXiVio","rejected"
"000b5c61a292a41f7c79e9ef29d067c7b8e4441e","91248293","KMcHyjzJxCFgqfdoLTTiDpuwBPuNgwoaKnhvUqBBJlgIQUSC m","rejected"
"000b5c61a292a41f7c79e9ef29d067c7b8e4441e","3218712","sXZmsMHrwaDaDqWFFaZiuzKHPPhppvrBiym fhoQfXqTHeCyJk","accepted"
"000b8997f185535491642baad00f6b072a936138","2105949773","bWOInwEAEDCciaBSSgQrkjQkcEzQuvJoWzanLJefQhCcLPLSQQ","rejected"
"000b8997f185535491642baad00f6b072a936138","51166528","wGGWOArWtrkuzGYkhDFlqMVtNxsQNWezvtfcVaeIpCXBxbdmAi","rejected"
"000b8997f185535491642baad00f6b072a936138","1403443991","RKUHyZNn EBjuXiHUUPxNDXSgAUJpzxVxyVslOrdwxOIzqlGeK","accepted"
"000bdcb44ff3d76f86785e5e0b1a150e64cad644","2064108279","pMzIMegXIGluAXCojRtGLzRNxWhlzeEzVaekHLfAPlIlxyzmix","accepted"
"000bdcb44ff3d76f86785e5e0b1a150e64cad644","34586542","UZPOWKNxozRMCYdgOwwVBSDjgpMJbGkqgOrhXqFhcRsKMhFgAe","accepted"
"000bdcb44ff3d76f86785e5e0b1a150e64cad644","51119003","HPXEeHxYhMgMMDeID ern wVveGCTrGIzWhHShShBraaSdrSTW","rejected"
"000be140be213824776172d2378675b553020eff","1688353","ZNfeSmeIZzttkoSReBKjnhPEzGlkLvbRZHBRfHdqWtQqRnBCyf","accepted"
"000be140be213824776172d2378675b553020eff","144114526","aAbEFqVOjggfrACxvxHNYQySrKEtITebdcAIbKowniJMJZBN w","rejected"
"000be140be213824776172d2378675b553020eff","2385206","gfiPsLNtanVFlpFKWRbPbpFHUhhI cwFJEigMUnurhMUrBWRNs","rejected"
"000c0435721198039417024a9a02c442cb48fdac","15731574","TqIJYm SSZDXWdaAPKJZocUgkexluKXRsYpmoPwZBewcEYydVW","accepted"
"000c0435721198039417024a9a02c442cb48fdac","50876388","OMgQTCAKqUsosoReNEZlLs u zmIEPQSxeoNaYfXzqPdmmXAon","accepted"
"000c0435721198039417024a9a02c442cb48fdac","2054665745","SaheHwrUpEHjxfkfsEhrXBKSKhTVZoixdSHWoYwObHmLANLKEa","rejected"
"000c1bdf07b5511e9326cdeb695610f0fbe7b2dc","47829900","uHKmklrMKIlZNsh  EfxGpgrDXaIxylUlZYyaDGMooQkGMVOWg","accepted"
"000c1bdf07b5511e9326cdeb695610f0fbe7b2dc","2064590996","JgM YnwpHtGMsinsZvTWEmSeImxaggRYLETahnVfcTrqZYOVuu","accepted"
"000c1bdf07b5511e9326cdeb695610f0fbe7b2dc","73436004","TpnmwDFyNscxZNQxGF srYXVhGDLTRyAOySSFDFvuaAsmi oVj","rejected"
"000c2a7fc155798b95c85f044cf28f2bb0c25caf","2271565","eUFnIgSecOFCbkeBKpfIJxRsOnvsUInDbACuZst dxycZazScF","accepted"
"000c2a7fc155798b95c85f044cf28f2bb0c25caf","1686093","EIPNynbPLkyWdJrpgyEqmiUpiJQBcerKMvPdsiJvVKklybwNfV","rejected"
"000c2a7fc155798b95c85f044cf28f2bb0c25caf","2222439","yrGVcq mCDgCYytBLiGv oQXnCQKpPEaPd OltNuoYVDpeHcJO","accepted"
"000cb6fe2b911d9a3698cb00a24212e412c9f400","2543672","uqCKPGYWMOmtwsHIOoViurqNEOFNQSzKEjRXDFJhOnzGbJcgmS","rejected"
"000cb6fe2b911d9a3698cb00a24212e412c9f400","72520021","VYwSyIzdFROY hxvjzDUaYpYBHfKYVPPnIrXCji KzdBiuowKD","accepted"
"000cb6fe2b911d9a3698cb00a24212e412c9f400","2118762295","o mxkUhbtYwLyuejfunzusjATHGrivugxLiHWzaDsmyeKHWvqX","rejected"
"000cf4b5cddcafc39b2eee53f5542157f2438bb7","3302914","TxWihTLhKcFwArmlegPvoTlggLSqDaADuPEXYIzuWJfBnKZbq","accepted"
"000cf4b5cddcafc39b2eee53f5542157f2438bb7","1692004","ZkMMmeRJFDDfcOSRQpEXSCxSpOukTrVmMlcfHNibRszE SDudO","accepted"
"000cf4b5cddcafc39b2eee53f5542157f2438bb7","145801617","XyLi nkKaNmNuvKgTJjodt PGNyymf npuwAlAjKVMPYWKlrKR","accepted"
"000d234d45c883879f3a93118dbd60a92ccc3603","2003386388","XDwhHFTNRDeIzFFPnvBDExWcnCjGrjMwyOqcJsUEZJEFqJUVqy","rejected"
"000d234d45c883879f3a93118dbd60a92ccc3603","1952776","aoeLkUQTSWnDaSdAagQHGMZoZSkarqdzNPsiTfwtqbWaEHbpkZ","rejected"
"000d234d45c883879f3a93118dbd60a92ccc3603","6313540","ifwITZ YnpKJXMbqnlaRLfmDhSXeXeiWn nH Wfym nCKMskSe","accepted"
"000d59acf1a5ab25652ad4acc35d71b2188e7bee","2151978954","RYY ueScgOxhbyYjzautKzBohqixeZJGbkaUuSqOcgYSuAhcco","accepted"
"000d59acf1a5ab25652ad4acc35d71b2188e7bee","153329452","ebRjMKRoApcHZcKReBtvzirPPgeUjoTEiCvlkCHuRlFoDLOlyh","rejected"
"000d59acf1a5ab25652ad4acc35d71b2188e7bee","143861536","RvnQXhQcPmzhPZvIRMFskvk agNAEOQuxaIDuYYmiVFkTdRHIu","rejected"
"000d5f34dbcc4c29d04d2fcdfabce000e24312f3","2527990","JBUWRgDTLvVmYJdWBzkMPgWetKnnBnOaNZJDHmyLSiFAaXazBv","accepted"
"000d5f34dbcc4c29d04d2fcdfabce000e24312f3","32248119","CfCaayzpCuqlRZnXEQGeGQL pShrDswyboWyrFSznSaZRiOMib","rejected"
"000d5f34dbcc4c29d04d2fcdfabce000e24312f3","2089923382","GpNFpkUtaagoZVzAWMoCUEuTZNqWdrkkdsxqYocPASlDdQNOzK","accepted"
"000d648a15892350365e33d24700874ee81f0db5","2411264699","jVcllaafTfeZJFvkkDU fJfZipxznmYYmteojfTzoJzDWfyZTm","rejected"
"000d648a15892350365e33d24700874ee81f0db5","145223845","CSYvBKsrGwQKEUbpKERPHNTNGJIfkuLtIYdzvfqhfuuplGGmVW","rejected"
"000d648a15892350365e33d24700874ee81f0db5","2092246","xvtufQcJbaPp HZeWLhMRpfWExKxbI wwuoLMhZeEPzLFtGPeH","accepted"
"000da4fcd942b01e78a41502ac2284c408acb83a","119436779","czzoJQJbqhtgtqzvboRLKmVxdlzU vzXjZnqALZ lqmLfyrBin","rejected"
"000da4fcd942b01e78a41502ac2284c408acb83a","2075436217","NlLejbhhyHPyxYTujTfAbntjwHcIvPAPqCNGnVItLMeATSUkDW","accepted"
"000da4fcd942b01e78a41502ac2284c408acb83a","2339040","NrqA qEVbBnVJsxPAtWOODsFrayLYY KqqNCkQGxpaqztIoeTJ","accepted"
"000dc0be06c5551657a7ea5ac7c96ebc59b1ea2e","81087552","NPPWUZSaxqguhBsXhSwVaWUghEwsoXaR RGtbdrAjOKMnoNRx","rejected"
"000dc0be06c5551657a7ea5ac7c96ebc59b1ea2e","1785386033","SDIYdEvYYUDwwJPceYicCdmNQyfrhqyAuKYcocQkzGqMEwNorc","rejected"
"000dc0be06c5551657a7ea5ac7c96ebc59b1ea2e","2157761848","FhssnQawgEZVpKSyeTNlJngqdZihyxrgxXE LAjAPSbYuotpLP","accepted"
"000dcf941ffcd3012e772974e784a52024b54b2d","40606082","sOYjQkFXshzHiFu GwmAuNfvFbPRwUDcPrkotuSZvOgIwLFQYh","rejected"
"000dcf941ffcd3012e772974e784a52024b54b2d","2149711879","FbOqmgRBUbXYcioJFRkiCfPTDlOfJCRaQUJitpvPOAbnoqZiGR","rejected"
"000dcf941ffcd3012e772974e784a52024b54b2d","1987370","JYpWnmUzeJgFVUrCaGLHwEKUEZSkCtwyivWVQczomqbWPIHFNl","accepted"
"000dedc546ffb053a84a0c0064d9efa164c3c317","51908263","jmESgIPWLw iehMXVFQaGeScTaDJBnAjLElnPlRDoXPYHPAvwO","accepted"
"000dedc546ffb053a84a0c0064d9efa164c3c317","49333714","RHcVxGhBmznDTvgThBIAiSOPcxu gSfiTYAHLHvOvPkxQvIrpg","rejected"
"000dedc546ffb053a84a0c0064d9efa164c3c317","2108368171","pNmVoJi UzBsQSudRzSIWxfwvVquAoklUgylqJI YCYyqmTUrY","rejected"
"000eb70289baf739075e286c75cf24ea47eec604","48602561","gdUxLuXMsHz WEQuZqyfQUCrEdGhvQawnlxOoTriSxYsYeVAGa","accepted"
"000eb70289baf739075e286c75cf24ea47eec604","145993626","BjeMauJXAuLwCZcdxrtIKJNmjOUWUtGEpqUzplkQvXdThddA v","accepted"
"000eb70289baf739075e286c75cf24ea47eec604","3065363","ZwIMsATkp zNMlL QUgVmFLdaKCDNvtGOhuQHeGehQjorexAAt","rejected"
"000ee27ec65426d494b0ddd42fdc4f19afa5dfe5","46194969","wQhAWrogxsyFqLFuQRUoVDvbdXHCWNjNFyrIqnSVPxFUiXFrdD","accepted"
"000ee27ec65426d494b0ddd42fdc4f19afa5dfe5","2153062990","VLbLxvNWZvPrnXNmApYyGRtgnRUvPsuRkJlKkUTJtrTHP cOFw","accepted"
"000ee27ec65426d494b0ddd42fdc4f19afa5dfe5","151244954","RUrIoiBZuKWsHdcqbHVtvgFOjOjdCzfGUjJblRwNeQOyYd GSd","rejected"
"000ef351acec0aba2517cfd26df29371149e23ba","3000648","YolWfygMGuHFrQTDsUI BUxMxFBCQGrGoYXnRBqCgvipcqfzrL","rejected"
"000ef351acec0aba2517cfd26df29371149e23ba","2328155","ptN FSaOBGloaURuVnLpoXJqqjzOfhwVGklKljPl JExyYUkPX","accepted"
"000ef351acec0aba2517cfd26df29371149e23ba","2112736024","yGrWEmiGanXdSfMxLJWRBRaffjHwLrEOHgVsallrAyGwCjipKr","accepted"
"000f1d61f140d2984508315fa65c80875dd20c48","2264444739","BJKQcIiUANdBRgNimYPDnyKUKeRQkhrnkjJwdRmtkRedEnmalM","accepted"
"000f1d61f140d2984508315fa65c80875dd20c48","2305668878","CG GYYlrfavPFctSMbpISkPSJpEAvYMcjVw uUZjEysQbAIHgH","accepted"
"000f1d61f140d2984508315fa65c80875dd20c48","152875291","dcHektMVLWlcWXMpnDieOqztFqUYtZszKuMwMUykaKwcMaRnEo","accepted"
"000f27619e5158946e74a66d9323b1411b005864","2770884","uVDxqwbQJSJEnqyBCNeJdrTFbCkCyNesutoLhbLRKKFeXpzFyE","accepted"
"000f27619e5158946e74a66d9323b1411b005864","2182544740","LalJVcpuRKXPEWbHmFkgnfGNQJooRuvUsktYxHvBkyGOF aGzM","rejected"
"000f27619e5158946e74a66d9323b1411b005864","145646204","DXXQcTDfitlBdiJWlxCbscNVeBVIKrLjWzgXhkEutfcPTFiA z","rejected"
"000f47c6bb00732dfe5302f85b64bc8896fc5457","144373046","YkSGAqwjPbRYDWjCEJpDZnhtAjeTbooLt szKqEguPozJFfeFe","accepted"
"000f47c6bb00732dfe5302f85b64bc8896fc5457","1396275556","ytxQ BDrIsQwhuTFMUlpqBuIilNWqhVYBzLtZCLqTXpVmjqZru","rejected"
"000f47c6bb00732dfe5302f85b64bc8896fc5457","2249471810","bFkSOeMZvEUKxqGySuNVMrBGcNSSrueApoIfOLEqXdbdPhjaEO","accepted"
"000f4def8d29a7464f1b55922842b7224703b6b7","1745656","vYdpfruoUwau ppHgyneecfSILMHNenEqeMdHsdWagGZyrQwGr","rejected"
"000f4def8d29a7464f1b55922842b7224703b6b7","1685525158","uHRTKCEeqvPlDUIRfNTzSOvQXrCmOgHUgFnjNlfhIXPvTOzegA","rejected"
"000f4def8d29a7464f1b55922842b7224703b6b7","2109637843","AMjdMdmDues FM yYnQa avVuFXavAlKIkeQRrxziWWQfPLhdQ","accepted"
"000f59777018acbcfd724f3c50e8c1105b345c9c","1715635","sEFBWpBjyblaAEFYwFJBfzjVfuRVvDjzAFKLJFZJfKNFmKMrmq","accepted"
"000f59777018acbcfd724f3c50e8c1105b345c9c","2265170129","HOHEttPfjoHcnlnJQObZZZhyTZfsjuHKdFWGcxrTPefrvzHgFi","accepted"
"000f59777018acbcfd724f3c50e8c1105b345c9c","2091575691","hnEngfipkLjMKugIJpWNbNiLcjCADDVwLYvEroY lwRFJhxVAF","accepted"
"000f6881d97d40ab1923eb731383b466a876ef7e","52174183","KKQkSnNswAqAgAsioiKMls ArdOcPxbDnUtYuiXjwVfuxtyvpc","accepted"
"000f6881d97d40ab1923eb731383b466a876ef7e","5747694","YhJqvBsOYZnAzBbRMhOTUffxTcpPYHJzSMbBaNqQmWnOylPMxe","accepted"
"000f6881d97d40ab1923eb731383b466a876ef7e","1409344322","kgvoDLIOoUHnrOMZXMlZKurNrnddoFwchDVEIZgWNLVfyrgYkd","accepted"
"000f89bb550fcf49eaf4de1a65d8f6b51b944694","2771157","zGhftGikVfWxqXKSYOYPwklGrDTLKeKxOvfPyfZ RvFYhIqZAj","accepted"
"000f89bb550fcf49eaf4de1a65d8f6b51b944694","40805728","svIkNaMrDEAwlxPtlICbV GScbcGuIymlqvJBxRmRyvIERgooZ","accepted"
"000f89bb550fcf49eaf4de1a65d8f6b51b944694","2433727","GwdJxhiyXbtSxLPoAHAkoyNzhWrgMFsWgMAegzGVLCaqwAhH L","accepted"
"000f9230080956028eeb54ab252c73cecc5678c2","2377276704","zdnxfyjiZLpkHGqAIhxVoHVeLDYVALqdESixrdFlcxOmFDpPxh","accepted"
"000f9230080956028eeb54ab252c73cecc5678c2","31531156","DVcLhHvjjblZhITooOMQrvoWCqOkkNuWnzlIaZFuqendKukhKm","accepted"
"000f9230080956028eeb54ab252c73cecc5678c2","2116286559","Qdf LaFXDsOUMPxZanfRnoxpalAmplMSPkoORQEVKzeEpEJnkP","accepted"
"000fac90bb8f8829326fdb2d76c4a877c28161ac","145455919","ouKhKpjmgZbYnL cIgmxSBCVSlWkU BqyRMMklvGmNimLkihSy","accepted"
"000fac90bb8f8829326fdb2d76c4a877c28161ac","2079182611","JDjzPdDfapwNsUsTcTPVEyabL dgQgQTsLqpmuHOViuekYRlDB","rejected"
"000fac90bb8f8829326fdb2d76c4a877c28161ac","48723885","jQps VhUZZYBcMThfCgCbiTrUgQDYYRziFHeUTOQxZbnvuWxnZ","rejected"
"000fbb239d005dc2542244e2258dd621c3eafdda","2136006125","ywbyhMAUZKNYQZWacLphgRKYmSbOqKWOkoqYNSl GDjXNdwokw","rejected"
"000fbb239d005dc2542244e2258dd621c3eafdda","7506584","qsJDxgxpUwDbgkCWAOVPqrpKZQExCEJrNYyzHnXZACFMiGyhfH","rejected"
"000fbb239d005dc2542244e2258dd621c3eafdda","144227966","ZCxjaoJSTKybTqKxhcVeqlsHrUkBqzffhqpkQmiSVmGurZQyQW","rejected"
"000fbe3c70e2ae89769a30a70417f41da2e0f339","144284673","ReFtLVCOYNSRJRGNDXEVYuoWWQppiRaprjWgfoqcPaCHLJZEeH","accepted"
"000fbe3c70e2ae89769a30a70417f41da2e0f339","40622354","sbDEDlLLrEszxqWqMDglNyLPpUVJkvfkzObprLzLqGh FRHsJt","accepted"
"000fbe3c70e2ae89769a30a70417f41da2e0f339","145191958","oTXLeAkpNNEXeWoxOpBKMwwZl njkJDNZzvLtIQOAgOfQzEGYN","accepted"
"000fdaceee930d93c69e76bb03ce45bf3a4d39bf","102691613","ZyZeNdHqbFsNjtsPqOzPKMJvVj OJSKiAZYtxXFvccowPCvlnU","rejected"
"000fdaceee930d93c69e76bb03ce45bf3a4d39bf","9394477","URYiWeypbbvPWKJgw sFvGBgonUvYHOUkCRYPOMuXcDecAjxmK","rejected"
"000fdaceee930d93c69e76bb03ce45bf3a4d39bf","48354147","srQyMjbnWcxuJMqCBVHpnTQAltpqbPilbRdywOqJOsjKKtmESp","accepted"
"000ff5f31d29f8aa307d0992ed75382d37b34ab6","30902853","jJlrYdgzhnMcRNsmjThvNbGOTMiCxhMIZaQdPYj cmpstfFRuA","accepted"
"000ff5f31d29f8aa307d0992ed75382d37b34ab6","1685090538","lMAujMvpJyFeDJxYlpbwzUyQKWemwiKBocWacBvXZkhyjeAPVf","rejected"
"000ff5f31d29f8aa307d0992ed75382d37b34ab6","1839364","aYcQeEudDXjQLeZdpzTJMRDZjkaWqmDSPwTIMYKUWNPdGmtcTa","accepted"
"000ffcf8826897d666974e5180fe1f4b65b6a36f","27059304","HZzEKVkwWweWPurgmYTeWemxMtzWzzfxiuVBSxemvhQZvwDgaF","accepted"
"000ffcf8826897d666974e5180fe1f4b65b6a36f","144025741","SJYm WSzzJXVzLjQBiEEJEjdDaoikgcnwQzrNyBwytRdEsWtrz","rejected"
"000ffcf8826897d666974e5180fe1f4b65b6a36f","2128113403","ExryKk NWrnJYopo KuUmAZMSbHRsOxWLGzlDBYuUdGGcYqTz","rejected"
"001004c3b19c5e1e1989e39ee2e310c74333d9bb","2165482218","aJtyWplARQo sTPfAlGzPe JYgRdymollJctOeqBYjkHnVvVd","rejected"
"001004c3b19c5e1e1989e39ee2e310c74333d9bb","1749935","tvNcpq ZUvwGSEeLSIuaf XVxTcUYBdMgxaSeVsoVtXzhvZse","accepted"
"001004c3b19c5e1e1989e39ee2e310c74333d9bb","31330222","JrweMhYyLpacDZvxIdfPVg QrKposBpmoejUkYnGEkUqbAYDaY","rejected"
"001095256e8fc3211a3f4016f528e06ffde8732c","2154369733","RnhJBsCrlMIFxDyDjGrriCUrvSMOhsCqJrRmAahFuVrUcCwZEb","accepted"
"001095256e8fc3211a3f4016f528e06ffde8732c","3000648","HMuXGYqKLQuSiGUmLnPKyXAGxxVDbtqwcfBSvWmXHTHOgNQMTg","accepted"
"001095256e8fc3211a3f4016f528e06ffde8732c","34662662","tuZNhKYmFATcQxHxyoQchTmRODEsjWQAVzdjJlCMjfRHkSKopT","rejected"
"0010b5a8f95823c36d59f9c45840df8336e85462","2061641680","QpyYcfcGpjPuSdIxYUzPCfOrEwsgawUfVvAreRGjxIoMOshYQD","accepted"
"0010b5a8f95823c36d59f9c45840df8336e85462","144492514","kSMecYCqfQRkwQcAMqjCnHPmwMaaJ lGzOPghtBXCIGvUnDfvK","accepted"
"0010b5a8f95823c36d59f9c45840df8336e85462","152175445","MCnehnbMAEDjRSVWQsmMpvpVbXQChIeRecLFULVYniLaODNjtm","rejected"
"0010db6c8f8ccaceb3bcb729d7eec291879102dd","2191492256","yqgLHiU RosEMYZbnuxOqfjcte KGQfm QEfurHurJpn kbdmf","rejected"
"0010db6c8f8ccaceb3bcb729d7eec291879102dd","2214228779","AykhZawbzgTBACHpdlwnRAJFJsyEYAMShOtZddrRioqnffzeaz","rejected"
"0010db6c8f8ccaceb3bcb729d7eec291879102dd","1893334","ikoLxcQvFcvZraiE TYEcZs SPzOyPXfeGEpGvNnHCWSTGLNiC","rejected"
"0010e81e72760b6b84a229b3fe40f86486c93b71","2160494837","YcdKxXQeaKmgGwbcMETVcrVbFmJmRsuSGKk CQvJJZnXVpN Rp","rejected"
"0010e81e72760b6b84a229b3fe40f86486c93b71","2153465557","ct NhRNKODuWiRdElzulGutqfZes QkAGzHQdVjFZpriqcClmn","accepted"
"0010e81e72760b6b84a229b3fe40f86486c93b71","70117988","HENEZbdKffVgmDJtQuQcqyvyMMhphkEApQIutYTkTIgMmNnHcX","accepted"
"0010f32ac43ca5864983343672936b536431ae90","121675711","GQiDFicqmQWwOLdvEqNUNVSCJTYtFCECyoBlSGZWipFdxjDIBh","rejected"
"0010f32ac43ca5864983343672936b536431ae90","1398451349","lFRBLUHCvmAAFDOLHdknXnGBbPxTInTKlGVVecxhUKkjixbYHA","accepted"
"0010f32ac43ca5864983343672936b536431ae90","48359293","iZX rQveiRIVtwUdxeIpqZFapJNJFxUpTqKZJYnCnXjqTCLKwQ","rejected"
"00116876b9a91223ac57b67f86b96c79060c0052","143973307","WYiaOeInEHnUveNEMPlWIBGrLqviOrmAagxESDsHNYZuHRyHLS","accepted"
"00116876b9a91223ac57b67f86b96c79060c0052","50024469","PXfZAiEkgcrMioUuRjOzEhwRxYHXQkXQMXWwwkjMBnXhreHhoe","accepted"
"00116876b9a91223ac57b67f86b96c79060c0052","2487418","uaSCAFVNytdyELXApSvxZuRryGlbdljJBTVYuHQLxVAThDuUuq","accepted"
"001168b2fa3d7c016c5b804344b6ee106006cb10","2145784325","hdaIOtXYeSqsznrXZvMmqzLwDChbGOTCARgNUUOlsyCECvGMwk","rejected"
"001168b2fa3d7c016c5b804344b6ee106006cb10","73775081","iAjvmMVJpKoAlfvSPwpcwzhWbSFacPvTaQGiXerUKcCgFRvoLY","rejected"
"001168b2fa3d7c016c5b804344b6ee106006cb10","2248580051","jQFaUXSBLbZMgGsWnAr GmEKvBxPlNDNpJlrIgpqydu kNTnFr","rejected"
"0011922289d3a565f99667673e23d2a174423815","32733239","AlspzbUoMwAJOTYPtglXeeONl WdFHBnDMLlmZFEebyVchIYZL","accepted"
"0011922289d3a565f99667673e23d2a174423815","1687728","txsrTIVuvxSkResvraUGwHIeOMcHlypKGxarnowyJrKOgahQSr","accepted"
"0011922289d3a565f99667673e23d2a174423815","50188186","znHktqMJZqIwKzOckZEdPHyYMsC kMTmiqZGcvnyddKfDnCBvL","accepted"
"0011986c46d564de1470c857153cf2b7293185b5","115751356","BMzCLunvJjz JIlLOKsLVZptpdyclcRiLqICBZTKExIASwpLiK","rejected"
"0011986c46d564de1470c857153cf2b7293185b5","1728219","BoWEuBNggvlGeUMmUhtJdeTtRYEoIwBjRkgfyMKqJhxbPfLxvg","rejected"
"0011986c46d564de1470c857153cf2b7293185b5","2182485794","PxcWkHASxNvzQXDoDd VUkOeHqdqTdqqrsMKSuuVz JcAkhmEZ","rejected"
"0011a48401d4defe4d547310f8e603c39cfcd833","13412332","uGsSs YWprPFQxQsXFKDSaPKPMDGDQZiFp laCChhaXWbKcjhJ","accepted"
"0011a48401d4defe4d547310f8e603c39cfcd833","144248769","fGbXSNppTBglFBQjQSepFPVoDOdvhtjmfvcXgxXoMqmplgVzvq","rejected"
"0011a48401d4defe4d547310f8e603c39cfcd833","2892543","xFYXAmsnCJqQijMksYBOrujGhjAWEbqbyhmXeKsluMHnbSDyAi","rejected"
"0011e5d02fcb510b5b2ce33c69bd6d9e60fe7ff8","2341726","gqVHkKmjXcBeXcbEOmwzIDynMXqNpfGOhrGblplpdQYAHItauC","rejected"
"0011e5d02fcb510b5b2ce33c69bd6d9e60fe7ff8","1742337823","mmKjHXYBMCGtLhHONDjgENLzBoLpGmsSdFuPdIumIvPNc ZHGy","rejected"
"0011e5d02fcb510b5b2ce33c69bd6d9e60fe7ff8","1720384","OPNWbeJGCISfQHeWajjkAmsYHRABeHTGTRvHllbYfaqVrxwiRn","rejected"
"0011f7076b756048d97f1991a4739a69693d8780","3156839","HcRGasDjNWfxIScjXLbyqMzJKMfIacDcI YirvTiTazVjQhzgv","accepted"
"0011f7076b756048d97f1991a4739a69693d8780","46483759","kj hMGRHxkTcfzHFXYut oPEZQnbsHChbWHGwUwLdHyHnoAllu","accepted"
"0011f7076b756048d97f1991a4739a69693d8780","50883762","dOPZjIXqERpeJjaqstWwhJGxNmsvINVDKjPAltWEQIVXLYgeKL","rejected"
"00120e6da158e44fd5288f8d0ecaab8d33916111","2422228752","dULNPaYtZbVwrZZajmUdPsadRhdUCVKhAVoIewySTxxxNOVpTI","rejected"
"00120e6da158e44fd5288f8d0ecaab8d33916111","2314536536","tmHwcDHrJ PhqCfBBDoaTsjCDEHKzdyaaoXEbUQynnFHluwMtu","accepted"
"00120e6da158e44fd5288f8d0ecaab8d33916111","146418274","xeWuuhMjpVJZyqIkxqRLxf vvVTFiCBUApHQMaffGj MUHdtzG","accepted"
"00120fb107d09cf1ec50a697b8662b8632fb8450","2112779420","IestSwAPHLHbrCYOydjxjLHPnNdTkxw yQycKehdLISrHfJcad","rejected"
"00120fb107d09cf1ec50a697b8662b8632fb8450","1500651125","RztihVhwI sMweefssbkTgXMCGljnfbnBiTFJkqTnhUUMEBTKP","rejected"
"00120fb107d09cf1ec50a697b8662b8632fb8450","2108862504","nDgdFbFtSPVGspsonnNtGUjJRSSyQoKnObpUbtDxQYsxFTPlhd","accepted"
"001246ffc8ba91eda449a771a850dc6511973774","2219007160","WnkQZJInZkpqDPuJTCPTbfzUqAKlh VreLa PIFDWGzgKm owA","accepted"
"001246ffc8ba91eda449a771a850dc6511973774","2899178","TByGjanJOvsFSpDMxxVOAllJPXOLbm TBMnCDoaMkjLqNCIVrT","rejected"
"001246ffc8ba91eda449a771a850dc6511973774","1812107","AjqJuccztGRATX xKKKcymvFihCmuDMcIbxBrAhwfqkIoDgVuP","rejected"
"00127725cf2bbab03edd3223b1fa4c58bc2b4641","1733801","tqAcBhYicaQeeGOozpnuPEZCpLtkvtGvmwXRXvyQrzKzgimeBj","accepted"
"00127725cf2bbab03edd3223b1fa4c58bc2b4641","1925089","xrEJQnUZKkAyTiWedAqZBdqseO uhIjeRUTgkookoojNYUKHey","rejected"
"00127725cf2bbab03edd3223b1fa4c58bc2b4641","2744882","IMunDnOMdbsGlXHjDNDDKnfZFGwqfscKDrgkFKpJNWNLtBwNSs","accepted"
"00128bddce52cd7ec5d7b061ebaa7ec21c2e7a53","145391061","tlcjRdEUPDGxwtacEyhcviDNWdAiaBULsojCMte mPMXLsmcks","rejected"
"00128bddce52cd7ec5d7b061ebaa7ec21c2e7a53","1412705515","JEXaLowsoGtXtTEBCDFFFEFaQSzpggYmwuMtYFTXVIcQoiqmxH","rejected"
"00128bddce52cd7ec5d7b061ebaa7ec21c2e7a53","39560837","jfacLUmJuPoYsJFtEChCAJGwetBqTKgDLfZc WKMhImCrceXLI","accepted"
"00129af18e78df4e4b7213030792435fdd4d45fa","143760751","ObSXoyIIveieShkjAC ekESKGLsYnprUrldzbPE GpwcQVbsyF","accepted"
"00129af18e78df4e4b7213030792435fdd4d45fa","87977178","QVebdVSrrmGboUPbMVBntFoEDmaZpp SPUAWbSbNQOBHOWLjxp","rejected"
"00129af18e78df4e4b7213030792435fdd4d45fa","2066763332","BfgFSlrdIu tFtPSVoMPDKltbAusxFYlWLArTEMJMHbyuFaOUu","accepted"
"0012b80d18d21dc6f1e967a74f71a99a631acb03","3044277","KsSypUyxQJpjETxlNqZpmaNIzKNHAegZ nuQUeJvarxZqQhpnn","accepted"
"0012b80d18d21dc6f1e967a74f71a99a631acb03","1988484401","KUIvIYZTNBjHaScryQ RoKFoMpKEBB odnkVlKrPPwDasewkna","rejected"
"0012b80d18d21dc6f1e967a74f71a99a631acb03","3899780","XtGnWdwkvgpViLirAgGMVycznPCCsIdVCePkvA UEqZVCuhVdi","rejected"
"0012ccbb7b3048d3a2497f058802e04303938a10","3406724","XtMIhBDasHCxJBPOnzbKBfOqhkNZjjslKyTMhCkDUsjbeNJjgk","accepted"
"0012ccbb7b3048d3a2497f058802e04303938a10","2050402","sOGJiBJoNBqhPSnuEMfpvtbQM mPOxgYiVOddjG pZHShYNKqW","rejected"
"0012ccbb7b3048d3a2497f058802e04303938a10","3184114","bThjpICkioYlRBjcoqeDolbRCddZVWlJ PjzjOVYeLaIJnNOHG","accepted"
"0012daac1ffbe2a38dec6bd863443e0c178c8359","40690979","LYDGFxqsrvRrGqNiLRZzlBQpbThDEiBdgVBNVrqUygduzNqqLs","rejected"
"0012daac1ffbe2a38dec6bd863443e0c178c8359","103230999","HXCTIrOLCoOiKUtODguVVLuw VffXdcfJLPOZiGSaNCjIA LwO","accepted"
"0012daac1ffbe2a38dec6bd863443e0c178c8359","1805974389","EpdtcjjZywvuTjwaYzyQQPVkexUgKFCXpBrYSTSjRBAjydLfzr","rejected"
"0012e00e465986a9d1f0391ff7260d57fb8b89a3","40161233","rwwkR qUzLDWjCJItJCSWRAYfWtgXJXkOkgxF cHpRhDekcWth","accepted"
"0012e00e465986a9d1f0391ff7260d57fb8b89a3","2922874","GliiWCTPFVdpfrCZohVCdvaWPBIldSMFnrgAwdNmlhhPbuYzpM","accepted"
"0012e00e465986a9d1f0391ff7260d57fb8b89a3","3338091","PyBWOPCKctbZZXztLSICGKmMgzcqCXcLQMKaSukdHpHewGgrIB","rejected"
"0012e8a9544e195ee0d14e68846fe32a6a6204e7","1745656","dXjDdjAgEYiMeYNGYnEPTumEYuuZbGKiFPEFnEliXmpXMJHieJ","accepted"
"0012e8a9544e195ee0d14e68846fe32a6a6204e7","2462564","FrQoqirbilLLzO ivxLkmIiGATYDCckFeWdgjYKWtrIStGuyzh","rejected"
"0012e8a9544e195ee0d14e68846fe32a6a6204e7","145730883","TuBlaWpEEmhRfuyJXpoZQjtWLJrEMTwePNzCBrYuDTeXTMKkaN","accepted"
"0012ef812e73a2047138ebd2f30b659d41ca5a39","1603029568","TCdos SjBDTyPLfdEhreZLvFInYf ZYRTQHKQjwGuTDuFaIGHa","rejected"
"0012ef812e73a2047138ebd2f30b659d41ca5a39","2288075224","gpaosyJ gUWGfNkPOEnhHoiRmOJlFkKQFLiPeFtCYADijJwMNV","rejected"
"0012ef812e73a2047138ebd2f30b659d41ca5a39","2202568651","tkYqMsbJrZajG BtwJeTjVWVtkAHkRHolvUpESnphfuzcmVquv","rejected"
"00131bc2554ccaf13b29ede648bab5284f56b031","1802126","mjGbSCuzWcYxRgjvElfwykJwtGUHhpHLdNXeThlJEwIC rqY V","rejected"
"00131bc2554ccaf13b29ede648bab5284f56b031","1970096","JspicM xT HyKsDZFXAQNkQeS FtcjrLmSjtxYmxFFIMaWEfXp","rejected"
"00131bc2554ccaf13b29ede648bab5284f56b031","2341277843","oPuurBOSQVMVMByGZImFjYHFsefWwuJRQfKyy OkoWeKZOSGna","accepted"
"00133d41d5ecef1a9d046d2b92bb2a23a335cb7c","2238453174","rgVViK xxNujtLMArNLEgJdBqxU sgXzXKUESSDiTBPuyWiLXs","rejected"
"00133d41d5ecef1a9d046d2b92bb2a23a335cb7c","2041134713","xRBqVsiNaxHmuPGgDnmyUlyjzQIFkzgRmDGncEncssyoVhrWlj","rejected"
"00133d41d5ecef1a9d046d2b92bb2a23a335cb7c","153671133","gywMtEIXOBSasMIVHkFqYVKyzRgbmekgMmmWGScFbkaONHhgiZ","accepted"
"00134cc068e19b0f9078cd71b4d7c5ead161d77d","144507373","BSxRtV zdyFmQnvHGvWatJnNzygAyJNHzDkCEVXNCf hhyeslP","rejected"
"00134cc068e19b0f9078cd71b4d7c5ead161d77d","2049085465","xiGtXwVdovvUYLTJMOksebSQFoQwoeqrdKxSnIoCblpmKoBdgG","accepted"
"00134cc068e19b0f9078cd71b4d7c5ead161d77d","3439605","DUtxogUg  c oROOYiMrCQDuncp xzrJTcieyvPkoBXNExslY","rejected"
"00136066db15cccbde9eb1b2b1a57c6c2e576f19","2180179437","MhhAMojeaJgIoKNShfXoYgfxWYntzKnopGMfh vKuNnBLXkSzR","rejected"
"00136066db15cccbde9eb1b2b1a57c6c2e576f19","2118240894","rvAxsZVkfmkObscFRNrkUxQXmSCreYkALqpiJnbiUoHVtWVfRw","rejected"
"00136066db15cccbde9eb1b2b1a57c6c2e576f19","2512432","JWM KCZQHrjq DoJYyPzmWLIpkNEAPlFCCgICzGLfQdCapeDFs","accepted"
"00137ad016ce8b0543b99c0c19f8c6c8e5c8a82e","1802604","YqIWzuPxWxVnOIjafWpFWftFGvHXRaTUiWIlBI SDdDYTmmVuN","accepted"
"00137ad016ce8b0543b99c0c19f8c6c8e5c8a82e","1770992","rTCpYQrHSuqosycqJyWoulwYA gMEXlIpCqAykCzzHZTVWPdFx","accepted"
"00137ad016ce8b0543b99c0c19f8c6c8e5c8a82e","2054915585","lGahbPAoFLCaYqNcXRlkYeWQfVUpEaqgfYRmLETSAMnRGCDh n","accepted"
"00138278daeef185d8e748a6209e75c408eb4b6c","48485495","chkyHUkYCUFCEnFZZPSsSavovtZAhJTuiPiCgVMKaKWCwweXC","accepted"
"00138278daeef185d8e748a6209e75c408eb4b6c","145213083","AyZj vRzqaFOkRGDMxdBAbSHL tphAXaUlGvPgCUfmxspVcphW","accepted"
"00138278daeef185d8e748a6209e75c408eb4b6c","1749500","AsmYicrmAJzCwZRWGZRMMwlXoJrGlIDbjceTnzEweQquPLCHtZ","rejected"
"0013a785d21e7c9218ecd5419ba78a4da5c7a33a","1693046","qASenvshALdvnRNIPfhRxrpgwyacDyJLBSXuaxRrrbgwIewDzx","rejected"
"0013a785d21e7c9218ecd5419ba78a4da5c7a33a","3300572","KFYJwWVkVNyOPaZdAYHwRCqlxKPOruIYSDHKhUNzGJDQEpzZkg","accepted"
"0013a785d21e7c9218ecd5419ba78a4da5c7a33a","145119559","sivTuXBNPkLinLOFryyIDhk BMOkaxuGOsdhrvmkIWVzIvuEOD","rejected"
"0013b3c2084ac866157f94198f024580b7a8d8e3","1384522991","vJWThAozuHrndcKHBrrULocXkCdsxNuQRMXpfgStfBnFztXoGP","rejected"
"0013b3c2084ac866157f94198f024580b7a8d8e3","2316559532","LsUPGIdMawmssCXpIovXtMTNumMdiArQOMyIEqmpnvPfuOFOVe","rejected"
"0013b3c2084ac866157f94198f024580b7a8d8e3","21058844","KmDHYTWotHOYcWYZfPqWBzXGZcLHMhCtNSyFdORh NoIgSSzQs","accepted"
"0013f8a4c441e39178c782b8935de5196f13e047","2025112","ZSbXELtzaQnBwKToDnTnHMpmEJe VgaLNMaKvBQiFwbeFrzFTi","rejected"
"0013f8a4c441e39178c782b8935de5196f13e047","2261459747","jmVgSKhKEoffeAnQZXEmqCftAvebMdXCYio jOtixAadbIPkon","accepted"
"0013f8a4c441e39178c782b8935de5196f13e047","40387978","jhCKoiJphNSiCww aPcPgidBDMmntHDSYworayzPjAECyRmyho","accepted"
"001416b5c47e69fd9e2da064fed18afba3978ee9","1435096567","OYsVuRlpSKnfPILAceGHPLCxJfJgh uVVEBkVBMWLEy KQhGud","rejected"
"001416b5c47e69fd9e2da064fed18afba3978ee9","145509516","urHWbFpFrBJQuUGIqtzGuUFQoLDBknKUezlTaOZ oUcpSCiJVM","accepted"
"001416b5c47e69fd9e2da064fed18afba3978ee9","1893334","eVYCpPdThUnnFmmUEslJOLbqAjytZgqyuDlenTDTvQyXwqjVZW","rejected"
"001432873e8163a12cb8905c1b4ead0b0678d310","144984789","TXdaANQOJYYAujYGwxbXSPWfqMNWbLPOvZHPVAwKBygACnYMY","accepted"
"001432873e8163a12cb8905c1b4ead0b0678d310","1915398","UXSr UEIkagkDxFjUZDBbcwdmJKtECesgKDAUzDYojOYnXVtiq","accepted"
"001432873e8163a12cb8905c1b4ead0b0678d310","5149388","PsyyOKEbODuCWDIEaMEVWVZWSViZBVJaHzYDbkEfNTTwyyYSwm","accepted"
"0014789cca963f8036b75c461955ced0cb9cf88d","3387859","TxggQkGl FBtZYxWxkyxPnnNXEZXDsUNwkiXNYDFvoqspBNzfr","rejected"
"0014789cca963f8036b75c461955ced0cb9cf88d","2056793535","vpvCMCGCCNcmbBdrMrxmytATxKB njlcvZXXnccZSaqmtHQgNv","accepted"
"0014789cca963f8036b75c461955ced0cb9cf88d","35108334","dQBXUNEwpldEhIQUydXcuJXrZnXhZLHhJWTPLocUmWChwALDJB","accepted"
"00148b146833f27c8136716d53edfb2813cc751a","39102196","XYbAzLyJDWghjrewtKgerVAmTcakXoRXdVNeujZnxFvuMMtVMR","accepted"
"00148b146833f27c8136716d53edfb2813cc751a","32084211","eWglMncVVqucdVYQtCPmimudXmWdWwIfrmMSdVvFuiSGMkZqln","rejected"
"00148b146833f27c8136716d53edfb2813cc751a","2108749483","USwxwTeQElNhUTEYJGVHBXgZTiytUGvXDsWHPLMwiqgsRFx XM","rejected"
"0014a3f86460286deb5e536da5e278eefcedf5df","66517007","byauGnhqrZiDVPjhQuFEKaTVdfSbHqztMRTatRaTDPiTYSNTlT","accepted"
"0014a3f86460286deb5e536da5e278eefcedf5df","3347391","OzDuohIMswyNPBwQqjwoqIgiAMrwkdHtqRErQwOlaOrsXVLxKk","accepted"
"0014a3f86460286deb5e536da5e278eefcedf5df","2108442403","vtdGzIunDRDFwlOzmjvmoVUEZ AS TLYiNtIMMGPpBjRaPwERZ","accepted"
"0014a816d4892038bac3c36bf0d15f6c36303f3c","1483754050","hSV LSqVORSqPalEAszxihruDwGQeDMudxuJmRJpMGgGsPsBXv","rejected"
"0014a816d4892038bac3c36bf0d15f6c36303f3c","145710131","gDXvAgckKWRBmI swNQbf KNiWMOwhlMkbvJLbHqNodktaMbLh","rejected"
"0014a816d4892038bac3c36bf0d15f6c36303f3c","1746514","WbABTOgGBXYfyZjOpggqhCaQheMopRzRzJBOkdFHILaeZbemfP","rejected"
"0014d9962db3976c36b3ff9b85bfce117e4323eb","1898863","HvNtIFuPfKMdGAEAKCnxBogudorkSyaaVxhCVSnbaeDOWoULHs","accepted"
"0014d9962db3976c36b3ff9b85bfce117e4323eb","2056427232","lAPioxSvViUWOqxlLCSBxyRnHjWWwkMiMCEGyMFxpnxHZnmFEN","rejected"
"0014d9962db3976c36b3ff9b85bfce117e4323eb","2125780","ntfLiUIa  jFfsYgaR qxafLfmFtZjnpB vUIuIMAvngbNcWwW","accepted"
"0014dfee9f24f676ee5e34f44206588e3d6b50c7","74229079","WunXaRJJSJDdXqimdRKsSGkdPWEKpgtXTbcydIMzoGsfcdEaio","rejected"
"0014dfee9f24f676ee5e34f44206588e3d6b50c7","2336524247","GJyEtZiYwyFUyBZQuYPMzToTUCOOipxpbMenSUeDJSELgeRNvh","rejected"
"0014dfee9f24f676ee5e34f44206588e3d6b50c7","40992776","qwdzKZMIcrlXFrdGQhXaXTyuLwOOqrALAnGdXvprAycjpVzsSb","rejected"
"0014e70ec8d51efcab438e73fd5d3c6ae21375c1","92294881","cTprlTwUZoDCXddvZToowxwdPQXSojFPCaWAKtsgLavqXhJvvq","rejected"
"0014e70ec8d51efcab438e73fd5d3c6ae21375c1","2435896","raUKRytPazjQwzmvDvBwOQTpJAGyuuvkUGOjVgvwSdZ iMuGdg","accepted"
"0014e70ec8d51efcab438e73fd5d3c6ae21375c1","48519520","yNjyoXcoZJhEXUhRMmSnfyXyMRWoEhlTYVMjfHqEhCyHbJQraA","rejected"
"0015050ee81c66d6d08ebefa1c3fda6bd1144cd3","48421584","yjvjrZwqvx djBxEaoFtyBDKzbkqGibBSgZYszFHC vJmNbOqh","accepted"
"0015050ee81c66d6d08ebefa1c3fda6bd1144cd3","2272319795","ncHzYOEEqQWREhZdVWljwkwczHzvOqzbVmWP xthshFcnAfTNg","rejected"
"0015050ee81c66d6d08ebefa1c3fda6bd1144cd3","2202598968","kRRsqmvEUIRgUeRBYOeBmjhpbLHCVQD hJoafdqdgLDBAVg r","rejected"
"00150b80b5452fc5faaf7d78080e2a11592553e1","2100836","QZxAvEaeJoJuiknOKfzTMmYaxoScqsnqgrXqPQkQHHFwcwcS M","accepted"
"00150b80b5452fc5faaf7d78080e2a11592553e1","1905428","oSGuhTigSjlOEexjKdNqKiqbEOWHSbuSfQBPxFWTEgaTfey xn","rejected"
"00150b80b5452fc5faaf7d78080e2a11592553e1","1709285","GMmnvGjLDHiVCgcsDOaJddeIGHAsHZjKNKpcvLOlzkMqebedDJ","accepted"
"001523134734a5b461a0ac33a68fa0f8cb1a843f","145119559","lydCNFDRpkmkYOdnWdOqpbFsKUuRSuxqsVRaJiovtPNVALTWOb","accepted"
"001523134734a5b461a0ac33a68fa0f8cb1a843f","145327436","zUTEqVYFKTGStmdJgIB hVdWqgBgxFVIvtplNubApXkQzrpZVA","accepted"
"001523134734a5b461a0ac33a68fa0f8cb1a843f","4035090","AO buNiXUShdUZnOUkwoyDHZNWrzERKHBl EgKDWDIyEPeTNQh","accepted"
"001528e5987d8864a0187dff279eafdce0fbe703","2589249","DcXkQtYlxicUZllnehmNhrgtttDWjKDTloFaTHgTpgGq lRXqm","accepted"
"001528e5987d8864a0187dff279eafdce0fbe703","2242703827","kCfpDpoDCfAoyckOWgryFElPNMCLKtfvqZwTqdeZBFTeOe KEG","accepted"
"001528e5987d8864a0187dff279eafdce0fbe703","1947730","tbIfDTIP VlgCxbYwGHHhNoMuLpaQDZEbcVTQFMqszqxzpUXXE","rejected"
"00152be354af0e7359ab555ba7014883a96db626","143902763","ODoSYVcxPtZsLlAljZ vrNntQCZDjNtCwCkWmPYktZOY EqkwH","accepted"
"00152be354af0e7359ab555ba7014883a96db626","1943164513","XSFAurraiPmbNSEJfjEfljMoHumzwqkZWMPzUDioMXnCRRyeTP","rejected"
"00152be354af0e7359ab555ba7014883a96db626","1784067","ynXaeAOqiXSWFjFNYwCFPVkEzWZODaiDTTOXcTwrCdaHAkQKoC","accepted"
"00153ec07a5bc71aa8820af43d136abb3a1c02cf","2214928766","GkETqsEtjOztWsGvrHyfitmgODKqciwU xHxwoKkRtUmmPJQyK","accepted"
"00153ec07a5bc71aa8820af43d136abb3a1c02cf","32427271","OxYmkYRVxeOqtENAaMX pxsyXgilIavLUDqDxrxXMSSbMIPDIX","accepted"
"00153ec07a5bc71aa8820af43d136abb3a1c02cf","2119435513","NincZtKt KJioZnUGQIaLFGlYlHM SadQMKCNMwhMJwyRcXTic","rejected"
"001565f4fca218ee88a803ddbd76d06df4c61506","147791105","xpYEMZkNATIwsmQWOGDfTEEoiQWexWqqlxVixbHtPbpJILpUIA","rejected"
"001565f4fca218ee88a803ddbd76d06df4c61506","3214961","iydMwUxRnJCSXNKWxGDaFcbPJRkZezNXZRrUiQIJWShsgUHiHX","accepted"
"001565f4fca218ee88a803ddbd76d06df4c61506","144508332","keVTBIDeHmsMgBdAKFUedavmOGQHBsYoumFqKZyfVsEsKjOLzv","accepted"
"00156e7c52539f5c46f404692cc932e2fe57c4cb","153645334","uMZUtOeGvmdGGhRZH NfeKVpYxnCzjOJWmgNDyHbBClnBwbCEH","accepted"
"00156e7c52539f5c46f404692cc932e2fe57c4cb","145131856","RTnEZbLLWHVljP WVqMkDgaqXSukLvwJPuCmHPbcbTQKaQiuYq","rejected"
"00156e7c52539f5c46f404692cc932e2fe57c4cb","2148902523","QappWubVpopoKcVPLZAeF  bQupUxarXIksqxOOmWflQb Rmqb","rejected"
"001585ee486c399043bb3f2ebfc84cfc0014aea8","46628920","aVghtsjQwIQzTmIpPUlrtphrsNFOHJiXBnNfGnFKdZoQQJTYmj","accepted"
"001585ee486c399043bb3f2ebfc84cfc0014aea8","2144269398","raG yXBehiTnLkgCGsoVgrtOzzuWdZjqxjQISkdFyhcmJwYIOa","rejected"
"001585ee486c399043bb3f2ebfc84cfc0014aea8","2272167449","UlGAPBbViWgHlAXFHgjrGMdtuzvIbmlPKmCXPEFNLRKHDyASyY","accepted"
"00159a43bf50d7133c490a38339afdd626c5a975","119436779","BeCWdmYWgOiUDMwTpSVt  tORZXpipghkDenJoEofcyIZvQMuf","rejected"
"00159a43bf50d7133c490a38339afdd626c5a975","3184820","zGAOAeruTiXdxBRhsXqcYMmOOsVljyeRUBhSaVBfCjwteOFtic","rejected"
"00159a43bf50d7133c490a38339afdd626c5a975","2080437413","XEFfxCvJXtICaLQSTEbDOGSPWnmbajdjKWrJPuWCRQrQUrwTzm","rejected"
"0015ca16c4578d1f4d5b2b2abd3d506f66cfe436","2061565207","jxkzNrsVjIqBiJTIaytRxxLMigtSjWEacYoGvXFzKBLGhfyhzn","rejected"
"0015ca16c4578d1f4d5b2b2abd3d506f66cfe436","51306401","uvrfjewJgvuNlCFZUHZCjMMXlBnCACNbvrUaRSUqxPCOjxPOsK","rejected"
"0015ca16c4578d1f4d5b2b2abd3d506f66cfe436","144159723","UEgsAkOoMqTjYedujfcuOIxwDjYGbRGgjBNbDzbSMzSIrZsUKi","rejected"
"0015dc308b86953104304e61250604de64f99237","1680133","OuRwCqSwtckVszHXUlNsIINMWpFssXnXhoajtBEUkSpIJawiRq","accepted"
"0015dc308b86953104304e61250604de64f99237","2049085465","UjqClQguGIyvRrc YGfrlkkUYocGdxmdmLRibWaIvDJQEttamR","accepted"
"0015dc308b86953104304e61250604de64f99237","2140811268","QaYCXpLotePCGZ qRlMPpUD fpBGrwVzUNFBYVxoXLFIIO ZDb","accepted"
"0015e53810da920b382b529dd57c8e95e0e93023","2065907235","fHHMCRhuDpIiFuwDbkeXjt oXRVnZUHWmPuEwwnkLOefxUjqop","rejected"
"0015e53810da920b382b529dd57c8e95e0e93023","4258618","ePmgXiFtakCnZaflnWBvuZhjsvXwLaALxGePNQRgeQmUGmqVia","rejected"
"0015e53810da920b382b529dd57c8e95e0e93023","2315825435","gmjV sENevCSiHitVsxrXmfqFPOEQKgzvtNeWNEBCVEJN GPeC","rejected"
"001632ac63f20ad177837b994641fd838d7350cc","2010709","jXPwElRnUwYWPIJTMiTJekalPzqSgY cOCumtKhOKMnvEIARBo","accepted"
"001632ac63f20ad177837b994641fd838d7350cc","2061398898","UVOyUbv EdAFSEjoJsKhxZgUdnxiqeQtjpBUNjLBTloDldFhuB","rejected"
"001632ac63f20ad177837b994641fd838d7350cc","1839095","jxuwJeDDOOHSPxxDPZYzsUYmqSzgTCliV hcDPbNVlMLIoAELq","accepted"
"001634d096033600e6503bfb344ebd4e7c78ff3b","1948247850","RotUPbQQQZBDhfjZROlQvVyHiUGflbmrtoGeIcKfObj lbrGTF","accepted"
"001634d096033600e6503bfb344ebd4e7c78ff3b","48480265","LJI YTKhklNFJTvlMgirrumbmBKrgHooGqFqYEibdxZszLdLQs","rejected"
"001634d096033600e6503bfb344ebd4e7c78ff3b","1813267","efTXUOwEeTkTymTGBKvRgFPGkYgbvXmvnUoD CtDthhkkulNzt","accepted"
"00163bb2ee5f95290bad227af149644a5a42aed5","49188457","lTZlTJMderaTJhdqWCNBFMQnfwhOAgLzohtLOSYphWrbeucw n","rejected"
"00163bb2ee5f95290bad227af149644a5a42aed5","2023972375","nlofeuiRqdJnEdQBxIdTWxdrWgBxWvMpzgc qdMuUTLNGkIGAj","accepted"
"00163bb2ee5f95290bad227af149644a5a42aed5","14274097","yhtUtJHtUnbfIApEracAiZWkdzxTajNRNNyztQGQmvgAZ kuTC","accepted"
"0016880763a0de1a65e3909db52c6e49b7f100c4","2151533734","mNCNafiSGHGiFbOoIifaHIMHsKvrhUQPpwmOzTGwhjilyKq rk","accepted"
"0016880763a0de1a65e3909db52c6e49b7f100c4","2193347284","QUNbLbhsAczMX CaY  DBhOthDpZksutcRPaFYDUscyoSYescZ","accepted"
"0016880763a0de1a65e3909db52c6e49b7f100c4","2142961907","YfkmbBPDQxwAxHyxozEAdzNmiVbPmTWOArROMphbmuhAywGwZz","rejected"
"00169b966d501d0065ac64d4d58e8e94608b685e","46729326","XTVpy KEjxCnYVlHsNPaDXieKaozyqmciSVBleonvbDquobZUl","rejected"
"00169b966d501d0065ac64d4d58e8e94608b685e","3037568","oebH FQekBpFvVZoMYThCAZWbP NkzepPWzSeIeqYkbZbGvvQx","rejected"
"00169b966d501d0065ac64d4d58e8e94608b685e","5240460","evMCfDMgZrwRSUdEBkbCUOqnaHysuMfnxDUXfVTbMnlOplLGay","rejected"
"000012f410cbb7b7080e4a0fbe4c6c24198df9cd","2364545154","LEeINyfYUuOHPkcjebBCLyIAacgUwmaZEjzSjvgrKJhiTWICkk","rejected"
"000012f410cbb7b7080e4a0fbe4c6c24198df9cd","1733095","FQjCAMoEGpiljGCMaSxVDwmpsswJPFtsSNXlecpJSjgljZVAxP","rejected"
"000012f410cbb7b7080e4a0fbe4c6c24198df9cd","1854027619","FnEiBnozKqhgmRLKrTbvwc kzmztKJRZlVLgzUAKitRRCvmXAE","accepted"
"000019162f2a23abdc5f783c16a31a2356202ddc","2069015905","iQGITEoCYjALtAjrforauhSSTrkoRWCSCYDLvpM QydmraFvDh","rejected"
"000019162f2a23abdc5f783c16a31a2356202ddc","14171685","rdNgrzsUcNItQeMqDPYpazzupe IrSACHAql eioajEDhHWNo","rejected"
"000019162f2a23abdc5f783c16a31a2356202ddc","3227469","JXC CuxGLVKkEQZejxUmEPjXNYKpYcPgKXwmLNjfLljDxqjxeX","rejected"
"0000238f07f151172cf2602588ba762b55c8464b","145244251","DqOkWbtxGGhwRnzWveiewZCsElrlwWVPwdPlfvgBMvzkzCgMAs","accepted"
"0000238f07f151172cf2602588ba762b55c8464b","1659436886","qNCSLDcS NaMqINioIvKyptuTQbkIhPGKbOQAFucwmcTqZKSoy","rejected"
"0000238f07f151172cf2602588ba762b55c8464b","51138127","aTDXYPZyvjKPaiuszLgUkCekgQ KEkOAtpTqPzgsbJSNGsXRvp","accepted"
"00002c265f9e4ff1ef4144e3da7d523e9a4dcb02","2056351318","ZmKsjDagBXdylYtGPbdXov UZSiuaJYlMQRSynhjoPioYAabPu","rejected"
"00002c265f9e4ff1ef4144e3da7d523e9a4dcb02","34637836","aJdXDrMQkTUQORkbv jYtkPXdlkSyyeADVagxdTJunknfVYkO","accepted"
"00002c265f9e4ff1ef4144e3da7d523e9a4dcb02","2199753887","ibDStJuCJrFBZPwgePDEuYzlpPjdQNvIxgGDZfuHWanfeQDdbI","accepted"
"0000506688b30cf9ef051c86886699647682093e","8996875","RiOBNFYDgKrpFPGHGawOTPRqznYpoHoJp YazfnVcGUvBnNtrX","rejected"
"0000506688b30cf9ef051c86886699647682093e","9414926","nCzGlgDrgmLMt vppSvsULXzzzEkVlTlmTBiHoGj VhfYltr a","rejected"
"0000506688b30cf9ef051c86886699647682093e","3347391","YfyPVQeyJnaTxzcHAMATvNoIccdRwlgqLfZMLbiRCcACbzTTqA","rejected"
"00006d772f19bd7e8355fc54ce1393b8e8a452d4","8774937","rKrniLpWilhHUIsqZnHVMgSEmlxNEUXPZcTyoFCGvwdyVHZdxb","rejected"
"00006d772f19bd7e8355fc54ce1393b8e8a452d4","40865546","bhvIPUiPPIpqyQxBWzY lxO yVVlsEXTCJukC mlnDopLWiHZC","rejected"
"00006d772f19bd7e8355fc54ce1393b8e8a452d4","50655432","FNgGYVhkESJbUbZIZVyPkmgDoquUDtfmqIVibcpVdLoiWtXvTC","accepted"
"0000955778293a0ac7f43768e8ca34c09b2efec2","145303541","ZuqJgyqCPBYcTvMwEQdVXOscLcGVClpkLfbQzrOoNVZgUHjvqx","accepted"
"0000955778293a0ac7f43768e8ca34c09b2efec2","1746514","vYrPZSKoG NPsGFrtIPJEkPxuGKHsEkiEVXTAnorXmXAkfLodV","accepted"
"0000955778293a0ac7f43768e8ca34c09b2efec2","2242962765","qgqyoltsyqQUHVhFFIIFOiCeUfYohCdNugGPfEbGZURpEFNYYc","accepted"
"000127bd7a1d836c964bda3a2c52f067353146aa","145843121","CndIKemQvIXruWBArRorLAZMEISHdDpKvlCMTUSCDixvvhtLjR","rejected"
"000127bd7a1d836c964bda3a2c52f067353146aa","1709595","aNn bjENcIGUmsEyWoRdibGjtnddMCIggnjEHwMrLsvnTAtCGD","accepted"
"000127bd7a1d836c964bda3a2c52f067353146aa","2035572365","dWaLmZszZEBstfeVUOINZpVFuUzGXyTgyqYfVeBKlmVZILhdpY","rejected"
"00012ad5a6e6fa7be76f319268e0b2ace0d322f5","10687602","hCRuutXDKjuNXKVtVLTqFRWOtqsjOSkHhVG qdoOdJVrislMle","accepted"
"00012ad5a6e6fa7be76f319268e0b2ace0d322f5","1745843","HkJAJgKxrimVmxchYtorTADCjAxaASvhMDBMZxVqqAoxFDIKvq","accepted"
"00012ad5a6e6fa7be76f319268e0b2ace0d322f5","2160494837","zNIooYoSaexFwZgDIUXHmAzKFLjUuSiJyZcUmlJTlVu aJsbis","accepted"
"00013500626f73b4332861e81dad9644294b1ac2","48865984","jDQznvigRxnfFtKnesAFCNchZiolkVNJXOuKuIzZxpoMKmqBXH","rejected"
"00013500626f73b4332861e81dad9644294b1ac2","2118684712","XDnFHIqXWybKKJCbjhqnhCjTxUmKVhgEQAiOQbuiMQvDhZnxgY","accepted"
"00013500626f73b4332861e81dad9644294b1ac2","28974163","HAItztTXkIswNhWdMCmjHbKzwbUrqNaCKAewSbuUJsWrOsGgc","rejected"
"00016d73a970cda4fdb2cb588fc207d785e80a70","2592272","UEkLznmSyYoylNVKjuYkaMeYkNeJzMXTF byFtsZ PyvQEHtDy","accepted"
"00016d73a970cda4fdb2cb588fc207d785e80a70","1785386033","ClLPKqFSRpoIIFnUfzqYjbMxX pyfMoqBZBfYvjZCFMzKVhpMr","accepted"
"00016d73a970cda4fdb2cb588fc207d785e80a70","144395551","gQllEBFQqdSDBjmxWBJLYwlJCARFlImNGPjnMlyZwsohPjntav","accepted"
"0001732a8f4f8443731a16387dda81c61a7bf108","152418038","DZWbJOnohZcUhCJxraJlPPkKCnIGfNsNFnQPFLxxblJBjmRoku","rejected"
"0001732a8f4f8443731a16387dda81c61a7bf108","2187342556","M zUZlfCXERHgyLkRGCIjhVXoemHHduEHoaVZXEWHNVGiRXdKW","accepted"
"0001732a8f4f8443731a16387dda81c61a7bf108","91248293","kYZZfKATrmTMcOVUpLZbRqdlRDGKFCpCxTstpMGmbEyJGTBEIt","accepted"
"0001737302ae273dd1b7d3f144909c2d3f197a2b","9425136","WuoVpyJNGlbgN joK CB qUepaDnxpxgJFskuxgKJbPshVcfXC","accepted"
"0001737302ae273dd1b7d3f144909c2d3f197a2b","51021738","lqrZYpswbZOUwstVkEjgBhhNFLqoxaRAjUPQHTIRTOugcfrOSC","rejected"
"0001737302ae273dd1b7d3f144909c2d3f197a2b","2005143485","lxeeoFcHoRGhLWmcrbRnqdJxOiPILMi eyEsdEWMCGKhRTMaPn","rejected"
"0001a990b8268dbb9fa5e3461f5f62f5f13ead76","51056263","sfKlEfkIwpjpYlMzUekpCxlMdWzUYAS cpJHZEwOsAjXOcZ YK","rejected"
"0001a990b8268dbb9fa5e3461f5f62f5f13ead76","1565916853","ZCipqOeQImxJmTAmIPsoNFSfdfYnuhEcZydkuFbdzhVSZdgdWO","rejected"
"0001a990b8268dbb9fa5e3461f5f62f5f13ead76","2087535942","YvAqFrUSSXZrcsebIbpUGMgphIlMsMNcOwC IBTxUpQpfRSdwh","rejected"
"0001c00c2c8d8482cacb156ecb5696529140d1b5","40992776","GSkXDwSjcgBwpuqEbqdRPpLqisBlHPAhfBhCJjVPIwHcMn MxV","rejected"
"0001c00c2c8d8482cacb156ecb5696529140d1b5","39056493","iplTFuicfNSCtOBe oJPgwfjtTDOOtaopmPHVuoyBqGISnIeB","rejected"
"0001c00c2c8d8482cacb156ecb5696529140d1b5","2191019976","uQBppRlaQijdAyHGIqLSI ORtIFudvixcWEbNmKrvurZdeXtsg","rejected"
"0001d3a8060c403878d1014e4de919d69dd798f1","1710638","sBwIAHhmJ WajyrpttmQNbQiPoaCLObCiGeSpjvWXopAgbuJXj","rejected"
"0001d3a8060c403878d1014e4de919d69dd798f1","2042529113","nsfZrEghZHTZzjswLhbV HBbrvwGXnTxqcDeidJwiBuySwZLpQ","accepted"
"0001d3a8060c403878d1014e4de919d69dd798f1","7420917","YyUCugbuPDuVpWpUVtVFLrvaxwYKiITjvtG qtDsTllgUPAPHk","accepted"
"0001d8aa78fe5890cd3643fbc7182056d092929c","144680113","QrHUzueoGpNjwVJPcQOHvuuJMmrsieABU SKwHXHFyVuoBUMYe","rejected"
"0001d8aa78fe5890cd3643fbc7182056d092929c","35466637","lAlKYmyfcsRywmGOInxgSOHfRAKcBDwaBAlygPtvGOdhRNBHZU","rejected"
"0001d8aa78fe5890cd3643fbc7182056d092929c","144121898","WDMiBLGtAgiVvHPxe hJyqYWGnNRWci ga pAAyRpDVuhnCJTl","rejected"
"0001febe6e236e225124c23018b97b513beeb70b","2229702561","ojOuVTxdwhNagIkfFHEtmksywXwPTEOdoBCEorYrubdylCnvfO","accepted"
"0001febe6e236e225124c23018b97b513beeb70b","2115723501","hQFYxAoUNkPbSoDDQshYutAwDSjQyjWOGDiGBzfbHXnZFSHfkg","accepted"
"0001febe6e236e225124c23018b97b513beeb70b","37622776","gsNpaEAszsTEndBviyKfZbUhjPFRgzzbXecJSkuqQgNweBndoG","accepted"
"0002374d040e99d93df679b0088acf42dda237c9","39102196","EBjZwN dFi hPUQuLBkv EXiHybDDPdhuFaKYozdYGqJqdzTFz","rejected"
"0002374d040e99d93df679b0088acf42dda237c9","8996875","klbfltX fSie tIrdlSKbDLzDRIDfPWwfignOTVrUxTCiFKuYQ","rejected"
"0002374d040e99d93df679b0088acf42dda237c9","2118717666","fudDfQlWQgyrivFfNNiYIYncmxCIHQu LYoriNaTFDE yMGe g","rejected"
"0002384b1e84d047e1efc293920be95d520d645c","1757723","JvCPCUgiI RlmDLDOnsocbu ibXSIcnRYORipAwGxZyhbHavYv","accepted"
"0002384b1e84d047e1efc293920be95d520d645c","3181493","QyMpwoVxbJRGDmVzcvLCleQwQxVMuqDKsjrryXSoDnXyBw Vto","accepted"
"0002384b1e84d047e1efc293920be95d520d645c","2484078","NBXIK TFuLtseLVnNiihFLcWcxQRfaYOWmGwUQYTlYxhILEYRD","rejected"
"00026a825063a56e3bdde4fa3d9e43cae33c9ec8","2109624511","vJdhnCAllsvLcxUcewxqANwpntyzrnaLwSBFFqjAFszuGANcyr","rejected"
"00026a825063a56e3bdde4fa3d9e43cae33c9ec8","3311548","BkPiNqSlIJEwdwWktfqLMxzVUbFsfnjkdeOiFVojvkmQlusxOK","accepted"
"00026a825063a56e3bdde4fa3d9e43cae33c9ec8","1986385","BAjWIXKuArdYQ QPzYulSfdyPPRQNqnvPCLcraQrWTrQVMqR","accepted"
"0002b039d535279ca348c365b407c05e0784e73f","46449010","tBBTNJ KWkPMVIfbbLcaPNoXzSBoofUgqTmZO JcLGKZzdKybV","accepted"
"0002b039d535279ca348c365b407c05e0784e73f","1952776","ZgWNqrTLEGRJSNxbNMxgRLZMuZoCTOSrMJeHrnQYG JwYchGMZ","rejected"
"0002b039d535279ca348c365b407c05e0784e73f","2395563520","VyEuOsaChYRFRNVNvfHYfRIAGBh EbwlcSnSuJhblFJECWJAu","accepted"
"0002efcebffeecaf3872467967541f9974cd540f","2594675","vpGgEehGyYhLhIiUBG tIiLWpEytmHZgozgBf vDRNYgrUXmke","accepted"
"0002efcebffeecaf3872467967541f9974cd540f","1694479","jHaaJFFeiyTUUQwTqpMMTUbYelDJdVkdeIIrXVUmamJKDVQmuN","accepted"
"0002efcebffeecaf3872467967541f9974cd540f","143612725","JYUGgDMvQRzBxviP hlIVNaQZYxujVNXtfyErzvYivYULtYWqn","accepted"
"000346187caace58b9f4098078e95d93b7722312","2826716","qrkXxduvvUxPUaqJvBcLbvHRLTACilqJIpuqrZjYdALefjHdsF","accepted"
"000346187caace58b9f4098078e95d93b7722312","2108194537","QcLiNvnfhZJAFjWTreMJTrFecvckdNRxKWaptFNfdBDL HwXRT","rejected"
"000346187caace58b9f4098078e95d93b7722312","2237782098","jRBXJuuPEeBwxMzUBCIEgMlDHfIrvSGHZdEQCcPdfTgIPeqcao","accepted"
"000353fa52e0c081405fb396330a044a9105893f","1387451194","taPutWSoFxoZeE quLMDpmPZJSNzjpShYOYMiWFppHOwtVthQJ","accepted"
"000353fa52e0c081405fb396330a044a9105893f","1398564411","bmQMrRC HRbreAHovcdQICMByPjIdyjwdjQSqCjnYZqlzEQkNI","rejected"
"000353fa52e0c081405fb396330a044a9105893f","2192576631","pLUvfNXGWPuPziIcuFfqypmWHUjDVXLgzscTZOwSLYpPwXLjfZ","accepted"
"00038b87bed2755fee5ee3303ac1107098a4896c","2107916962","wVQJSNvXkzmrqtnoPmpYjfibRavDtLDGcMaHkazYIWPNRFzBeg","accepted"
"00038b87bed2755fee5ee3303ac1107098a4896c","143879230","DvoJXbiqEKPmsI  MsqyWPzkbbQCCCTVtcFVLE F omvWOSbXy","rejected"
"00038b87bed2755fee5ee3303ac1107098a4896c","3227469","tqQVNwvUAzAiGVtPFOCkDBZpwHmtbipSfXhkbEaVqytuLb ksx","accepted"
"000392ece4f70fb46e7257ab150a7c74eb97f4f5","50661613","iBDilhCbkr aMNmcEktPQSRPYZffTN zQIQWySPqBDsfOi fXb","rejected"
"000392ece4f70fb46e7257ab150a7c74eb97f4f5","145244251","lEOmpEvIMJNpLFVvHfSsSWhsohHqlAdCFPHIgDvYNFsKsaSRqO","accepted"
"000392ece4f70fb46e7257ab150a7c74eb97f4f5","2339040","fRNFCyEUkJBIRPpSUtSkfwxwtNNFWOJeGHbbPpLXKrOVIMxwDm","rejected"
"00039af10c37a08a86e7d55b171077c499a6e9f8","2471799","ZV fdrBmqTXDhIWWcIGIsXCPiOH OPfwtSlJdmYs qXDtYXYFz","rejected"
"00039af10c37a08a86e7d55b171077c499a6e9f8","47746980","hk DBpqWGqpobnsnldlGnkGnhkqlYUUaJTslbFwrhAZXKPLrcY","accepted"
"00039af10c37a08a86e7d55b171077c499a6e9f8","143676798","QGuKliikdSSqURoOPhkjO KwOXP PTrifOofXrjLeFkgnbOMUz","rejected"
"0003b84cc17720e034f8265a2f23b8af04b6e583","98702062","wklTFSisKCKcbVACrzHsHtWMbXCLsEcXAHkYztmtKGhBTkgcnV","rejected"
"0003b84cc17720e034f8265a2f23b8af04b6e583","1813267","wujUNYkY Ns iTbhFCUaSEzdUoOUAxkpgYAovKSzqoknxKuckM","accepted"
"0003b84cc17720e034f8265a2f23b8af04b6e583","51885253","YuBVQKnllpamWLnfBMCWBmTCAvXeveFFdCXwPwPXUynvgFTqkJ","accepted"
"0003d88d60eb0f6aa24e3cd04a2e066118d8681e","2148301725","RXtKNTpOJMayRBeNoJEcRbFyqsjPGcnGOxmrHiHFBnZgddOXGE","rejected"
"0003d88d60eb0f6aa24e3cd04a2e066118d8681e","40245505","PstHDvjsrQMRPWyNQAsnVmEvaIYsvwoFuRvOtLLvBzVHWrbAcx","accepted"
"0003d88d60eb0f6aa24e3cd04a2e066118d8681e","2148273332","yUMzrzNSXHBXjvfohZKirEairNdwWBImoFrMuUCQEaIoICAGcX","rejected"
"0004007c5e8aaecf4d1860f1caa1a5f183022b36","2215366688","qDMlPIKgkhJdmqWbRAssUPTSKgTOZzUyjgtgpHTyduB JtnCbE","accepted"
"0004007c5e8aaecf4d1860f1caa1a5f183022b36","1748707","MitVanqkdEHtJrn rSUIsNWOXMvihRuS RBzzUwYlrcqXvsbuU","accepted"
"0004007c5e8aaecf4d1860f1caa1a5f183022b36","1381092885","mGZP AdZXeTAaleGkUXAqvWBZnuJqdDOlZwjX autOhTXnKjnW","rejected"
"00040bdd447f041a50ae95fd51926cf435ef1eba","2054915585","lSLBscLzRGomWtduIAeePsLUNhLJOStedbGuoMnLEQRRFVQuOK","rejected"
"00040bdd447f041a50ae95fd51926cf435ef1eba","3113695","MoWQfilCwZoNrcTOxUh OsehHhbDvfBUJoGgOQTTNpbjOAyjeA","accepted"
"00040bdd447f041a50ae95fd51926cf435ef1eba","6812347","nQXzjuTHSTJYCSu klSegTTVRrBwvbqhxlikaWJHFBuRxHusYT","rejected"
"00041b17a6023fd9e394a08a18a45e011f142c86","52218823","ylNpGEKgqXcDRayLAxoVMOtYmoBSTTLGowEfZVCtRuSfhvDBuv","accepted"
"00041b17a6023fd9e394a08a18a45e011f142c86","2618162","FJhOkfYwyWHjLNyUqWNNtkMlebavaEOSdHbPipykjhhLXfoXmi","accepted"
"00041b17a6023fd9e394a08a18a45e011f142c86","2119321839","klbCveikVTHoFUDXitwBupXQDIrpFopSXtgjUxscNlylkjftpx","rejected"
"00042fdb58453a06509eb7d28a62faee2371f23c","2196176908","FsY cSkjNBJVCfJMwlZoUDhWtQZexaKGYKXAERzKZaoaPiXgrO","accepted"
"00042fdb58453a06509eb7d28a62faee2371f23c","145544190","gYHP apDcxAoNOqtYxQlsqsiZ jUAHuSKzRtKHvFsADnDiCCof","accepted"
"00042fdb58453a06509eb7d28a62faee2371f23c","90934547","tvsyEqSfTLLGRJQSNRKtEwpOegwRaQOyTsSiVJTkhXDJKlKcIM","rejected"
"00045cdf8bd8193ee10bd54d7c2b8f51b49a7866","2144289260","LbBqoXTSsuZHk kJXgKYjcautSHbmduhaEkXcJewhemoAfMkAy","accepted"
"00045cdf8bd8193ee10bd54d7c2b8f51b49a7866","98126512","WeQvewVAIbezEahkFWCvNOShumqRWmtvkljdZLrfSYPupNOefS","rejected"
"00045cdf8bd8193ee10bd54d7c2b8f51b49a7866","2110749577","pSiJFDhxIraBIeYmDOjj KwypQcvyfSn bLBWvBguQSguMrwsJ","accepted"
"0004637df49ed693fd73bd28f6fb57cbacc821bf","1785386033","DQIBiGCPmwpOJUXQwJuThAOPPNGkgctUqEUyXiApFJridswXhu","accepted"
"0004637df49ed693fd73bd28f6fb57cbacc821bf","4047675","qEChhmEBokiCdPBDKmvfOdzzmsYIhFbnpqPMztGeSrccwXppyG","rejected"
"0004637df49ed693fd73bd28f6fb57cbacc821bf","145213083","DzBWBvPBkJZFzmsRQorHrGbISBbnqgbusJYmaH qlQBiZGbPnF","accepted"
"00047c225cf4227b9450020fd61ffc51ea6aaf86","2044359322","quddEuxFjyBEbPIBwozPDVfuyRfXKcixIFYDYKdUkwQQYlPnZw","accepted"
"00047c225cf4227b9450020fd61ffc51ea6aaf86","104076199","BPsGqCPjRZlZKsXPoUgGh lfRLLKFw GoPsniCkmoVqOUajyHE","rejected"
"00047c225cf4227b9450020fd61ffc51ea6aaf86","2182544740","KcTIfQMTAHLdSbpyfzpjILUJTptVphCela zCmZQBKEoVciBPl","accepted"
"0004d444f4775dfa8a9171cfb64452187f13d8ff","4035090","WevlOfBHjepQBMij rGSfIuKvSGViADVHhrUlopHdjSDJQAu p","rejected"
"0004d444f4775dfa8a9171cfb64452187f13d8ff","1398222646","YoOkuHcizzheIAlXhmncoInmr HcBpZhCgpnDRluZnARiB Z","rejected"
"0004d444f4775dfa8a9171cfb64452187f13d8ff","1739382","KHGybUYXZOsbwdjNxkVNsYfJMwUUU tTLSpIW WgNVBjvmzQJQ","accepted"
"00050c15896e8ae6bb534f10d072351547993f72","2144501858","SOBXqWpSQtwrQyPsVVswwER fnQejHkwvMdnmytoGjTZnUmcqn","rejected"
"00050c15896e8ae6bb534f10d072351547993f72","3411672","ICDWnoVLZ GaYjlwFGGIRZOADDNRVccJ KsGIroQDWkGlqOetm","rejected"
"00050c15896e8ae6bb534f10d072351547993f72","145002459","BCpyFaxvPzQBYNyXRBEGjkPEsuZZGUhlHffeCheAZyGfFdjwZD","accepted"
"0005130e0bb6cacf27b6272a56a41d415e18a736","2316559532","fAJtyLOMTWGlBxdJopwQGcZjSoZuxjTmSXxmPrUWTAXQ Vgnyb","accepted"
"0005130e0bb6cacf27b6272a56a41d415e18a736","3001662","aCaxsmCzdoexfebqNhaYYqVjEDBHJAsNMAStOyqJfskPDLmkZE","accepted"
"0005130e0bb6cacf27b6272a56a41d415e18a736","143879680","kOzpXSrdfjdZgxEcTnzPYfvbTVDAFuhcpIvxNlZkJdDyyMhdwI","rejected"
"00052cba36bea7aa225909f380dfba404210d2a3","3369856","JXBqnTgCNxeImSbFoPbCKBTXnidPuULwackGCtjcnpMIsBiqOK","rejected"
"00052cba36bea7aa225909f380dfba404210d2a3","1757287","uCLrvSMgktURi WDUvlDhemJrwxLbWrJL NRstjITDcslQnXMQ","rejected"
"00052cba36bea7aa225909f380dfba404210d2a3","2146309367","WOkJbaNYJCaTQXEeFxKsHsAqfQ aXMibWqDFDiouAibsLhCSJw","rejected"
"00055f69adb8db517dcd31d0e6631ee7b7d36198","144890810","WWawesvWThxu wbIftRzRwkonaDAnYCPQYaOqQKotvwtOzdjvT","accepted"
"00055f69adb8db517dcd31d0e6631ee7b7d36198","40147795","lcozGLiMlXqSHUJhphrnDeuYrFUNIXzGqL clbRAbdVfJHlBQF","rejected"
"00055f69adb8db517dcd31d0e6631ee7b7d36198","5957219","ItTeWZxCYOsfxRhL WoJ mZhjxuVGLMxWI dFKCfqmgNvvEMnZ","rejected"
"000599193d0faf491ef3d9073f408d1e9951aa9c","1767534","WTmpEDKQEsEoUmCYIsYzjXCraGLMzjCcv ifxPTRF grXSCyeX","accepted"
"000599193d0faf491ef3d9073f408d1e9951aa9c","2067091755","zSpQtFpdpVPIGXSOxyRbomv KeQYRsqbrOzHLDz eyeOiLvCjN","rejected"
"000599193d0faf491ef3d9073f408d1e9951aa9c","2110616994","SppZtdpKgHKlBJnmqMyTmYn eK gBXHPJGbYyKpbM MXOHGANL","rejected"
"0005a57de16cab2013be87d9bdeb996ffbab9d79","1684808","TLjSJNeJReZRqpjMnCOOOvPQxXwwFrOJOYwSWGPznrQPyuRWet","rejected"
"0005a57de16cab2013be87d9bdeb996ffbab9d79","31160235","mQJudrQ MWv JLzcRanwoxbhrSzyoyE SaHPNlSCyeOhYTLmo","accepted"
"0005a57de16cab2013be87d9bdeb996ffbab9d79","144279278","PWdM VGcbQCgcksxWjGSyracbykjEKlutvUGfnPICoVYaicvVc","rejected"
"00062b41119d8000ef8509f23e34cc9d7ffd81ff","1730285","qfLxbcYWPGoqRaGgYtAiwJdbKgrHNFliLLQRMUArusDeRTdLsP","rejected"
"00062b41119d8000ef8509f23e34cc9d7ffd81ff","50348526","FvjPNLhtHVSj kuURcBJqqmBGrGq kYUwVkMhSuUPoNXR hWgR","accepted"
"00062b41119d8000ef8509f23e34cc9d7ffd81ff","2112266945","RBYJqJcghsnhNvarbUjsqWLtEaBwKSUnQfGGrAXXjSTrvfrkpM","rejected"
"00064989acb3906e6dbedea6157c0810eb51a9c1","144330091","EBhrBjShVhTtXdsQNwmkHZ NlOcVa UGjEipnQrgHuVpxsPifF","accepted"
"00064989acb3906e6dbedea6157c0810eb51a9c1","2054652097","aDaGjjDqGeCijOkkBVgwZoLSBpeUmfnUhzdFtkxHxsqBQPRSdg","accepted"
"00064989acb3906e6dbedea6157c0810eb51a9c1","40649974","NupXnTzNJvQoveoxLxqbhVavtnQRixsbTQmPutNsJfIxbwfzkt","rejected"
"00068ed4b4a94938e3fedc95b9181221d2efdca8","2102444233","LGbIgCDf WuRsLPvKjWCOfueRWKsJJsLUBwoIngRBffOnHVBCM","rejected"
"00068ed4b4a94938e3fedc95b9181221d2efdca8","2081831346","kTsytAfAtVQdJMA YKmWiVaedJojdgCrQPYwRVYln Z lEFL u","accepted"
"00068ed4b4a94938e3fedc95b9181221d2efdca8","34637836","dwFsXzlawQIaDpJBLcSfYnqXPtTPOlQEZiqIgDhfFVpoEaicOP","rejected"
"0006c00b57451adc55bf90570027d60fe292c234","145377218","BMjYfmVylPouSzVSdEGOwIAlrSKVUj bSdyGQLsAn GowFCcei","accepted"
"0006c00b57451adc55bf90570027d60fe292c234","9268451","gCtcrvhcVXrOSwzCSorLKDHcBqGnAYDQlsvzZfJA erDMUrGUo","rejected"
"0006c00b57451adc55bf90570027d60fe292c234","2136348628","hPJLBNqfqLQIAOiSkTcddFGteONLYaEwpmBDWBpnxFbGLbslxj","accepted"
"0006e13c5a2a952c11b35aa056f83b8ecd12784b","1603029568","DqiGuynYRJRihWocaWnxPapFZVMeVQfijOTxtZnHLYboCEJHPd","accepted"
"0006e13c5a2a952c11b35aa056f83b8ecd12784b","2133061468","fbEpLohkdxcJhQXJuyzDqbnhdVKjKelUb uoWQl VeuqNWGhz","accepted"
"0006e13c5a2a952c11b35aa056f83b8ecd12784b","144331186","njvmchtJesRolwkIdkToOVEdkcyYcHtikroraxfSGJwgaHgpvT","accepted"
"0007355c3775f13aa003b9eff6f405e2992b4ddc","97850279","LgqajvmDSLhFOLXEveVyKC sVFEmhNRJetgLNgFxuBzhyJgPKW","rejected"
"0007355c3775f13aa003b9eff6f405e2992b4ddc","2285454096","VGYakgZMU tpuhnIfOdaACtjcnKrRBWqVbeYKBjqjvgfKvfrPV","rejected"
"0007355c3775f13aa003b9eff6f405e2992b4ddc","2110732840","beEeBBPwjepOZucGHTwzehnLcKECyzeQlpykmxFTqlRThEnZZm","accepted"
"00074925bf479e0fb2eaaab92bde0ed842087b3b","33095617","SEguySNEktldDfRfBrpvpVUTxhEJzDVzVwOcqMeQFuQVlnYK","accepted"
"00074925bf479e0fb2eaaab92bde0ed842087b3b","1751931","odCkBrpesoNxleOrtcaOFWHmpDGnbyeFrrvDFUidbmMALSHjtP","accepted"
"00074925bf479e0fb2eaaab92bde0ed842087b3b","133616629","ZCFkJwfoDMZCvdOZdaHupnjGnwfodLkTMgbsPsml lOKnOjSBh","accepted"
"00076a781dad8739e95b0fcae8ed9dd2ba25f2d7","1920712896","DKUOdutzygCVB NQrPnxMOKYsEnZqsEldJq FpGdzbjzSUWirU","accepted"
"00076a781dad8739e95b0fcae8ed9dd2ba25f2d7","30692558","opRBRHOYFOsMeHncUxUqddNOeRzqRfuIDCFcLLGqoyPtjAbrtU","rejected"
"00076a781dad8739e95b0fcae8ed9dd2ba25f2d7","2887924","PykNsYHBPfXdlYLzQxiZuKBzfYDbTNMbASilglJAnuuMXIYVYM","accepted"
"000789ce727abef34cd3c166904b4ca38b606581","51897311","xPBjlfrVJFvhXDuvSk pyEkeEVecsqLUowADsCiTgHcbAegJNY","accepted"
"000789ce727abef34cd3c166904b4ca38b606581","48866172","mBbdGANprMs thYMQPYXciAIWSGzzoqgTAMlFHIccbmccMCSXw","accepted"
"000789ce727abef34cd3c166904b4ca38b606581","40500716","MUlHsivUVceiurZMSDfaPfBAqRLwwkAf AskbdvKWsKacshEAD","rejected"
"000794cdc9985ec8e3008d8f4e61c56e1dc96820","119726210","xHfuZ QAQtFxPjtxhzisTGtbQEvQvudrzaMstVREAcNwPutCBN","rejected"
"000794cdc9985ec8e3008d8f4e61c56e1dc96820","2249258149","VkzAluuYeOioyPzsiWAlAC MmdAJgPFxOapcDCNRFRGwLHJfdV","rejected"
"000794cdc9985ec8e3008d8f4e61c56e1dc96820","74934945","QKojrshhDeWIcvsQWOrhpuDWPqhaPbokSxWrEQMgLOTgBzGyQe","accepted"
"0007ad2e5b1590b3be04d235f353cd64dcf3a48e","12593622","tfsFCHTilIEdcwlOooxAlUZDtZjPpzepHxBAiGPYDaGqBVatvA","accepted"
"0007ad2e5b1590b3be04d235f353cd64dcf3a48e","3449207","AcsQczjgQByGImXKrgqwpsGkkRflQuHrUKgPrGgaXYlutnACaj","rejected"
"0007ad2e5b1590b3be04d235f353cd64dcf3a48e","2149930742","PUroCKWWUbZYNyRMpDArhfWIzTpxoEjsLySqQCWyDqUuXXpbFn","accepted"
"0007afdb2e7a96d69f4cd21215fa00a2a3b983fe","144309515","LxddSUDoNXbVNGnkgdfxfDwxvOpVwVlKkUdoPPevvyuhOQbhYo","accepted"
"0007afdb2e7a96d69f4cd21215fa00a2a3b983fe","2028256528","xJKaYsTPySP OErajfSWZnWrSBCOnNxyF DpQLHgza WEvkSNZ","rejected"
"0007afdb2e7a96d69f4cd21215fa00a2a3b983fe","88849233","NXQgsafjwPMkPIRUIGIewCoKZCEhYZAuAbGdRTcSOAnZvoToTl","rejected"
"0007b417c3b383ac45dead1c4ca7758010246463","50513594","qOLziVLLveTIoBhPJySRtZYhqT naCErQAbOkayQKRTjRmuFbq","accepted"
"0007b417c3b383ac45dead1c4ca7758010246463","48641770","oRwYvgy VHBQUpQJlICAsHlZYuoVGUBsyOfp JRNWZdmVRUbwx","rejected"
"0007b417c3b383ac45dead1c4ca7758010246463","30139259","eLVHZOGQoabMUUAQDpObCqvqZKmtxjnViFmvV bcbgSwBDDChI","accepted"
"0007c3cb6c1cf21efeca5c94c8a46712b40f07c3","2108919385","eRpHFEksFmUWogGvYIdtoXLlKGbSRrQAv sxEBUneAHFXvtnO","rejected"
"0007c3cb6c1cf21efeca5c94c8a46712b40f07c3","8908312","sDTxIsvbIxjOWGMZOOuyfPBlgkHhuGpFKSZY HLAVTIffnENyC","rejected"
"0007c3cb6c1cf21efeca5c94c8a46712b40f07c3","145436612","QoPxsUhsKjaVeLQpyxNNPBLaucIRRfmxzfHzXSSueKyjMxwlcC","rejected"
"0007e9912276fe176ecca94a91fd1828059c2017","2120128348","tPeuLWRxwetcsaCPkTwVq pSrrclilwgBdXOyioSYUkKmbgwIu","rejected"
"0007e9912276fe176ecca94a91fd1828059c2017","20557621","mIGykbSbUUmDHohyrNEiOLpzeJ VRpwpVJgiRZAXXjrBylvEGe","rejected"
"0007e9912276fe176ecca94a91fd1828059c2017","143626711","XIvjkLcHbhhBpz BhwoFtFfZJabLvjbCdDeguNRRcemMlXgyjV","rejected"
"000811d9059d16868f939a528fffcf1792ea5aa7","21665893","jknIbCEnkQVvyvVHfxUULPyjrUhNxQFWoGBFVpGwuZAjzkLAe","rejected"
"000811d9059d16868f939a528fffcf1792ea5aa7","48850265","jeQxtjP BPCQcSgmDZKMZuNcHmkqEeurFEyJhsJXXBRQBFNClI","accepted"
"000811d9059d16868f939a528fffcf1792ea5aa7","2109084524","iQgDhiZuCKjyaCoZZ LVAIfreUxNMVDjnvmPHzEzDkpJms NLR","accepted"
"000836ae35b11c6f223ce3929ab20e6dc3b88808","2091719868","WAzfQBFZKx UXQUCYjuiwJzICOmJ rKGGuzLEijXnFhfhVnMzo","accepted"
"000836ae35b11c6f223ce3929ab20e6dc3b88808","26883181","nkvBql eVxADZtdjnbhdodLTAkfLsLwrAhvXiknrdhMxOnVypI","accepted"
"000836ae35b11c6f223ce3929ab20e6dc3b88808","1757723","rCGHTEdYZEShHvRPRadYMmpslstIUkPOljzlEZmQpyOxXAiwb","rejected"
"0008490758701baf76c6211a9d8625bcfba2f0f3","2102268268","bKjsrHWxXDdSJmkUNxewsVdYiQdHUsTofObBByrabpjbEYnvyT","accepted"
"0008490758701baf76c6211a9d8625bcfba2f0f3","2110671501","EScAzzrDncSvCIbCsvywgToQRWTSCnxCPcpTEcpESI QPeTFCr","rejected"
"0008490758701baf76c6211a9d8625bcfba2f0f3","2126207","rmkpWWKeiOIrRMaqNwoasTscILtCeO LKnLUOTNhjGyJ SAxwI","rejected"
"00086b8bd2608ebb98ed648bdb7c5e2400f33e8b","2143696138","sOosqrmmcfoPyAmUJlDTlioEDJEvBGGhsQRMjtRJvgZgssBFxp","accepted"
"00086b8bd2608ebb98ed648bdb7c5e2400f33e8b","2085909250","CaHXseMrtjfIgBhJTt yNbKZI vzefUGLZSfukskQALWjxstAE","rejected"
"00086b8bd2608ebb98ed648bdb7c5e2400f33e8b","152907820","chPFZfvlyRvsBESvZ BCtMusosjmBWUVDjQHVck ZGxiiptJmS","rejected"
"000873bf9d16d47924d1ac37f53d04c84bee172f","2146052891","bChUfqrQWvYrQFeXFPhktuQVkOLIflbtQmDXlwwLFTo jYAkk","accepted"
"000873bf9d16d47924d1ac37f53d04c84bee172f","2864573","HnYBxByoASQxxQlMruYPrfiTtYDoTJdfGJXyJvfAvSAzSadygF","rejected"
"000873bf9d16d47924d1ac37f53d04c84bee172f","2112284593","ioMVfRJnWyOcTOyUtCsUnXFXJjgBzWomMUwoPOcONuYRvsTY D","accepted"
"0008afdfa123c7d32b644f5cebafae98a58e1bfa","80950139","iW WmvvOYXlEDqTBCbmE jLX cQDaQRAWdCdyJu CYK otpkJF","accepted"
"0008afdfa123c7d32b644f5cebafae98a58e1bfa","86981658","WburfmVARgaVNWnowcB disLrHwJDJXVOuwTlOFkgaQqrHfCoG","accepted"
"0008afdfa123c7d32b644f5cebafae98a58e1bfa","40449690","ubLJQbrRdQffIonXjHNqkuDNMSLBaAdBKRqWgozWoeHULicEiH","rejected"
"0008b69edcef0c7f2837046d8ec311a867bc17e1","3294862","iDMJiATknhoEFiCx WRIpTHBWpSANfkxZlGSUmIGCIulKoBekx","rejected"
"0008b69edcef0c7f2837046d8ec311a867bc17e1","145652228","DOcIuyEGLFVlWnIbEkWqGUrKLcApAJOFfdavIQQhkEuikBHDAX","rejected"
"0008b69edcef0c7f2837046d8ec311a867bc17e1","102804035","wQODTzPXfjBeAZZRrlqxMONWUeNOQUBaYafWklirFJHhESskgc","accepted"
"0008b77bbac08f161ae5bc1f3663ae21f68b4ac0","7016851","vqquPhlbcEEEXLK qkDdtjhEVgwldLiJFecIGCxXxvrikKPMzo","rejected"
"0008b77bbac08f161ae5bc1f3663ae21f68b4ac0","2108712780","ifXdFuijrSmSPkuMyojWNRGqQrnPLLIyjTvbhUtmrSZKniAOLg","accepted"
"0008b77bbac08f161ae5bc1f3663ae21f68b4ac0","32643561","IttRfvIKeMUWi tsmRspFDVCYVeIBTizAFKVedkPVUgkvzOYTB","rejected"
"0008c036efea03fa611ecc84bfe4cfd6840a2c2f","33189779","MooyhUvlVtCb RyJmAGjsjNccPLWDygNIMvIXISTyHRNsUalKT","rejected"
"0008c036efea03fa611ecc84bfe4cfd6840a2c2f","2111140983","itAvaYZMqbwTJZxlMPblqeIeKStOHFiFzFxMqGaSfQXytTMvVo","rejected"
"0008c036efea03fa611ecc84bfe4cfd6840a2c2f","2338094687","IX rLzyAKHDLbCcnJkmGpSKPophZtCcnowbTSGGbpOqpMROrdj","rejected"
"0008c6d70539b432c58c4e258d171878e3dd3958","101746993","MqrGJBofjwPJkwhrT uniS cESAEDzrUyVjEf thaeUzhkPLQO","rejected"
"0008c6d70539b432c58c4e258d171878e3dd3958","1506808695","HCVegPukj uWLfgnuNCTIxXcHqcLpaJVlwApVvAHJDjFWXfmMD","rejected"
"0008c6d70539b432c58c4e258d171878e3dd3958","1714008","ztfNtpflGICbMpc tayEpmZKlYylCsMLhPZBovjdoJsuGuisze","accepted"
"0008d268d48a7718a39791dbd2572cee5b21401a","3426940","bNXSppb xLqYe VaNuXcbVEPcVPwzCarbsxaGrzELgpFaAfMH","accepted"
"0008d268d48a7718a39791dbd2572cee5b21401a","2192009","StBPaNBrAwVESsGtZZCJKfTJSHsfoLBulaqQitCBmaHKiQfnZd","rejected"
"0008d268d48a7718a39791dbd2572cee5b21401a","35455751","BSoOKjaSmraWznjxAWDwYUpSqfaXKtLszypRWaZokQPGsIZCNd","accepted"
"0008f44f75d15c31fd32540080dfee40acf4bdee","145792284","NKmhDuYxheYKrFTsqErSyIFO cldmzcPuXsUPjNheNZNzvQbKC","accepted"
"0008f44f75d15c31fd32540080dfee40acf4bdee","2014749429","soXbaxHQnhrLHUHWXDKmZmfttaGNVekHPBsVCIdDHigADktacZ","rejected"
"0008f44f75d15c31fd32540080dfee40acf4bdee","2087535942","KZuoyaqiZt  OemHAkJXpQwYcpsYJGzixzRIfqayajCWXpHIbC","rejected"
"000903f5c83107569b88649beaa758553f74e6c5","2117843696","YQZJzqAe ayBlrBsJvPBCFGLiDpAfubuiyoTdKqjVqInsHgEZV","rejected"
"000903f5c83107569b88649beaa758553f74e6c5","97715701","GfwArKYnefdvZkUbLKKMLpcllIQUIKjoPYVDoeJWFxHUfOwXvW","rejected"
"000903f5c83107569b88649beaa758553f74e6c5","6531401","kyjEncoYzCqtWEtWXcIioXMrzJvNQHRuNGFWWONDbXrtwjieqG","rejected"
"0009222ef6d117f30864044583287313b87f20fe","1686529","ABUFxNvXldNbGaf uITqRXRTiOyFYznmuBNaVBolPXZnRHDxRG","accepted"
"0009222ef6d117f30864044583287313b87f20fe","34662662","nKqBtTYpDoPxKJnHyaHTXcHNXuxQpJQoDCDiUbKULabalrPx H","rejected"
"0009222ef6d117f30864044583287313b87f20fe","2110310817","ljcDCAYecxe xnkaoBPcxYPfEzvy SgYOxypzZGwvYcagrlnmN","rejected"
"0009d03476922aada92c988bbefe2fa903389fc1","7016851","piZPUtANdMDOqLuEHPc tHIb tbUavLGGqrjdZBQGZdkslsxHf","accepted"
"0009d03476922aada92c988bbefe2fa903389fc1","2860683","VIL RVpaGSsrQWKVopHdIWCuqhDeozJjfoUeBmBMHSFEZXLxCM","accepted"
"0009d03476922aada92c988bbefe2fa903389fc1","143736626","TfzeByDKgxtGBhOvVjqaozyKRAnJO GLfIMfvVkyNFNSLErqdn","rejected"
"0009d695b765a54486e16e385e8d0764b16df98d","47519887","lDPEKInRMZhOWgEgMpnLUKhoQDUltyyJdOYqtfQXWpdMVAYBDS","rejected"
"0009d695b765a54486e16e385e8d0764b16df98d","143839368","mAWm trLrDhMGWNjCKrWFDssFNiztcLhoblaiXDJ zzQXTNigC","rejected"
"0009d695b765a54486e16e385e8d0764b16df98d","2116286559","ckkJWxcjVsgdKZAGm yoMRxaHuuSNmipipadYAHWafWrQ LnuJ","accepted"
"0009ec557b3aacca60f6b0780b7fd2412e72ef12","8908312","bChfqebqudgIUsS RtGEhKNZktjguHAoaxCRPcouj GjqTmrxt","accepted"
"0009ec557b3aacca60f6b0780b7fd2412e72ef12","48393332","jhiXQaeKwLcmuUwCffrqduBmUEKCucwrmeNGfQcMl zFzQCvFW","rejected"
"0009ec557b3aacca60f6b0780b7fd2412e72ef12","49086975","GFiUnJChfoSFOBAkhWefmQMIo rEMnimsavhfUyRIDTsZcwXbn","accepted"
"000a08b962bd2ebb21d54700e63fa5c19d25db9c","2302274495","RfiPrwYnrIe K KUqDeQNt UYfWljUGFmfOOYRgVnNmOIKWJOE","rejected"
"000a08b962bd2ebb21d54700e63fa5c19d25db9c","2254339","NmiECKAgBfqhdOHyHzGuaWybTrQhQddlUJrXUykNYLehfPUYxX","rejected"
"000a08b962bd2ebb21d54700e63fa5c19d25db9c","2168200555","AxfhpAhslCHiwNwGbIUJYUtDzfSKsjkZUY hMYvuoXZMEaHwrn","accepted"
"000a20738a4a9bca875e9629f9ad4d75753982bf","144494743","kqcvpZQ H aqNlSLMLwkYYgkPgBddkqKOhdreRdKmylRjaEAhY","rejected"
"000a20738a4a9bca875e9629f9ad4d75753982bf","5535545","mmwy FV sF oyYvhMpRjLtslTAwrOwGUzkGLCBxAJpxAsko Jp","accepted"
"000a20738a4a9bca875e9629f9ad4d75753982bf","94430377","JWiqwKokfGiXedczEclTCQPMtKatvVpjRoLyThSjmdP JBsCWj","accepted"
"000a2a1221d68bd80a1ac4c0ce562eaed7e6bff9","145158154","vqvkftQkIUkyHvOTiEHnvOUoYMDMvoThcbcnXjGtphLtVRpNEt","accepted"
"000a2a1221d68bd80a1ac4c0ce562eaed7e6bff9","144058449","ZWchdvLISUttKgtnfQFufsFEU KWjJwPopGreGUwoMrzvMirjI","accepted"
"000a2a1221d68bd80a1ac4c0ce562eaed7e6bff9","9204532","lTSYdmqVWkJVSHjozyjqWmS AjAJOxAzsVdMUvFQXderoZJghH","accepted"
"000a317e09448ad3270ce52a7f2b1ce42acd80cd","144927584","sjezRSufOtZoYEwcZxpAJBKUeGvpqaEmCDvZBfZyySPQZfyUUG","accepted"
"000a317e09448ad3270ce52a7f2b1ce42acd80cd","2058328762","UdScahAiykloBYVIVpMakXdRXaSFuAVvjbJFoRiRgcNBbcbiEn","accepted"
"000a317e09448ad3270ce52a7f2b1ce42acd80cd","2269584876","CZkppSWBzApsAzVTirvtqVTatmbWzmaCNUPjlHOqGnCNDCglEh","accepted"
"000a3a31831f4f65773455f7c58f8898b8128311","1855452211","QNApZDXPPPqAuTRgBvG fAxnUCB mrjzRTldgIMvDLBybWkRyD","accepted"
"000a3a31831f4f65773455f7c58f8898b8128311","1400323122","RNPyLKUfqcqiPmnUmZOOgujdCwouUMmuiyKwgFsmHxlETIjRZs","accepted"
"000a3a31831f4f65773455f7c58f8898b8128311","1730285","WkKXFUNXgMTnyyAh HcslPLqFwOVDgMZptbVEQIOlozUXnUcBq","accepted"
"000a3f74cd98274e49c8b01b2cd33d2cf31da6b8","2182582023","RlxAiiSzNjTOHAnClvMBdEGCBtsUZbEWPskYDpVILvkQLgPWsS","accepted"
"000a3f74cd98274e49c8b01b2cd33d2cf31da6b8","2398245","juCDPezUXzynlTYGdtWZPUKozFKvsEXmNnLIQwvsqRSdfBQBDz","rejected"
"000a3f74cd98274e49c8b01b2cd33d2cf31da6b8","150176166","wvjvXFkEqYiZmJZnshbQTJILxJmBoTIJxrBJtaOUwboKBCjjbg","accepted"
"000a409db5636cda89638c0678a5fbe35082f4bf","66646473","XgYAAQPtazpGaoLxqzpfknmQitjpNYXMGSZIOIJnQqIxuGEErG","accepted"
"000a409db5636cda89638c0678a5fbe35082f4bf","2198761041","jsUxgQYJCHQWueQRurdDQUaqXXZgxlqMiVnmmoPwPVnOzkwfgz","rejected"
"000a409db5636cda89638c0678a5fbe35082f4bf","2057353021","gj uGEiQdKFyZtUEasmEQCuESahiTATaeFfsqksbYbtZ QNCIa","rejected"
"000a54db4a891bd053c3b119468405f799517100","1706883847","DIBCwKGbXjmpKqNzPLDTZTWUJPTbjzjQvAivzDjXIFYfQCFKIl","rejected"
"000a54db4a891bd053c3b119468405f799517100","2049085465","mEwWbddFrNFYeTHvAtBmtxZ ReKMmmYsNwCLmOMVtWKXsROqcj","rejected"
"000a54db4a891bd053c3b119468405f799517100","1892650","AZEcYbIgsoIhNAYeQcvFMnQNcAbJbTnJOxOlvLPHFFLJS fjwD","rejected"
"000a5de4d770591060f47d1e69f947c72867fd23","2020545","TVslIVrVfeFrLbcugVquHjtaumpGoZDRIKOfbPGFwmXXwWIxux","rejected"
"000a5de4d770591060f47d1e69f947c72867fd23","2285039181","sYAzeYKAbZXzFgjbXyDobnFIYGWxhlnSaWegrWrblHXVaxVESD","accepted"
"000a5de4d770591060f47d1e69f947c72867fd23","2109154956","ZpxytzgoPtv gQKJDhTcFrttISTVNlGMhmx qVMqhVMoybyJhC","accepted"
"000a688ef500f3653f317ff1fae2267477a506e6","2118375481","birYlIJPnKypCwDeonJgHN bUvDAdwUeRbrscajuXCtkIo HSo","rejected"
"000a688ef500f3653f317ff1fae2267477a506e6","1398642053","WFIfgSRDZbsZarfOIBBcXylBFJnk sQsEPijMFrxlUNIAQMoZ","rejected"
"000a688ef500f3653f317ff1fae2267477a506e6","1707029968","rUYXAofalVqwJMOIxDYsLDwbWbXeipZwkvvwwPsQfwlEfiEqlK","rejected"
"000a875becb7de4800c2ef8d310d52025d166f8b","46428397","iOoTphwadHNPIATqGeuNSOCJgCbMiHOxjITnuXFxYnzPTxpghi","rejected"
"000a875becb7de4800c2ef8d310d52025d166f8b","1404629180","ffnfkrimZGvIWqVMNBUoXUxBQuMmyQMI IRZetpjOnWVUyPyzX","rejected"
"000a875becb7de4800c2ef8d310d52025d166f8b","2848566","GhwAASrmVxDwzLiBzjUmgVceIFechilyiyLynlZgZxgDRlIDLx","rejected"
"000ad294b43064282ad7a3c6073f855ef8b25c83","1741744","dUJFSjkhpsZUUpBsuPuylMOTgUDnoTsxFQNbwASTMJOMuYFGCH","rejected"
"000ad294b43064282ad7a3c6073f855ef8b25c83","51509270","rtjXUqCSJjlLaugcsAgQoF UhWzryjDKdKaTcjwYoYFcFalYxt","rejected"
"000ad294b43064282ad7a3c6073f855ef8b25c83","9767306","dbcMWqxlebKZlKtnniaq uZnckExUiXKLdRETtBDbteOEkhlhV","accepted"
"000ada439112869d5391687bf945ea7e0eceb54b","2097800792","sRQuplHpQdrZpLkyPPRVtojQRDyPqplAJgtYvNCfDqwGShcwLR","accepted"
"000ada439112869d5391687bf945ea7e0eceb54b","2411264699","DnXwdMNrSPcMepctKKzKzDSg esUFhiAgyENqpOrhSvQEsIyhl","accepted"
"000ada439112869d5391687bf945ea7e0eceb54b","2168607","gMcuygucTBj zFcSkgjZxuycXiRpOPJWeGidxAaEyfcAGJcwec","rejected"
"000b3b2aef72b1a640ecd9a2125cca61d264ee61","1510709850","rJCdcZycFHgilxl QdeCnrtFbwbHglkLlZVxygmaJCUQmbKIbJ","accepted"
"000b3b2aef72b1a640ecd9a2125cca61d264ee61","2163338440","bPirRNrcTHWeVNuSfCnaytOuQylMPnalovYiDuVKgqwfmb qSs","accepted"
"000b3b2aef72b1a640ecd9a2125cca61d264ee61","2193347284","bTkFuRuJpttvJRaJVzgKXQLdKgychwUUhAbuJsVcbwKtgPrkez","rejected"
"000b6c0acd093f9318aa9dae429278b700d8943a","2117825906","qrNyplJYhok CyLwpEcSwUXVEKNVnQGsiObYPwPdOhsxC dBz","accepted"
"000b6c0acd093f9318aa9dae429278b700d8943a","66968479","RaEJbfitdfI HjNlCWpNlLdKbKuxtGpJhGzhuHBIblBqTdW nL","rejected"
"000b6c0acd093f9318aa9dae429278b700d8943a","8552088","KYcMuCusLCvoyTwTmHkar tBbDiLoRZaSPIHYsCDEervCeVGFD","accepted"
"000c0deed1a352e54046b8725f852b351f53822c","2182415141","MnonGxUuGytBsonuEFy cbEXbGpyresZsIELlBvOKObBHGIcsU","accepted"
"000c0deed1a352e54046b8725f852b351f53822c","1741744","nhMJbyGNxaRwsFYoIwGUwGYuSquVtqSwrJzdtNRHVyAzBMUuVS","rejected"
"000c0deed1a352e54046b8725f852b351f53822c","1829777","hpXYqEhkKecjFIxYkqMfMEuEnxopAhiKfsLzhuHRLoWCHFevj","accepted"
"000c26bc5674c52c3413226dac620c1b594b9844","2053796813","xNjmqENlUfcdDrnXibDaEUlQAvRoSOk AgYhFfO bSlGOAxNjY","accepted"
"000c26bc5674c52c3413226dac620c1b594b9844","15851277","cAAKZuKtllAPgcEyVEkDqFoHZVNZEEpvdbBiiM lAYpPLsgjJx","accepted"
"000c26bc5674c52c3413226dac620c1b594b9844","2150168180","frbVTSsncMDXoeMBlNvvpMrlbGGQlLybIPDcFGKYbRUZzuFInZ","accepted"
"000c3988d802db91289b77ca15887be670634c2a","19172169","BzXA QySilrMlVDYgDOMsrVeAqPXsNs sECiuyTpwcMFrpZYeQ","accepted"
"000c3988d802db91289b77ca15887be670634c2a","2083838923","PQHBAQAlhAnDyYcINTWDCIktupLCZuuoHrDzJaRzLShIFrLU L","rejected"
"000c3988d802db91289b77ca15887be670634c2a","4907921","hHzCMReoWyzyEbJMZoxUBuKbadtmfLchtwnGnfOcqBvXTdOzBK","accepted"
"000c5df8acf814794e2643c1359f2277c4edaefa","152598568","GligJiwguqGWHKPuXfhGhVCQcnrgLnAHjXimFCTEfeZziRSUwJ","accepted"
"000c5df8acf814794e2643c1359f2277c4edaefa","2053559877","OCY TeSUOEztrWxqmLgtbIZguYGzRySzCZWdJZqiPAAUIfyiUN","rejected"
"000c5df8acf814794e2643c1359f2277c4edaefa","1803014","gGGLounhi IdASLMpOGjqsBWdjACwTjawPjWxAPeSyysc NGGv","rejected"
"000c83b305a12b110da9b77003e151b1c52beca6","1692729","PZdfwmUSERijRCFcKpKkplhPKvlYmeZwGoKMdGydUO bmsXyJb","rejected"
"000c83b305a12b110da9b77003e151b1c52beca6","1702139","mbMZFLCridxvQ crEWvz DxABmaDPfbrEnypbHPPH vTIioTzX","accepted"
"000c83b305a12b110da9b77003e151b1c52beca6","1940437","StBwImztwBwEsRURNEPlXySEZVkclp ondIfHhhHqEvHiWENhc","rejected"
"000c8de6748b7056eff02b635334a1dfb7da4e05","2065702342","T FGIePJqupdLgnzgvEBNnklQRHilVdhQEItmCQGQtqmuTCNzC","rejected"
"000c8de6748b7056eff02b635334a1dfb7da4e05","2048997243","fUxfCWjcELtWTYBaGgyrhRBdJKHKAIETSdaaCo YThfMOfexZP","rejected"
"000c8de6748b7056eff02b635334a1dfb7da4e05","1390966397","MlGaqHrlaKoyHqLkuNktDWjlrwQ BlSWXxLcRYVMHMykhoWfXi","rejected"
"000ca433e160c938bdbe61055cad626ca1c0dd46","2023824880","XfxkhKBqZlHMEIdJeorflOCOWrGslEGOTwYmcEnIXRwAvUHWtt","rejected"
"000ca433e160c938bdbe61055cad626ca1c0dd46","2056954014","XEogCDgxYghVDjhJHlZxgoOEusMWPJNUXvDtMozpsvvaDpzWMk","rejected"
"000ca433e160c938bdbe61055cad626ca1c0dd46","50367252","TZGXWQyOTQICRzrc HeMKQlV QJoXMsrKx yVhYVaCNL rFMLM","accepted"
"000cad8dfc9c3aa602688f1baafbd3a6f2e504ec","6347625","zzxfHVGmmBgEAwX oklueVNoCArFHZKCESptpgiMTFQzYpAbvP","accepted"
"000cad8dfc9c3aa602688f1baafbd3a6f2e504ec","2107969689","vNEWIvCFZjEgfgHkumeItOEZUbRszFVIAjuJCmWeKaZFeBOlyT","accepted"
"000cad8dfc9c3aa602688f1baafbd3a6f2e504ec","49598631","GnEjjsKRSQDxwPafyDrOdLKBpBiUrpqpoXukAyZiIBUqzOgdie","rejected"
"000cc068ece25d7df957ef93b090712e6f203990","146498668","hbZXJtltSDlXmiLdGpomba PmvxoEsiUzcatqRliTNgxsQnq Q","accepted"
"000cc068ece25d7df957ef93b090712e6f203990","1940437","koMNyIVhrOyTjxhxUfOjtflWpJOyJ zpXO hCfiWZsoqhKnYXJ","rejected"
"000cc068ece25d7df957ef93b090712e6f203990","1765612","POSViulzndCDwjSCiMqRMgOhPYfBhawclSrdTObwsAamgWtpWM","rejected"
"000cc0d776643277a13e69b2895d9f6ecb6228bd","32024145","egdxPymPEzVFQdCXTgwZvAPzCUPerSdkvCfCoAtmLrDqftYVzS","accepted"
"000cc0d776643277a13e69b2895d9f6ecb6228bd","114248430","ZumlKARoeoAf OYFSJcmQONYukoh scTndJXSCfKuhcnXBGcEf","accepted"
"000cc0d776643277a13e69b2895d9f6ecb6228bd","147595186","EfmJDJRpVDLVhBqTHSuiwFVnPCFOkZPjlFVxZcSgtzzEaFrTdP","accepted"
"000d02a59b9a5d19a339b0924bfe689a8a22cef6","13288046","OIderrOPWBGEePNzPDbGmlenRcumiwlrTdOUyuJxLoNJOxTmei","accepted"
"000d02a59b9a5d19a339b0924bfe689a8a22cef6","2060979427","cnhJwAXDjqoauNkdTjPpMkhR uiXROhqXNmiqJoQNkrVcPrSIP","rejected"
"000d02a59b9a5d19a339b0924bfe689a8a22cef6","145731650","pOeZNzTRqdxQcPCf QxXFAzzgYip yiBLLHGvJfKDQjnsl rSY","accepted"
"000d0a52ce890a794b16d3379f96c6cbb7e0acaa","1401717754","SgygmDSpLsRRvYxTXzTcRKdZLkRaFQaaUwTACXypIHrZWVChaX","accepted"
"000d0a52ce890a794b16d3379f96c6cbb7e0acaa","145927086","dCttnBKaINDIGSSREIS vCpNmEmonPvzfxNPdDekyhXNlHJYbl","accepted"
"000d0a52ce890a794b16d3379f96c6cbb7e0acaa","46679197","nHUcZdFcMqaUxJPBfxJyEIgtE  qyqIXWDEXvxwlRPpeRpJuWt","accepted"
"000d21240aff6bc045cb81755b532552432fdb69","120378265","DCUOgaAYyflOKMYHGQpGZpEsiGgnwIywNDbIfBRtOfflmyNHpw","accepted"
"000d21240aff6bc045cb81755b532552432fdb69","2053834488","NbXveyaBQABBMgPNnJYtpUyIsyAEWkFlpWIJRFIVfivjGCpYNV","rejected"
"000d21240aff6bc045cb81755b532552432fdb69","119436779","QgSLvmNZoJi qneGnJPyj rXXhbjTsKuHqwVLmxuxjwFiydLvN","accepted"
"000d3769fac23441d7d078a648a28ea4cdeb6071","79867727","MSymKnHCLXKhBKuoyiZWviXTViUkqTNRsXBhiZWQnLiArrur b","rejected"
"000d3769fac23441d7d078a648a28ea4cdeb6071","69892195","LPPbTRHdRMtnIhFEiSKXbkwecXmFKlgGaMLyHigdyZBzZQPEDi","rejected"
"000d3769fac23441d7d078a648a28ea4cdeb6071","1952776","NPmnrDHYRVEnsR sOOdGwtxkPVbISRlnfmDGrMiuBYSIGPe zR","accepted"
"000d465229ff00058d15a372c8e9249ee8ec8220","2435667","BvGgggomknAgPEiwDNgLWuGkLa MHIpEeuuVEZXBescwzTezBF","accepted"
"000d465229ff00058d15a372c8e9249ee8ec8220","102782231","SOrWvKmMYibODLKKoG quZAAROfavRViTwHLzqt wJCPPMChwZ","rejected"
"000d465229ff00058d15a372c8e9249ee8ec8220","1855452211","dFnBElvtXOQePOqfNANpVIbHbwhCpXDNDBlwgTvIhqYFmNlnpN","accepted"
"000d6accdc3df05868d4a25f848f6081e8d1a75b","50201499","biWzWdSQLILDkbcxGMYvnbLbMmMPmtEJJyQqGzDrDhyOZLxgwy","accepted"
"000d6accdc3df05868d4a25f848f6081e8d1a75b","12274858","UPcODyUauGHxwWPJrjoWWkzKBoRh FWqDXeWMzXvMcMvoFtMiD","accepted"
"000d6accdc3df05868d4a25f848f6081e8d1a75b","2592272","jCjAedDTOvXSyscxeOfXUTaDQbOzrEzotLFpCJxFsZkU gACSF","accepted"
"000d70617d7966b4120da9ebdff2105fd6e39a0c","97850279","SGjsLkC JHgKEIoJjuGDtJQYCJKxxuekCjQCtgsEjZQhzLrVLf","accepted"
"000d70617d7966b4120da9ebdff2105fd6e39a0c","30692558","NQcrWeFMYbIEajVnQoltKZkSogGppLVnMSAXEHrdZiUtTDETNv","accepted"
"000d70617d7966b4120da9ebdff2105fd6e39a0c","25680439","QlXyusMQFoaj kkrVtgDc TxJOGwxOCzdLOWETwWputbbmZIRa","rejected"
"000deba51094f9e9fbe67d1ced7688842fc84160","2087926","zujUEZFjAEPOhl tbykbErjHfWmaDLpfjfvpcdXHJJvFrjSObj","accepted"
"000deba51094f9e9fbe67d1ced7688842fc84160","34930249","jGygmBpMxMGIIZIoXLhRgsLdRAphEXmbSOWanzdqlohWVEoqfR","accepted"
"000deba51094f9e9fbe67d1ced7688842fc84160","2701778","zpJIcZRtXgTvRIAfu mxKjdKrzhTYrkqUiGAhVFvbtOcqcUygy","rejected"
"000def981f2402170ad9989f7a6874fd4249d20f","48580754","S VEyGfWVXeBKdYIzrriZVyJZ AFDkiROXHchldEIVilKRErPY","rejected"
"000def981f2402170ad9989f7a6874fd4249d20f","40500716","srRwghbzsZMckIRVhExkLhnTiQGHboIAksjyNArElOfplv nHO","accepted"
"000def981f2402170ad9989f7a6874fd4249d20f","143962358","REtNePnExgDHJVfIXvLbBrwFOtlqwijHfjwcJbZe iyKjlOBnH","accepted"
"000df7c8c4387b7627394a547b356162914af560","51306401","OUO ZinMJsBFwEXuglergjSZWydOglxBvhUYztomjafftOLpQQ","accepted"
"000df7c8c4387b7627394a547b356162914af560","36885576","hfYIg rsbubOsxhFzwZduFuWjJoGunESVapOXoEBpzpTUHSWpp","rejected"
"000df7c8c4387b7627394a547b356162914af560","7794901","IcQTaFFOPNUcosYEChzZLFDpwgVduyGUicnjWNpqACcjUJAJjx","accepted"
"000e0d1b274d5333a2f7f59fb506b600035c8a94","144515403","zReeWAFdssOpuOpGjoUqPYQAmKPxJOWiRWwqRfqasIgRgFDJpu","rejected"
"000e0d1b274d5333a2f7f59fb506b600035c8a94","2339040","gyCaDTkfSJGRnareXVxAzXfGBlxHiGJOAetZUaAEWlGQ D nlG","accepted"
"000e0d1b274d5333a2f7f59fb506b600035c8a94","98702062","arEEKzpTRjiykcFRHwadxTckulsxLildI JqKPvULRjLDbwent","rejected"
"000e1bc628c0e9f4af7c70c029dbaf309cda6bc2","34550940","GFYUErOUgAaGKtLTAtqUhuilzjwriaSrLeuOLZLlbfmAT PmXX","rejected"
"000e1bc628c0e9f4af7c70c029dbaf309cda6bc2","2110766676","MjmjHhQSpTsWJkKRjKsatCFKCzjMJflczLceCxCALdtnqxHkTF","accepted"
"000e1bc628c0e9f4af7c70c029dbaf309cda6bc2","47305348","xORAxbddDseVbsSVxAMZescStcEDElxhZLfITLTmNrkZSUiZuP","rejected"
"000e62ca8505e3a5d04f851a78e0cee6549e4583","2070403884","TeTUSHGUvWvxNuLkkLeECvmQdjpkNGlirrTisLHMnmhdxyfCtV","accepted"
"000e62ca8505e3a5d04f851a78e0cee6549e4583","10691332","tyHcErBelSzGZyKTcLfSujQQLFehXQcgEzFKczDOrkAsUpdlOV","rejected"
"000e62ca8505e3a5d04f851a78e0cee6549e4583","145257240","hLtTfyVFRwQrwMMAWBIA ZhDXFAZJTjoejrDxEoaQMirhGQJrQ","accepted"
"000e80a8e0db37ae85fb87b329ba54088141a503","21083275","tIYLJLUXlTFIyEHyRiYumNakSdWkmStjfkeqKdpIGboVMdWtPj","rejected"
"000e80a8e0db37ae85fb87b329ba54088141a503","32282349","uVePMWxufApDqCiCOCdzxVyhxyk NzaADnkA WADYkZyFYBftK","rejected"
"000e80a8e0db37ae85fb87b329ba54088141a503","8629101","FGFlhEZeuacOjzPsYoTAfbbWBJREdjtptiJbYhYKAhZSeehTCB","rejected"
"000e91e2a4da0526b4137cf1e75e843aab578aac","145198825","nQQvonBLlTVItjUcnDuEXnnCucCtFIKIvszggKPnciNBiBxAXU","accepted"
"000e91e2a4da0526b4137cf1e75e843aab578aac","2091905565","TBBfpByyFhcYTvieTCSnnVsugRmgOjKSAlciacoGcnGCJUs Cl","rejected"
"000e91e2a4da0526b4137cf1e75e843aab578aac","1455004300","tupgxQTtcaXefhZXgAgrjHoFRVuWcepFnFYbborwqRJvpDOntp","rejected"
"000eae1bfed5767c877e30cef9fe38682d442367","3157588","rTseJdWIfRLrNCTQRbrevHHAUoQEsktwid gop GhbSbyAkQha","accepted"
"000eae1bfed5767c877e30cef9fe38682d442367","34813077","LIsqIgLruoKBVQBMAZUNmJQRgN cmkEIkqnNTspUtAolsnIKVG","rejected"
"000eae1bfed5767c877e30cef9fe38682d442367","49992862","ayBNpyqGFwRuldzXV HpJbRRREbAnJSFFmbRRMIIgCXllTpvvk","accepted"
"000edaa92627ab12f4d4c45d80025e7d7e35ef56","1405459115","PkDDJvmNsXxuhBaUcxRQvRqxajHXRUZqCzNWLEvTaqNFkveUIR","accepted"
"000edaa92627ab12f4d4c45d80025e7d7e35ef56","9139860","CjEGGztMsBPcdTUTqcdRAfYQzsPCuSTyvJZqtIhCWIlDvdEazs","accepted"
"000edaa92627ab12f4d4c45d80025e7d7e35ef56","4735397","ULZVAtGUYFZYbAOSTJCKZTTgmCnpLijHqFTSYcncVgnmzLjSWH","accepted"
"000efee6bb8bba91bf5d9a9c2f83a7a9fe316b54","2191492256","kOkKrOUhRUBfLNgymUwoeVaGA FlNvLVxEvPKPNstC UejkQjb","accepted"
"000efee6bb8bba91bf5d9a9c2f83a7a9fe316b54","30070978","plQWlRiazGNiGzDtmOEhTMDKACMrfazfvdnNdrVAEkFwOFfAod","rejected"
"000efee6bb8bba91bf5d9a9c2f83a7a9fe316b54","3006429","qqMbFXWCu xDkEzzjnQjWPwJqZctgzLhdmpsoobJWfilZGhIrZ","rejected"
"000f008e56bd0d80b636fa3b98d685d52007ecaf","50286840","BvZnKyxPledmzigNoXGovBJnTEUWdgmTuommKZfQDEWQqbTDcA","rejected"
"000f008e56bd0d80b636fa3b98d685d52007ecaf","35598529","RzpPLOCghkLDEIzBCLglqVnACoHxslVhuArNnIWc IuNqdpkRk","accepted"
"000f008e56bd0d80b636fa3b98d685d52007ecaf","98129471","MzGbkAerWBYiAbRxiQVGncpBspqDUnhBvUclEzvjgMWmGm sHi","accepted"
"000f0e56ba6b17db952e885962f539e2d2e9da07","1818330","iZinqWrLQpsYShYYYUgdazwsFJlemCYAnSkib pCLadTrcOlId","rejected"
"000f0e56ba6b17db952e885962f539e2d2e9da07","48518653","WoobhZsZZJRnoWoD xcR QaEIpNkuvmXrPMfH HDrboWmyPmnr","accepted"
"000f0e56ba6b17db952e885962f539e2d2e9da07","108486764","BSJcddtjCatHBBeHfpHmIKKvMOIcbSJClWhutgCLcwxOHSoniW","accepted"
"000f0ed316f4efafce7191fccdadd85cf5fc55cf","2169516991","WiduvUYkzjOSXKyBBq TDDecUObGKzEYrkmYoETRjGGRmQFCaX","rejected"
"000f0ed316f4efafce7191fccdadd85cf5fc55cf","2024061059","BCNYLVdfUnNhQeBdkPEJEJTheZsTaRRWuWX WtXxqNjvNZRuJz","accepted"
"000f0ed316f4efafce7191fccdadd85cf5fc55cf","51443250","JJMLDdNWWlLVSzNJEwTfwVpFrHBjQobIVtibkKisqXrClaDxqz","accepted"
"000f1d39490479085897360536417a9e6a2a47ac","2151699437","TAHOoWhHHcFlsrZWibyXx  SfdlHU hoDLxTvxSVvMsiRFWYmB","accepted"
"000f1d39490479085897360536417a9e6a2a47ac","73436004","YdjJELvaUcwtuhjlQuHmptXtKpSMYIFSUKoiOrGwp uXken bR","rejected"
"000f1d39490479085897360536417a9e6a2a47ac","2064108279","huPtJLgRVitwPXmStKXilQQfbAAZSrcHWmzzgbxVYZmWlgKIfv","rejected"
"000f95612a030d0be114bac2dd5a3af097e28a13","2118375481","IEbgKbrHTXODtnhwegAmgayGbwJYkHULdFzOKeIRAxDpIgSMNz","rejected"
"000f95612a030d0be114bac2dd5a3af097e28a13","1396243890","UqruMhPwmIrfGhYtfRPSrbBXaerUSCKlXsaPbAdhGBpqiAiYqF","rejected"
"000f95612a030d0be114bac2dd5a3af097e28a13","15385671","OSiVTLxDyvLAIdLdxpPxYKgmjWgJOdJFJoMDtXMLphXDNVomin","accepted"
"000fa1e32c921ee0e5934b7091fe8d8b1b78958f","2108126458","unrDUmkWLgUeksbvUVQUdrsFvmZJJptdbLacGFnIm HaIlbzlS","accepted"
"000fa1e32c921ee0e5934b7091fe8d8b1b78958f","2119435513","QCzIyXbaTqfYfAmTTwErRERiALHQqfuY SDQp zvKsvKWAGPdh","rejected"
"000fa1e32c921ee0e5934b7091fe8d8b1b78958f","9428112","r jeCtFuvXlKDivXfmfUGXZlGYlyJVbICVeflbPRIZYodPiSw","accepted"
"000fe891d67e29b2dc19a3ce4593988efbfca250","30070978","AyNrdLXEmDyRrDVNAIoVDvFocBeJUXlcVpkoF zsmQNyAyUUVY","rejected"
"000fe891d67e29b2dc19a3ce4593988efbfca250","145411696","uYbncBnNnoPLLEXUxyOEjkixphdIOU sdsTvqaAiHLYivaTDeT","rejected"
"000fe891d67e29b2dc19a3ce4593988efbfca250","3141283","WyAxcpdGsgqzSmH srFvxFyexfIgjgtbUCvvESZEUUQn DvtUU","rejected"
"0010141bd5e8130d1e4afba2f71a40e87422257d","40224039","yjYzinAFomCbaqnmPgrrXrOzgJIDpMTOpgSZideurRVfyttMRq","accepted"
"0010141bd5e8130d1e4afba2f71a40e87422257d","65883646","cNCcNRbmRtBRZJoSTHmYTOmRyxoJvspgrnGHWZSuyCWmVDZBbG","rejected"
"0010141bd5e8130d1e4afba2f71a40e87422257d","1890291","ujWEzxWdqUvuXiYYoixvAViyImfg ZWhKvFbIiEoicYUIJUz f","rejected"
"001018c21c977932fe415bfa3a7b0b66cf71f6b3","2133061468","JjtXmKCVrltqQJ hh wuNgIGTFU vOByrUMDXnAqbyqYQlTENC","accepted"
"001018c21c977932fe415bfa3a7b0b66cf71f6b3","1390966397","agzFXBuTP HBZBivYeCngQORBAEDBjYWZvxFtcdWeTYrPcPezP","accepted"
"001018c21c977932fe415bfa3a7b0b66cf71f6b3","1796886","xytXXLq hATBmqrQuyHHbR FWTgPIsLkmWsWOsGdCVRrHnuBHx","accepted"
"001024445fd111e3f840946c0a87f654e6fe79fe","1774704","pvGTMVfxwzNyiKrzdr dnwTcjkDdvbABGuHPWXwYbiVpDtLpGx","rejected"
"001024445fd111e3f840946c0a87f654e6fe79fe","143604775","ONwRENCfSDxyHmieIHhcvy lSFNQLUvLyBKPDfshOoDNiFZdED","rejected"
"001024445fd111e3f840946c0a87f654e6fe79fe","6848604","ktknfRUtFbnJqMheBnkdQaypQKFmArHPqeCv AtMnGhLZcLbDN","accepted"
"00102d213c04a751ecb95e8a78662b040a0ee9bb","50561785","ckehBEQbqpMQwXSAOKUwJglGRiEyuJhjRzyzcaYFeoNKPgVpwi","rejected"
"00102d213c04a751ecb95e8a78662b040a0ee9bb","5860536","fJhrmACLWNrbb mmqAOSolqgMuibzcAdbQQZSbvmOOVSvpMbvD","rejected"
"00102d213c04a751ecb95e8a78662b040a0ee9bb","2152183705","TBwyEc preHFnnbRCqlLNCBSbTIvhYPwiYSSMAcsjVPCndNeCx","accepted"
"00106cd45a3f6f488d9373c2f3c59af5c4701c05","52416763","gnUxGTsUokxkQKsrC dOsvfhbQnjuZDwChmUWhpadUglGaHciB","accepted"
"00106cd45a3f6f488d9373c2f3c59af5c4701c05","5007508","BgQwwzXFPM eAEGCBfPOSTlNMywjZbukgFIRaajeNit LMJEVC","rejected"
"00106cd45a3f6f488d9373c2f3c59af5c4701c05","2173942905","snGwhwuSoMHFjdYJYlFIMvRSxEbTKLSFumbKLDQeyjrefQtkFC","rejected"
"0010746e2208c2681f734c8986f66bd2943c31b3","47565220","XSWencyJBOvIqWkNpbleHaGpMzZDPiMZgftKveOBUBHJRArFWp","rejected"
"0010746e2208c2681f734c8986f66bd2943c31b3","2109041752","RcSIAXssbgBABTEWaAPuQjqJFFWAiTMmlKWNohbbWSxAHXZQeb","accepted"
"0010746e2208c2681f734c8986f66bd2943c31b3","145176257","snLtEcPIlssxoTvqxHzENsjpdppclSeQpjxPYTjFPvFeSkERpJ","rejected"
"0010a7e4a95fe3430912ba43db53d75e2aa9456c","145455919","mePvORVIjCGtvJmoC FUHUXqQTaSmXYu yxidUiNjel Pgul","rejected"
"0010a7e4a95fe3430912ba43db53d75e2aa9456c","52017077","dCEsItkmMjMlRfDsvNItDONkOlsqVijZqAnOATfagWdIY BjSN","accepted"
"0010a7e4a95fe3430912ba43db53d75e2aa9456c","2065907235","CaqUpvOxQbvYSUwcKkvgYGMsVEQpkFUOfPAMBzanlggfkTqZWo","rejected"
"0010affe9b47968567c4deba01f51b0d2e4471a4","30912082","jzPJEuivrRcXBcvhSaywZgmeInrWzSVPVtTLLnjrVMPyUUvXsw","accepted"
"0010affe9b47968567c4deba01f51b0d2e4471a4","1500525168","icFtdVlIOsSlDvqTvyXicXgNrZYcLtblgkoOFbhQusKCsVyCPa","accepted"
"0010affe9b47968567c4deba01f51b0d2e4471a4","2340560","WTeSWCOpkssShZVYPpqmMnmgFtsROJDbhvCRqPgaMHnZKzcHLU","rejected"
"0010fb6834220653009a34588016851835c121fe","1572766139","g WGvlTXcTuqrm IBXwLTiYLvpbFynHkMqCyuIgzbKQaHKhNKx","rejected"
"0010fb6834220653009a34588016851835c121fe","2304142","yHdUPcZtphL FHRuhQXoovIpnMpwKRtdkYUPGPTGD vbCKYRVZ","rejected"
"0010fb6834220653009a34588016851835c121fe","2061800818","GQXhHBTHyXTDlltDKcmJrLWVAVwVxwPQCCxZgrskqaEKLnQBfT","rejected"
"00110eff2fe932ceafff58bfcecf806c7ba4865f","3418858","JSKHGrBpwJByIidPNbXPEkZiREkcHRIPaVLTwhC hDDlMEVZHO","rejected"
"00110eff2fe932ceafff58bfcecf806c7ba4865f","52174183","QAuUFiMuUGpZjRRvdqo xCxLBqWgNbpjUUAGgTkREQgSiQAlgB","rejected"
"00110eff2fe932ceafff58bfcecf806c7ba4865f","2249707","PGUByhFZ TbkkJJzQtyNKDdOtcUfqaKbJPutxLMBUXqXHLVJzC","accepted"
"001128713e26719656c268ec67aba3d951e0651e","2169942927","MKYMqOsindLoemSXvSDWJRqfaBZozaLaJOboPomiatcSQaibzW","accepted"
"001128713e26719656c268ec67aba3d951e0651e","2211507","NwtMlAduBQDSLeqaIsoMxhXAmjRHdVpPlkyJHrxDbxCSqHmFDr","rejected"
"001128713e26719656c268ec67aba3d951e0651e","145053127","ZQHmKbtTVwUfupCtqC FFOuVWSrTZtbUQ JUTWMgyVFEzejqdj","rejected"
"00112dcbc2e8b0acd1b952b7a390fb15c6c273b8","145470864","MWlIJzHNHqDHSVFgYUWiiuBdubaWLwdysMOyGuPCtaescBXFOM","accepted"
"00112dcbc2e8b0acd1b952b7a390fb15c6c273b8","1814725","FCBMqxvXkqtnQGLijmiRRyfaxdiBVkYNAZwGYdmTjpqcZaqjSM","accepted"
"00112dcbc2e8b0acd1b952b7a390fb15c6c273b8","2574829","NQkuDECGhCpuhfiRLhsVgepcGYiYGKhqvuPzdiLyQLZUYRcrpT","rejected"
"00114b0ba38e8ea4caf1acbf3523e92a1abcda2a","2183576695","fmm KVeFdAoYixQeQhNhitsDNgNbGHFLsYvXFBSsTrwUmTjJgf","accepted"
"00114b0ba38e8ea4caf1acbf3523e92a1abcda2a","35443960","pWhrWxxxALAlvuttyhbeqjakkFpBcAuscUzJZGeJAAdNRBSOaa","rejected"
"00114b0ba38e8ea4caf1acbf3523e92a1abcda2a","32575931","sCfImLJhcnwYtvoAwfbQbHilQtEQjhGIytGIfOyHjYSlNJRbDQ","accepted"
"00119fec899d1ab12e09eedde82efe3b24b9404a","8533209","DIJPYTpNkCcnOz CpdTTyZKRMphlVP vswVFteFbcSoqiEjURQ","accepted"
"00119fec899d1ab12e09eedde82efe3b24b9404a","32248119","CVTFlldanOX vp xMgMqHypoCGIaksQrbzZyRmfi LnzczgAOV","accepted"
"00119fec899d1ab12e09eedde82efe3b24b9404a","9330052","HyvFGDWfyBkL jvXaSfnD sHCBqEhEmWWEwrxpoBprPfGIEtFE","rejected"
"0011a010b7bd33578bb42b60708937f7969b6d09","15231470","TvwYamhUIylJvdNLgEIybCMaEqHCgbsdXuihuBgkwYCieDcoyx","rejected"
"0011a010b7bd33578bb42b60708937f7969b6d09","46938873","HyqWcBjRosBadvLjvNmAoOwbxStBqQGWgxfqdAoskqncgkMNsO","rejected"
"0011a010b7bd33578bb42b60708937f7969b6d09","2219046336","NmlFYaUDVjxqFdiD kQVoRUwuclstSgIwsCMxGImxIpahFOXAn","accepted"
"0011cd8b3d28049949d8aec06ec85d5ab7802b42","34813077","Edic NsAALUpkKhdJksNnfjfZdHsAOvujkErGbiYGqtcZoDtMp","accepted"
"0011cd8b3d28049949d8aec06ec85d5ab7802b42","145575019","KqJgooZXDOzrsuPnulRuxPfmXmszVTMkMgSkJWplxMJdhZADSJ","rejected"
"0011cd8b3d28049949d8aec06ec85d5ab7802b42","2190902996","DupccHGxYLolYiaXYIisuaIlaxaImRCVSTOpqyQbsGP ayOpJV","accepted"
"0011d9b64fd6640158932e820857ccd56a00e5ac","2026698757","QXeMKnkexqiJrDdKzUqUmxcCIQViTEyhhWolMVsElFPLWWjoix","rejected"
"0011d9b64fd6640158932e820857ccd56a00e5ac","144356416","mpUwgOwaMFLzpU eTpdkhsGJZMRITlYuuWKdFVi lduCwr DLm","rejected"
"0011d9b64fd6640158932e820857ccd56a00e5ac","2512432","NBiAdpahoCQXMRZVQAREESgljtTEvgPVUOaQKwRNALQqNcWktL","accepted"
"00123d4b43ca013947b955d54d3bd42eb1382ced","2156500858","mxFAKWMQ H tCjbyBVRSKwEdwbwXyOlimiZxXMDExKRaCQ dEn","accepted"
"00123d4b43ca013947b955d54d3bd42eb1382ced","1479588019","tPgR wGDBVsm VnmoOhe QAYoiLCQEYhiMHPxeImHVptozGHad","accepted"
"00123d4b43ca013947b955d54d3bd42eb1382ced","10443748","m keYYkI crKECKiPrwFvIURXfxPvqRsArHdccEiezAdudiJcu","rejected"
"001288472fc275eeb035da4ba9bd9ec97ec6e9f7","1742337823","svAeSLjaCgAZgTmMjifwcdDuiiAsnvJQfcUlkzgQHoObsxEjoo","rejected"
"001288472fc275eeb035da4ba9bd9ec97ec6e9f7","2372711","bvmCEjaiIzCDvIiSMORjdwQBhfEjVwcMElkQN snWYwnfSVrWF","accepted"
"001288472fc275eeb035da4ba9bd9ec97ec6e9f7","2277271313","BBP GwNlGheyvc YaOKWRPzRvyBODcpoycVHEsVtjxzMYuIiMs","rejected"
"001292c225bff6eea0d4487d01b398a0483ba657","2217246231","lnLwPJjizRJTBYF m UAzOPNSNBpTNIriGXkeWbbXVZUQAOxCA","rejected"
"001292c225bff6eea0d4487d01b398a0483ba657","145107345","bLdNeNxUKxRrpJUgerqDpVLGyYUgJpl gnqGMmiKSgNvzTBTQZ","rejected"
"001292c225bff6eea0d4487d01b398a0483ba657","1679661","UJsGP BWnFkfOvJOeaMJAhRwamboERInIOxMPbTUERkvsniFHK","accepted"
"0012abe19cd0a39c832ebd9a074540cf7378b3ed","1420349782","LUf HtyaEBDXRYfZBGlUGngm IjyTRQkmtHXNnxstnJAYYe OY","rejected"
"0012abe19cd0a39c832ebd9a074540cf7378b3ed","31608995","cJWmvqHANHCvlG RxIfrIEfoiunazCdbqHHcdyClipZzNEWPeI","rejected"
"0012abe19cd0a39c832ebd9a074540cf7378b3ed","2286308207","KzQBXGyQzfxAAInEmOjlBFdjdLqtaWKCiHNxXndQgyGBdYrNp","accepted"
"0012be5d3d625717ebaabb4aa5c7ff854dc16a5a","7536576","jEBCUzFfMMKUprITKLLVrkSjchOarZdqnupTzMuEmSLtkZKgvF","accepted"
"0012be5d3d625717ebaabb4aa5c7ff854dc16a5a","31081428","nBvccYYeMlYvAobecLNtcIBmrBHNcmNgnDQ RHjnPTlLZglgiR","accepted"
"0012be5d3d625717ebaabb4aa5c7ff854dc16a5a","2069506964","jK ejGHGQuXvLosZZRpVgLhNvmecatxryIyVgTxvRmzF kBzdg","accepted"
"0012c8758ee8f32bf1a413a7fb62290c2a33125e","2744882","qliSUolBiDRUxroJtqKeCBgxPEvTKLWuyVkGhJGshNIwnCCh m","accepted"
"0012c8758ee8f32bf1a413a7fb62290c2a33125e","144169341","FZrZKN iSxCVhUtJoZrdxwINKexHli yeBraGBuwoLRrwUoRwl","accepted"
"0012c8758ee8f32bf1a413a7fb62290c2a33125e","144010127","bdVLZKhsmvYqvLTjQZBIGDNxzqNOWEefIIaYleOVzWqG EdGEQ","accepted"
"0012d412ea8efa8a12f4d332c1b347e2ba80d731","2094180156","bTGSKCWRSxsYDSYtncmaaRPUZn MUOyjIQJDYStWalAenGPCeW","accepted"
"0012d412ea8efa8a12f4d332c1b347e2ba80d731","143874350","qbEPSpliLJObKYHsXVynHliALyXzdTDZNvdyaGZUQjeRfHBnHy","accepted"
"0012d412ea8efa8a12f4d332c1b347e2ba80d731","3012644","zcYjubVl uczitZmIYVTcgCZDVflOObBcsYUKXiaUChqxqCBRl","accepted"
"0013779a2d2e1eee6455e64c9bae678469102707","26874216","zIqmbIiVtkQOumTGBVxVaRiHKxjEFcJVxIOcKoNJfL chVqzFl","accepted"
"0013779a2d2e1eee6455e64c9bae678469102707","81807096","dAzBOatuwfgg exELoyPPxWfBnRDBklxPpeMlhmusbdhJfOspz","rejected"
"0013779a2d2e1eee6455e64c9bae678469102707","50194707","xUA pypmBcDBZOSWeCiVHm zwgUyLMscDcSeSJwejqnJMOVhTi","accepted"
"0013c95f70b7876bf4cbcb791efd2fafe51421c5","2278174","XlxoGMiCfINfvruLIkkzuFzQRhgOprEEswIACFDzkXPLuMHqmE","accepted"
"0013c95f70b7876bf4cbcb791efd2fafe51421c5","2090297844","HF b jpOEhowyXJXDqtkjwpwjIxCjXSULUgfsCYwpVyErMw rd","accepted"
"0013c95f70b7876bf4cbcb791efd2fafe51421c5","47176395","JAlesyKFMxAIPseNNhbIYKdVetvXZLxygWtdIJnSnFmZiVDBsa","accepted"
"0013d6ec67ed8da23ed663f662b14d279739aac1","2142468376","rHCWtGhkmuiKPcgVCQGBxJcBvUhmRNHxeMXXrLqgixYmILdtHj","accepted"
"0013d6ec67ed8da23ed663f662b14d279739aac1","6876371","rhZjpztUMqvzcqgwLmkWDcSgJnDjHpKCPgBWHARMXYgEygVvHq","rejected"
"0013d6ec67ed8da23ed663f662b14d279739aac1","11975724","zbuotGdCLhjbMcGEsnoIACEmMWgQRTsxSvSEwNGbgwraSPGWay","accepted"
"0013eb49cbc8941d339b28e3801bc97f058020bd","88729055","SUw SKCqCnompHdGARgAUSYMjYMBcDZaIaoWbbYBzPYbgRrEiv","rejected"
"0013eb49cbc8941d339b28e3801bc97f058020bd","81814653","wXjlbmWIOxbYPdHDUxXSWYsenQrQILzHvfCUccLNTXpTPgsld","rejected"
"0013eb49cbc8941d339b28e3801bc97f058020bd","2108147319","xeyrEmwJimDQbUkhxoeErEybqjFWsCDmFXjHLiBAVKzYSinQfO","accepted"
"0014214be477df88b91f8934c073c0bf87b36e84","145679503","IX SlwHpZqNWnzDf KNCHS eEcKcA jfdoZSRCpDCXKuDMwRT","accepted"
"0014214be477df88b91f8934c073c0bf87b36e84","3211234","ptBNKrEqxcwetyDGVVwxryhnHFruNCy bCNjOLsQFnnZrXtBaZ","accepted"
"0014214be477df88b91f8934c073c0bf87b36e84","144191105","zdKIVNsDmUFqyOGjadZwDIbPqanAyaQcjDeD jYPNfTDOoMjuR","rejected"
"00145d0f675e2645c0ece13f054cfe628d9f0f74","9159404","GBVnpUNXyatlGdyTbDeiawwpbDyJwTMoYhzGqknMOBSoYIVPhU","rejected"
"00145d0f675e2645c0ece13f054cfe628d9f0f74","2655343","FImkgLMVZYPOnFRycmeJVoadvOZdGmGxkSnXUjArLgjmZCFg U","accepted"
"00145d0f675e2645c0ece13f054cfe628d9f0f74","2165482218","mPquJXghazYbRfIEagYjUxnzTseNwKorJOzMRpyzbzoRShUBQH","rejected"
"0014622369bd84a22669010ca7e1d6288e52c47f","2113668452","MRyLptKSxZNGnw uKsOnVYUKtQxFOMpbONCpTEyGKIPuIyEBpX","rejected"
"0014622369bd84a22669010ca7e1d6288e52c47f","40056275","YFkqwcHMJCKKIiRRZybvKWDBKFkMWvmoDTVWQqhWUFmhPQtYjH","accepted"
"0014622369bd84a22669010ca7e1d6288e52c47f","48723885","JncIxyUwNsRpbpyd zsrCAobqeERMhhuaXzFFTFXyIHbuENfA","rejected"
"001472c957337b14534c1204d3e800f0f3356a0e","1565916853","AtdNAbZiWjsVZnzptUbmCveikjtPGejeJexEFmDebMxXVBMeix","rejected"
"001472c957337b14534c1204d3e800f0f3356a0e","2949453","VAopKXBqxTBoOAuAkUDRejQVUz VxfMGe YzgVlindgUTRdNnG","accepted"
"001472c957337b14534c1204d3e800f0f3356a0e","29765068","eveMkFKoyuwPbivMYnhtADPAXOTnBvjzrMRDrzgrXSWNtNbORq","accepted"
"00147cab8fc5c4c6b469cc2453728c6b9989439b","2054652097","FqhORGVtSAhRqrInpk IEmSuxwCNGdopoZuxKkGmgvRPuCgFHT","rejected"
"00147cab8fc5c4c6b469cc2453728c6b9989439b","145042516","ddNgg ERkbfzstEeoFVPTxLnObRmDVDMaOeXjyhXEbdBDtkBHa","rejected"
"00147cab8fc5c4c6b469cc2453728c6b9989439b","2279090109","NxtbkKbllaBlgBp eZyBJIbGLypSTDKkWBCPUjRyGuNqhq dds","accepted"
"0014932e70de0d1008b03c7661e45f0a8e4fd376","47073793","tJThVPmROyYlhHErLrBYUiLJuBpjkkzBFsaPCdrGoeNFipkFZm","rejected"
"0014932e70de0d1008b03c7661e45f0a8e4fd376","8555093","VCIfkpHRWKaxcwqYwqZHxMjtRZYksLnrgfbDZudtYBiddmlFGW","rejected"
"0014932e70de0d1008b03c7661e45f0a8e4fd376","145581813","WKPgyCzjDxMsuSYwvhuLoojrCkhQPRPkfhCLgEiN bpwCYpbuE","accepted"
"0014f8d15c6a3ba4316aecb2463537daa786cc78","143767945","OWsoqlwXwNYNjMHOyoqNaIAvflNYq zmstZkuZyFvwpMeJMBTq","rejected"
"0014f8d15c6a3ba4316aecb2463537daa786cc78","2336524247","pujjKEStywOqOWcWwONRi wTPtADZY mWCePXiJjRzvYPFjbfs","rejected"
"0014f8d15c6a3ba4316aecb2463537daa786cc78","1852092823","hVHWdiBKQKvtFGWFAqJynqOPeKYBjMAcSpeupRjwzfJcvzkLbA","accepted"
"001534ec4e6d656722fddc81ba532779cea76875","48393332","CRwqiyWcFdSYeCIzmOBWotiGRMRbRvBdOSlTndRAnrjXWTvenf","rejected"
"001534ec4e6d656722fddc81ba532779cea76875","144010726","pizhjUhycYovQpfJfIKBwGLgQQrENlTEVBEVzVuJKHofaTxpyp","rejected"
"001534ec4e6d656722fddc81ba532779cea76875","40390952","JkrUqDTXnDqwGkM btniPgxbvmkOzxZmvpohTHsCxLHMr Yzn","accepted"
"001552970c127b593c718ba06816213d04882de0","2786034","JfCamQezKJFKqtZrLLctvDwd YwQNVlLlDeiWZFgRFBsNbHRQA","rejected"
"001552970c127b593c718ba06816213d04882de0","145205045","PUOskiCAXLb  CuPMDKEwShsZVjipC uAfjWFfeUyvZVCOmWbu","accepted"
"001552970c127b593c718ba06816213d04882de0","2256311576","FXEQskWzZhP tnFuLGlRwRQzLBKaqFkPxsNdMyFmXKaOWeinCC","rejected"
"0015566e4bd4b7319b8baa639271f68906e33012","46905645","ySzjSJcpUFjiWeBtAgxOQnGFmfFRxZPgKLnOeXqOeZs rMSQyh","accepted"
"0015566e4bd4b7319b8baa639271f68906e33012","1784376","LtMxzEZqStXUxaenMEbIHizZoXOkXFkgPEtRwkdOWagrSJXbcR","rejected"
"0015566e4bd4b7319b8baa639271f68906e33012","2124775961","gUGdPjhUlgKTWayyfX VlOWqqLsUijbyhfgCdFy quLZaIcBNz","accepted"
"00159c395e1652302472a86111850c2dc36e8228","2061565207","haLpbjMIDyVdyjoroTxfHRHWgoyjwsuJRKrkKCjlUVvxOm Xyv","accepted"
"00159c395e1652302472a86111850c2dc36e8228","2138412819","CmHIiaDzuElLQNmggZYJ ZEEdmDCNnAAsfLiwRFJvQoiGjtAvv","accepted"
"00159c395e1652302472a86111850c2dc36e8228","6725728","MbmcVqeScnGMGgIVaVPaj QxjlmIFZftpDXCEEEsKZHSBzfeAK","rejected"
"0015cebe7f27dcdc561a552decac317205bae66d","143981446","YygZbs mHMNhpYvawWMiaHMSnUDRIalZGHArosCzxRNOZxXzDF","rejected"
"0015cebe7f27dcdc561a552decac317205bae66d","2178474124","PrGdNsSGPPljDgMsoeO CvlbYidEfAOjFfOc BN gPAUaDeilz","accepted"
"0015cebe7f27dcdc561a552decac317205bae66d","40649974","sBlGATmdTyHdFRpFpQOwjUcjhWCLRmAZvMgZYwTNKmAp kKRgb","accepted"
"0015e47883b4638ce85bfc903ddabd172ced0caf","51240458","uriXfjLKWvYRmuiSbzCv npqHHjqQuLkuqdIwDQ vtrBrVJJwS","rejected"
"0015e47883b4638ce85bfc903ddabd172ced0caf","145257240","lcsqniXmNgaumhAwwmmFQgQXBsRqbWlgRwLVoiLQaN NMQtYPV","rejected"
"0015e47883b4638ce85bfc903ddabd172ced0caf","113246900","qquLhEiiRPCeHeBvfAbTaKveMjiopxgaQJhDgxaCQOlFzUpaQ","rejected"
"0015ec92ee52ee2db86838412a456ae3fcd2e7e2","2144289260","XlTFHuudNeRoDMWvGgtuYZjubZJdyrboGBtHBWYhjYHclUhabf","accepted"
"0015ec92ee52ee2db86838412a456ae3fcd2e7e2","51175803","HyVtJaxtxLBVWsBszKJeEYEhTmYZqFHiqLYpMjukDACzlCuwxG","rejected"
"0015ec92ee52ee2db86838412a456ae3fcd2e7e2","14274097","iYrSmgTgCkSj loUawNaqBRAdbJhnbzLjqGHDayXhHXVwl YnI","accepted"
"0015f1aa49d5116410b2990915ab8f35d502a997","2375698","mIxbmYKCupvUHVbXhTCWQcXXnNGQlbGKQbZotDnKKbzrxOtKjm","accepted"
"0015f1aa49d5116410b2990915ab8f35d502a997","2110199755","XGDpfjXaaObWiKZbszJjabKstoTFaMoyHHVmtQLaqouBYRwChM","accepted"
"0015f1aa49d5116410b2990915ab8f35d502a997","11052506","GeuacbGzAtSwbKueBHXWOiUzaTvYbJvjWlLLwxNZGpFdeKiwWw","rejected"
"0016036ca48c90f23866b0589e50895fafb478c0","1807668","yPJQKRSJmxgRYzHJCYcXrWMisTEmcRQON DlPwSUSxSCCqyptA","accepted"
"0016036ca48c90f23866b0589e50895fafb478c0","102782231","MTYOJztpzbs TGNkBbjnDAJmPetAVqDntATsZJuLrpJI ZJpQQ","accepted"
"0016036ca48c90f23866b0589e50895fafb478c0","1729312005","JgFZBqALPPYAFrMClCbzUYULfHKVHKPJFGRldhLajhGoGWIr E","accepted"
"0016122bc5dfe0684baaa672c53014d48b79a65f","2262901","bTNYEXkDloQIiPADFujqRGpyduUEHuUhmhvrC JeFVZPQcuUYm","rejected"
"0016122bc5dfe0684baaa672c53014d48b79a65f","2229921","arydM mzHvdCcgrFVsMUcqqjOsJvVveNLPcPfjGFslsa hgiPK","accepted"
"0016122bc5dfe0684baaa672c53014d48b79a65f","2146265872","oZSJEfhkBFZDzyGjReRHNvKvXQXDGCytHIBqighlO uobqFpDT","rejected"
"00161f6db83c24f92acb367e532befdbd3ddaf75","147785085","SHTeytvxJjtiyQlciUEtEhcmBPKDYTZsZNYlemYGFTjHtQzYej","rejected"
"00161f6db83c24f92acb367e532befdbd3ddaf75","121404739","pL iDZN FRSiymMnApfPVsYImGXlhBvVFcLAtwCCeHhBXYeGZd","rejected"
"00161f6db83c24f92acb367e532befdbd3ddaf75","2191019976","COQpZNOXqoAIOHdlqBleAPGcJV yMPKrujxPdeDoJDmpt QmJb","accepted"
"0016324fee2c5f5cbe56232c6acf9c2c5cf1594a","2169942927","XGfeCqrlLLiloHOZeovgNYosjDsqrTqmsgYJYPIZEUUmXGvRg","accepted"
"0016324fee2c5f5cbe56232c6acf9c2c5cf1594a","67022972","xFdhqLSdyXTFNyA XBCJpqnRdeHofscQSZVEtXFeueTEhUSYTe","rejected"
"0016324fee2c5f5cbe56232c6acf9c2c5cf1594a","2061398898","QeSAnKsIfWCYWvZcLASjWDPbWvicqVZeZqPlQhKaZMJuVOGsnS","accepted"
"00163bdd0a5744f44fbd07741f6c853b6801b893","4907921","dVxOvJIsBUcDnOVeaVktlfPedvtJJaJsxzdIFTyPKPqhsPPUYJ","accepted"
"00163bdd0a5744f44fbd07741f6c853b6801b893","10684484","LSNvfTBjDBPzft YQRrvggzaFAPCiinubXohngqcUiHkVTWFbn","accepted"
"00163bdd0a5744f44fbd07741f6c853b6801b893","2149267449","kpZmEUUWTikwVjPckbMikWcBTlDKWEIRNiDYWfPGOYMbwxkKOg","accepted"
"0016544068422a2142b383e3c1292fad41a64ce8","2848566","ydYG TPQF BRaVsxOUrPtstxkGXmDwg OYSuhkMRhRwJuilNjV","rejected"
"0016544068422a2142b383e3c1292fad41a64ce8","3009268","FseHQhIYRZdnoaModMHswBdgroxNvtyjjcmmTQoCKNrNguDNLt","rejected"
"0016544068422a2142b383e3c1292fad41a64ce8","3415507","hAnlcQcxDcqhEwgEAZHPdbaLyjWzrirfImVqPxmvTvMZERlnBP","rejected"
"00166d2314105cf0f85e722437e695b63c3b5929","2609367","fkkZqGrzTDiVtMiUuHNFNQEROqfCLUYTzuURUAHnEYkASHjSeK","rejected"
"00166d2314105cf0f85e722437e695b63c3b5929","104323907","gzyBYOhyyZioGDCatZBzmWvnyjGspqjwlKBXYQuSaElAGTmzGU","accepted"
"00166d2314105cf0f85e722437e695b63c3b5929","1687728","UflLJiphfZUctEUGBtHinao yrqeUruchSmWvlLuArZCgAhZpV","rejected"
"001680f37d7814ae7ae5ecbc4b05ef0dc782d489","47341769","iSjHmYzymVNKojVKuJQfAZBUzSjVAbGRklleiw  FnMfrBR hk","accepted"
"001680f37d7814ae7ae5ecbc4b05ef0dc782d489","2082155990","hrvtZbvMsZqLcHuylbZPoeyxDBExjurDRtFEYrRoskSmAIlHhI","accepted"
"001680f37d7814ae7ae5ecbc4b05ef0dc782d489","35649732","NpBRCskTGtarZYmMXvkrUDynIpkmfKGpQBCqrngOhRNZPsRbrY","rejected"
"0016837cd5f24b3a25fdd49635d3c3fc6b356848","145797922","jyYuFnBuqLhuqgykultSPnagSD UmYSqYUuPpamuilTzlqQECm","accepted"
"0016837cd5f24b3a25fdd49635d3c3fc6b356848","2848894","cSyQCmtDLPYEBVJKLHICebgJdiFAPbTDqwjibCtoGzOYiAcdfm","accepted"
"0016837cd5f24b3a25fdd49635d3c3fc6b356848","2185730092","QubNcBnDIaxgOBNYqgRkJqjNktjzfLPayNQvFgoLGmzCbaKQGM","rejected"
"00168bc30d11e4f490c0698079f4c3f99daf36fe","2436224","iZLYyzkLwYgOmdmGljbvGnUUYdnmiMWSfEBzInGTVBJpwpVqfz","rejected"
"00168bc30d11e4f490c0698079f4c3f99daf36fe","2109394807","qmZaQTfuHysiYkpbEaNoakuHYOAlGBOsDmNXYimfkDsDjvNcTX","accepted"
"00168bc30d11e4f490c0698079f4c3f99daf36fe","12205458","wrxzdpnhzdWGYFDqnLmtBtoLETrPrBNwNx LcpinsBQwYluPcA","accepted"
"0016af72d64ddf06a83d56a7bb80a9e4cc7bc839","2013377377","EXeTxEXdSKMhxHZPlbCKKLkAvIjxXoqOLcHyBmHNJcbpRxqPNr","rejected"
"0016af72d64ddf06a83d56a7bb80a9e4cc7bc839","34026610","RSstTwDRlWhRZLOWDGcfpgoTDPKdjWuOjrHJvHKDjEhaBmlDIx","rejected"
"0016af72d64ddf06a83d56a7bb80a9e4cc7bc839","3409615","ApqzHSlRJTYEGw PS JySdltyvaioRRMchrfNkQAKsGTyboTUo","rejected"
"0016c3df7707cb57f289a502327e50b117fe1ce3","145927086","IVKRWkZKvWbIDQWwFJDjlVtSHxbRXpXfsXwVHfDDaKPRmOTBac","rejected"
"0016c3df7707cb57f289a502327e50b117fe1ce3","1764099","SNVjPELOiQPlHHajmkCoLFkKwj UzHGyChwlkFConnbyKIDaUo","accepted"
"0016c3df7707cb57f289a502327e50b117fe1ce3","121404739","eFzHBbykPQdmCsAEKuuOqALCwOawySwdvTBAHpWdhfZuCEDVke","accepted"
"0016e12c1080787948c0e9a4dacedc4b5b5ebf41","143750818","ttwlRMQvtfnOfgHFNJsDEhXhPFSglIrlKvaAArgxElyQUSpJIC","rejected"
"0016e12c1080787948c0e9a4dacedc4b5b5ebf41","147785085","xhkoDcjwCdqTBEkFGXFYCuMFPSfmRnlgSKaJNIkXKHkjoDjypH","rejected"
"0016e12c1080787948c0e9a4dacedc4b5b5ebf41","48900864","GuAyKgCbEUBnlOMuvkAvgetWxUDslDWcIwXMKGlcSVzzvqkwcs","accepted"
"0016f55349d813c600b04f9f1b18d72ae8f69d49","2093472879","VwqDiiyPtFYsUzVVjAvEXPyBUItYWiusWzYUAhEnlngweaIHqM","rejected"
"0016f55349d813c600b04f9f1b18d72ae8f69d49","46982824","hzHJbtuDPlLdhgxbNOAwMkUGpTdDDbPqmBdfaWhzhjsxaFZwqa","rejected"
"0016f55349d813c600b04f9f1b18d72ae8f69d49","2118204980","EAzyIcYKKZyheczjNrYUFIfmGPTWmDyYyWArjKTHYpGjmmJVgz","accepted"
"00172121bc0c94196c9bc62bfdfdbe991a9400d7","118273495","OZMVIakeJTHUNgRIXzKHtpYkBQNMdBsbT pjosyPMMxSXqVehn","rejected"
"00172121bc0c94196c9bc62bfdfdbe991a9400d7","2181811791","OXjCwXjuhWHuwsJDtgeIyNPeYhqhQjJGkDmVsfuVFCazsELUxu","accepted"
"00172121bc0c94196c9bc62bfdfdbe991a9400d7","2443503","VjXxIHsTerqkdtdB yxbjafVirdiHgClsASnYEGTqcrTAAdBNt","rejected"
"00172228264e94df64af7c9671e9b9d35b384a2a","1486427188","D DwzyEuMJtsZJvsCmwLxCTFUWTryXMTtEFHkSmAXwrPvsAciL","rejected"
"00172228264e94df64af7c9671e9b9d35b384a2a","40633249","coFMukQDdvZginkBQKSkltEgGhfzZZuXIKPywaxpmcJANavELZ","accepted"
"00172228264e94df64af7c9671e9b9d35b384a2a","3454503","OnYqUDrciLeil EFUdiLCTnkNdzgaXiNzjoHgwQGjvzpB nwx","accepted"
"0017372ff28b2330352af629d2e4901ec4ffafce","1471683275","crmmJgxcuh qfFofyzCAUlGzOVBozcKcNgKDYtILpUPcloSHni","accepted"
"0017372ff28b2330352af629d2e4901ec4ffafce","5190217","RYjQvkOgmXMKdgXubNqANkhjkVurmFQhE rUaBhyyRN lRQYoP","accepted"
"0017372ff28b2330352af629d2e4901ec4ffafce","2798354","Ma uVWrFYYJSsUywjymlK vDQIEslwUePUXhaUxklICWHhvHWB","accepted"
"001743f798c72d5ccf91fe3d48e38059162b7e9c","2106573","rjUi woJtnuRuSnBHakfCCFDQuMZDGikVGSOcjOFyrKCiJDYVX","accepted"
"001743f798c72d5ccf91fe3d48e38059162b7e9c","1808054","biRgilBfLDyxffweKtuOG up HKzCqCgEfH ZLZjziWTHONyoL","accepted"
"001743f798c72d5ccf91fe3d48e38059162b7e9c","3237539","SzpFiyBlDlzJljTPwZNo ZGbTTDRIIkRybLDifaxlHukdzBvdO","rejected"
"00175a93c04e9c937c43b88b76c03113d8142f6a","47744064","vWVbwVUKgjGKkyACfaQIteRGGB HwckSGnXcpotxznoHPAfLSb","rejected"
"00175a93c04e9c937c43b88b76c03113d8142f6a","30734897","IpdbzQbAqZisMkCeRcBfbrPb OpvounaptmMZZNzAJlLiRvjUL","accepted"
"00175a93c04e9c937c43b88b76c03113d8142f6a","1825377","iPCliKRJDmKwEZCNKeeaN GljXAQHaApMJXBErMVEXXVEPFVgf","rejected"
"00175aab2871ca9a4a825072f26d3a05ac966934","1996225790","rLPygWEPFCNXDSRybSWJqrlXGgfiuuFwEKvcKbNuIDcyxsKlvt","accepted"
"00175aab2871ca9a4a825072f26d3a05ac966934","144270764","qlwobmKhcq BqMoWuKPmppLNAlefePBqCutNSgJRGslWJuhMbf","accepted"
"00175aab2871ca9a4a825072f26d3a05ac966934","1419686067","kIEoVkTWmLXJTyAylHHcttelddYmrpYxMAOh ostnvrjFYHDpG","accepted"
"0017703760e754ee8cc99c674cd69b33214bf00d","153645334","WGDWOdGhKvdKzmLYZDKDUhMy AbbzycCNzMQgYSJ avMniekfL","accepted"
"0017703760e754ee8cc99c674cd69b33214bf00d","1471651910","XmaezmYDmcIUtLbPehoKbHEUdENQaDRoMFLjBMKFWAjoNcBH z","accepted"
"0017703760e754ee8cc99c674cd69b33214bf00d","49211781","ByC vguhEJfCWSRLwvqaukcWSPMRqMJhfEDNrpIdUWorY SbuK","accepted"
"00177fa82254111c4e638f575525bc115858f6f7","46628920","XqfuxfAQnAVRaempIjeLoUlDjQRxrjVPSxJVCDpYGHecTp NaA","accepted"
"00177fa82254111c4e638f575525bc115858f6f7","3071820","mltGuGXZPaxJLIriyTqMhhUFQsdUmQQPiIadhAZyozEutpCPSn","accepted"
"00177fa82254111c4e638f575525bc115858f6f7","10770236","eidBxXzIdDERj hCXeblDfjsUFOtuehNqmpZoEhlmkuiBupTYo","accepted"
"0017976819aab4e88a0800e9a816d4d2ac5e3ff6","2358812","UDhSSCoHXmDsxPYGgdWRDzapqciMLZooJrMBJCdvDyfvqrShJR","accepted"
"0017976819aab4e88a0800e9a816d4d2ac5e3ff6","47528390","IkMmhOVdGuKeraONMedmYOlbZiRVyUwQaoStBXfYUKUWgsWyfp","rejected"
"0017976819aab4e88a0800e9a816d4d2ac5e3ff6","1481821225","hI pIqJpBtDcklLdrQVrvabVKbIAsnHAPXSqWKVpYmMjGpIlUw","accepted"
"00179a43a9aacba2dc381478f9bc3a946b886fce","3157588","uoLUhVIKCfHNRVvfdxUNoYOHkHZHvfgKEVDSLHmKSyfeLOrhRr","rejected"
"00179a43a9aacba2dc381478f9bc3a946b886fce","87389632","qgKWUXKjdKcBFrnqPtxHdVbnsuORRBBELGJZwGcdLiTncPBUhB","accepted"
"00179a43a9aacba2dc381478f9bc3a946b886fce","40137859","oDZC RyvWVNIAtLrIJhLzy SoHpeqCRKxfQGlEsTGWTddCyMdL","rejected"
"0017a9724e94bc48f658142aecdc9ed1d8c93346","48331330","PZiZWEEXHlwuxrhlpqjZoyvlSencYHHtoHsAi PbGPdADlZxuG","accepted"
"0017a9724e94bc48f658142aecdc9ed1d8c93346","145764900","ZFWFNkUtqDcqwnbNeOCcAIKuvAROfxSITWoCmpecBiLPjTnrKn","accepted"
"0017a9724e94bc48f658142aecdc9ed1d8c93346","89880501","FHcVkV vrhKISJqerEsrGWsvdbVeDjwlhStWE CRtrgKgFLBGV","rejected"
"0017aa414932e6e872a5a5bb2bd41eb7b8ef1eac","2416913","NmnVMgKFnXmqblX EivxrPEBhfyvmLinCnnBrCXcfgCDuJTduo","accepted"
"0017aa414932e6e872a5a5bb2bd41eb7b8ef1eac","4255133","EKLtsKZVNUDWrfDYo PPgBXNrUnPAnkCenmyRaTFMEKQRuOvIS","accepted"
"0017aa414932e6e872a5a5bb2bd41eb7b8ef1eac","1735221","XQxSPfzkql K qOhnkLVGZMUAqFoEhNrqzFfcgFjpPfxGFaMDk","accepted"
"0017b65adf4104df585a3997fc6e9a6acad38b37","2285420065","tkVTSZrRjqqcweAxVSrwBTBgoCUvXusbEwLOVnTKrUrjdwuFrS","accepted"
"0017b65adf4104df585a3997fc6e9a6acad38b37","2350947","Teu iToRxhLdyJNXJkHzqHAWakLzFHoXGKedYCEOW gQxsxowT","accepted"
"0017b65adf4104df585a3997fc6e9a6acad38b37","3083053","xbzPWoUsxqzSKvh GH BrJIDyJDbEHwyxmKkkBaMjpWhVYJIAx","accepted"
"0017f6b5984a71f211af13ef6c12fd2989221024","32250946","rd EBYSunuxdmxI ymIzffAqLYwhqIZgmgdkrfdkesYOJuwSSI","rejected"
"0017f6b5984a71f211af13ef6c12fd2989221024","40399407","ObrCxMdVcaVcSfxoaiZmhUoXWsOBLTODFMDAFsyIzBDmsqcspn","accepted"
"0017f6b5984a71f211af13ef6c12fd2989221024","9233924","esGYhwEcJbttznrOlXjuoUGETWDmcIECFvBqSOjAyfrquYHIWb","accepted"
"001808c3df98fc4a42ac60eca4b2e591bfd0b761","2121214334","ZFSSmOgAMFNDudTAJNTMKCsVMIbrikFirCnNWMNgwFtvjZIkfz","accepted"
"001808c3df98fc4a42ac60eca4b2e591bfd0b761","50024469","lQVGoLjgYIfBnBOmn MAgM DdmSaTipapyDwrSkWWjJnXvRZtV","accepted"
"001808c3df98fc4a42ac60eca4b2e591bfd0b761","145379840","UwqflHqMgBvDWUdpByRfkuVVFhndIMOJSRGxpmNxeTzdJjobip","accepted"
"00181929929911c728ebb5a2837f2885cb71b375","2053649431","xnpopLmvfIYxXZIzgWsPPazKMebhCdfeXWmERgdIZtDPfvPTIG","accepted"
"00181929929911c728ebb5a2837f2885cb71b375","1743797","PavmppktAsUVGsIMquoMwdEwTbUEKotsHMNkamqjPNrkfVbBhy","rejected"
"00181929929911c728ebb5a2837f2885cb71b375","32425009","iMNYIZHRwHUZoVTxUzMIFzRzlRSoeZqmbxobLNnxDqYqiYPCoo","accepted"
"00183500ec8f4bf5bbbca2063f958ad4925817c1","48393332","xzbuizlqXJPkOeLroKPGosdhpsDaQJCbMzJwdEPurxSqeaxPYv","rejected"
"00183500ec8f4bf5bbbca2063f958ad4925817c1","2086449","DuKfiIVPvPVplTkfVPPBXWuBnlnJrReBZsxAFwBjvITNEQISMu","accepted"
"00183500ec8f4bf5bbbca2063f958ad4925817c1","1730285","moPOe FwrlQsZXWnpyYeMcIcjkgxEWjzWOqNWcLoJtxyXOAATR","accepted"
"000022c6542f1a198e10ce906c7e2f8a0bfa9e00","3371615","IxDrZvNnFaCAMCZWjwikyQzwUEQWOSA bDHlkkYUNJQQggzfv","rejected"
"000022c6542f1a198e10ce906c7e2f8a0bfa9e00","9707096","TjU xfuFNcERRmBSEUGjdxlWbHyoSGBANMvEyBHntHxjyGzXFw","rejected"
"000022c6542f1a198e10ce906c7e2f8a0bfa9e00","2182415141","KcDWDIrrDGkzPTGxSYCAqSmSqrahOACcvTePrvcoHMCUlBYJfK","rejected"
"00002ea837f4c849477dd2706f676f6dba8d15d1","1688869","JLuRQTXAlXUsuvMPFuAZmIudafpwvCblpPawaWvxZYRbPfhMlj","accepted"
"00002ea837f4c849477dd2706f676f6dba8d15d1","1802881","QZFIIXynjkhsltBXYJBCZjIKpKsMAwLAbRBMo eOdXOYzLhtDZ","rejected"
"00002ea837f4c849477dd2706f676f6dba8d15d1","18997752","zHHxTQQmAPiWmdwawmOriaDxLDDijPXCfqfmAiMcOtIPdoJQOp","accepted"
"0000530d6b5fe14be1f26589a0e56ad320fd12d5","29401290","RWZjZkCGJQhqrulkGmXrjAMaaXzjYZDyiBzEBQAyrvaWHaELBb","rejected"
"0000530d6b5fe14be1f26589a0e56ad320fd12d5","35354357","uFZIeJHLKnuARwtkGvGfj tnAPGeynmKWXjpezBUIpUrdxbdLZ","rejected"
"0000530d6b5fe14be1f26589a0e56ad320fd12d5","2114092480","roafzcskLVGgswslAZWfuPFtp fcIDjwsoRifF tVgC kDpLhn","accepted"
"00005743caef19b5b05b4f306d35cf7e4ed78347","50433354","VsAJRKr gNVoyifuDpHRnHLNlXzpNtyUyJlOhSUmZdbcHrqWoA","accepted"
"00005743caef19b5b05b4f306d35cf7e4ed78347","2035572365","LZEwBunUUUcuvrVgYTvpjfhUaRGwIwDQ ObpacYmcugnKCDJZv","accepted"
"00005743caef19b5b05b4f306d35cf7e4ed78347","11248626","xtKxktQBONQpKSMwzUxAsPvrUBJXGZ JcvFgAZQEzeTLvwERuv","rejected"
"000070aec711fdf8f4949101a5d7e9bac64f9a48","2065660158","fAPPxfjNOkOamUCWzPljushckSZSFxjAoImCQtZMTlldMTPaQa","rejected"
"000070aec711fdf8f4949101a5d7e9bac64f9a48","2316496716","MHqAQbkrTdKLbiVAjaYTXbjaerpZvCsXolUYcFrOHjHGfgLqgm","accepted"
"000070aec711fdf8f4949101a5d7e9bac64f9a48","22238502","JxBtXHVeUwqAmHPZsWzMDWAaoRptUxUETQWdvoPrVtIOEEnYn","accepted"
"000097c325e7cf0dd55c307bdd6466a4b85b698f","38459308","ZSZMcdjPxEKPlEdu WLRwCLxNWwyCgwblnNCStNxxfxpjIpSVS","rejected"
"000097c325e7cf0dd55c307bdd6466a4b85b698f","2706784","sutLAZgupTSfisCnvwQcYfnOhwVdo BapPNJGVivWRFFl xItr","accepted"
"000097c325e7cf0dd55c307bdd6466a4b85b698f","24531654","JQLYKWqDmhBLNKEHEglZdgNJHhzHiHGBFrXJcZVHMGmkpAyyUS","accepted"
"0000b43e81ccfd9acd7ab7dbbba558c0c6460b2d","13081449","gbkeSiEUqLzTQPdmksQTfMYIuNxNEyGjExMmg WlDsOreLBVCC","accepted"
"0000b43e81ccfd9acd7ab7dbbba558c0c6460b2d","2145581384","QtDwAFWBbt SXzOeJCpAcvubqxZofy KQHEyuhLbHmergPicJz","accepted"
"0000b43e81ccfd9acd7ab7dbbba558c0c6460b2d","46230270","WhiEtUXBFNBxQAEw saBRsuVIbtijKUKfNbaNTWGKMwLuMxUld","accepted"
"0000baa9450a6401dc652ef24b61156f4ec22b98","11001043","vhPeh XtkGQMSdoQvUZcxsBATPtLylQOyBCJeQfalxbBTeEOmi","accepted"
"0000baa9450a6401dc652ef24b61156f4ec22b98","7965906","UKLvuFSwUhjrFCCIHIFDFRAJQNOjfUTxCYERThAEKGHAurdcOP","rejected"
"0000baa9450a6401dc652ef24b61156f4ec22b98","2110165867","GCbriCnhRUgPAbCEuNpJidMkKdnGSdwJJhLHxEjITFQMHdDHwX","rejected"
"0000dae66cf45b0c279524987c81a5350e5ee510","1911485","IazWLzeHFCSBCsPllBkcGjrxQuvIyOmTBwKlZxqlYvRCoZaHrR","accepted"
"0000dae66cf45b0c279524987c81a5350e5ee510","2138586155","lujQahdSePLJNsptPQGimsCVwArQYjCqEiyNRLunQAKuzkdqQo","accepted"
"0000dae66cf45b0c279524987c81a5350e5ee510","2153037569","HvtCIFaNzt QQ KYIJUuCaGJ jguGqzPbQGBBMZLrsNWVEYIDQ","accepted"
"0001248b45c9548dd4a80d497558e97019c21748","104323907","UfafFKMcsjvPKQHfKpSZkqigpwdzHKBUvbGISAdAJVrzZxWZNC","rejected"
"0001248b45c9548dd4a80d497558e97019c21748","1398246592","ZLomBTCU WCpMilmWEIcYgsabEZSeCJRHmTafmXagHqWhKGmmb","accepted"
"0001248b45c9548dd4a80d497558e97019c21748","1986209","KKrcWXhDCOAMqHsUGkpHSDHOPNqgnTNIrRLZUTGUhSycDVSKxQ","accepted"
"00014314b1944a1f88395518466dd27dbd1e6597","3332277","xcPmXtxSSQ qUuW wVhGZLvIWFCdBKnfHn SIifdvAiNbx NLu","rejected"
"00014314b1944a1f88395518466dd27dbd1e6597","80809703","VgZSIDRvdkhQfYDiWirnfljcgGRcrlUXKJLFBQiZo dfQXwUvD","rejected"
"00014314b1944a1f88395518466dd27dbd1e6597","1483754050","SzXkzFIhynapfSBPKoxyGZaCehylAcbMcZsiwARFnPoMskelqu","rejected"
"00016206980a3a54ec5b2565a0351f25bb65f2a9","13986477","JmOFXehSCvvMKchuFoeyDFtSNbeNjjCnCXIvLjzimrsTnMlwSw","rejected"
"00016206980a3a54ec5b2565a0351f25bb65f2a9","153411327","ZkgPBvqhatleNuCxaPRGOIYBJzToVJfWSojUwRHDAOjYYfdxXb","accepted"
"00016206980a3a54ec5b2565a0351f25bb65f2a9","38459308","OsjOIPLxBLOFvlckmGedVyJlumpatbhLGDZgqzLMHAYjOaLSZD","rejected"
"000171a6ae5a62b3d92ba541c8bbc6e7eda4d561","1947730","Wzzd sCrRtxxVgdnWeOaxHuxRmzzIxxunATc XdLmmlz TthGu","rejected"
"000171a6ae5a62b3d92ba541c8bbc6e7eda4d561","3268597","oOTFkdcUirBKLvijubTbjALiVdENhHhHbiEJfdaSdxfuyAs Ue","accepted"
"000171a6ae5a62b3d92ba541c8bbc6e7eda4d561","2374985960","HjKrvzaIDewoIWGUojTcCFejuiPOchpRTXYakDlzfRrSpTdk f","rejected"
"0001a5296bfb2c18ceabf3d1f8ef850844da2ccb","2054915585","qTTpDSSNNybERHRgugSeKfgGwBUoINTAJfiLIUzcemJN TNnQx","rejected"
"0001a5296bfb2c18ceabf3d1f8ef850844da2ccb","2055961353","N OiowtfNbaYwhqfgZgpWXxkPkdVPgNithYCTFVDvYUakOiXJD","accepted"
"0001a5296bfb2c18ceabf3d1f8ef850844da2ccb","1762931","MQWdtbFTWSPlHCKyCCurMpWieAKVVKQVSZDTQwedlYmbRFEWEe","accepted"
"0001b595cd17fcc3e343594095c380f7620224a7","1789378","AzuMOUAEqYMJbpXmXotKaXd lwXeiEKbmrgqmd HeeeSrJEpea","rejected"
"0001b595cd17fcc3e343594095c380f7620224a7","28285069","nXPiciqgYEQuezMsXwwvlCgoMtlPeFFfSLtaCJmoIC yqF DWn","accepted"
"0001b595cd17fcc3e343594095c380f7620224a7","3315051","AhxWqyRoWlxIkPkTzDLdEkKgdTFVsaipjiphEIzYLqtdCycGbN","accepted"
"0001d7760ce46508bf94d7f6e2463944f5cf5c27","20899369","kDpqKKpqAHNlkFNUMWWksISAZqxotHkEltWRHWKyNXCxoclWFU","rejected"
"0001d7760ce46508bf94d7f6e2463944f5cf5c27","35206936","pWuHDdNXhjrwHDlbiNUAlvVXEvTCuMNJYVAlixwcyRnONLGfZp","rejected"
"0001d7760ce46508bf94d7f6e2463944f5cf5c27","94430377","VRkPOhcwsalwQRUJvBugbmsZPGHwiEOTPRzaiwdygwvIOvgToz","rejected"
"0002008b086af6ddda511d133e1b3b09e695c24e","151464534","RyRnAGtsxBomBpYopgAFJUfFLZuRaAeMHEjTfYNyYNY XfjoRO","rejected"
"0002008b086af6ddda511d133e1b3b09e695c24e","1819450790","lfrvRUiPtRtNPxTKCalErhxaifxzJmbFzdmvsNlwrE daQiwZ","rejected"
"0002008b086af6ddda511d133e1b3b09e695c24e","2144134706","eSMxzrntOAqYRVw vPlgyxgpgtaObwTbpePyZfkVcYzXWiPVrj","accepted"
"00020ff60398ebaa2a9137381ab152a32d2f9a93","1959705","hXVwJuYNixDPhVgWs dgXWBQeuiyNaCUqtC OetFIKTrgYmDoL","accepted"
"00020ff60398ebaa2a9137381ab152a32d2f9a93","1380391852","INgLsvkfEFwwScGIqhcHDHwYgzkycdUa LRAJSWIYNUYCvixJ","rejected"
"00020ff60398ebaa2a9137381ab152a32d2f9a93","1688839","vVUxuxjtOludXWnQQNKol blidntcNOtYgNwVVvUKFdcEVukCL","accepted"
"0002416574cc991186e4310b6d4ff63d8aa3797f","3426706","gMPQnNxJlUVplPdPqbuT AhcpUKegEoRnLIlhUfTfepzhsZIEX","rejected"
"0002416574cc991186e4310b6d4ff63d8aa3797f","1784376","efBslnNteUCmHBxGcaYMTNeMFqMydAyxPdCODkywVvRDheStnG","accepted"
"0002416574cc991186e4310b6d4ff63d8aa3797f","2145401110","nqrBfblWMpvpxUfOAAZBvaGWojFILnNgCOrBqSBgjSXrykVrfa","accepted"
"0002650349c862ea157da9216acd697426c25566","24581663","tQFRRAGmTQegKzsuUHPboeCQCcqDsUdvwEhMtKDiUvqj LCkah","rejected"
"0002650349c862ea157da9216acd697426c25566","72363389","KZvcDNHXBepJ IDXjLMtbWkgCwhbHoIuUrmzQXDIkYEzWhEhcT","rejected"
"0002650349c862ea157da9216acd697426c25566","27379874","prQEaKnvwBApOGHsMfMDXuajBMj iz BVDmLEDMUDUDyCoDCuP","rejected"
"0002693c9b8fe748c3e322979587bdf20148f8de","2042529113","iaodVDRSiVGgaeSGgGkZNygjgQtILTvUHjYQOU mamCY PuhEW","accepted"
"0002693c9b8fe748c3e322979587bdf20148f8de","2215361265","sOLHnpAArNjerMtwBHFOUDGBHkQeQDrwZmWPzAODOCGFDQsQyw","rejected"
"0002693c9b8fe748c3e322979587bdf20148f8de","49086975","NhvHAOCIBukVHjjHWTHlmvGoHXvXl hvAxGeiYIJKzbldODMdG","rejected"
"00026fcbca53c090460b3f2398b873ef93ba01cf","2239022276","iQQeNJaVvLdjNc NeODtQJaFrMOqsfpvohCX DkIhZ afwUPvH","accepted"
"00026fcbca53c090460b3f2398b873ef93ba01cf","145947929","lqTxlWWXBOfUAYtmIlVMFIUWqMATEHzYFbBbfdXojHBXvffnhh","accepted"
"00026fcbca53c090460b3f2398b873ef93ba01cf","144658416","ADBvOOiLbjiSYCVDrlplRXJZmUtkJGHxQXWMqYnTPhyLnYsYvc","accepted"
"000270b23b8541878ece7b890c015482856cb512","2848566","DFaNzoOFbBUsBpXqtzwfrqPtncpecZwMbOYjySlFyqfe oyynQ","accepted"
"000270b23b8541878ece7b890c015482856cb512","29401290","mznxplZKGeqHUTZnTURgqduwVKOAiGyRDxMcAGNqFkZlDErUul","rejected"
"000270b23b8541878ece7b890c015482856cb512","2081776","QlZEFbPKErbxUHkdDmFhEKcmhsmOtimjpfDPIZEZP rlxfCaRU","accepted"
"0002722dc903d5693d4d5e5a29aeb245be39204f","2189464566","SxvOSzqDWHmkoUJuuLzSsEGBeivbPGKzna bDKIPBrSbKnOlGV","accepted"
"0002722dc903d5693d4d5e5a29aeb245be39204f","2250039140","OWJzpqIjdUASYehYvrmDZziGXxaHJtkVjmKdpwQFYnCOgEjKrr","accepted"
"0002722dc903d5693d4d5e5a29aeb245be39204f","2151533734","RBfaWzkxUKyUwrTjVSlGxmkOkiyimf HuBCUsZKqDBRbWrwwZq","accepted"
"000273608ea1d28ace07f7c2080ccc3773d9f0e1","2144522159","RiyXMwuQTbYqGHMPLSdMDhIeGMTgCqQoNxEOkhSWlLDbEqnnfX","rejected"
"000273608ea1d28ace07f7c2080ccc3773d9f0e1","1982812","xZkwZuvVdvHUzprVCmVFZQObUJzoGRHHvvpjKpIRxNSxbtqcXd","accepted"
"000273608ea1d28ace07f7c2080ccc3773d9f0e1","2071784166","tohnrETRnVznVZTZDIlGAfolLzwIRmRmmHZaMQrZCzSfrAtBio","rejected"
"0002a270014d42279ee871ae1b1d748128ff325e","3113695","CQonCCqAURfXSdJVgPircguVAKMXHpW HbBOBzchGUuAFqTYSY","accepted"
"0002a270014d42279ee871ae1b1d748128ff325e","80057274","DVGUmUQnpGPFmdfirTgqAeKaAhgZ MmXSXrWARkwVorLkXsgkO","accepted"
"0002a270014d42279ee871ae1b1d748128ff325e","1911485","LiFEBqMfVyFanfusTXVxSwjjhQUXTQxbYmKc knqMgBwuFzl C","accepted"
"0002b568154d66ae99ead0427c3f9795a46e9029","2181210864","VwwJfd hVhePLkwCSAfENEelMmqg dgghUadHLMM uJdoqapKv","rejected"
"0002b568154d66ae99ead0427c3f9795a46e9029","104261497","CwPTMoEFvHllaiNIwGmlmXDLMfjH qkegRwyIleYfiHFTpeuBx","rejected"
"0002b568154d66ae99ead0427c3f9795a46e9029","2065702342","lKfOIxUNDUoHGhcVMVIThljhyUisTQgHaRlHMdysgyeooskMqr","accepted"
"0003127c588cc3ccb4fe631ed148021764e95a2d","6613767","oGVkUWHgnxxwksQ RztJrRXZovUhVaOOFPT VHocPKtYOavjBS","rejected"
"0003127c588cc3ccb4fe631ed148021764e95a2d","2282516","dAiBqRutWTMzJXnProVVPtJOflvOgZPFywvmKFugGKbeytyAcQ","rejected"
"0003127c588cc3ccb4fe631ed148021764e95a2d","2144333684","hnTuKCLvWP QbLI iiJDZuGCAqwojjtrWaCwyXVigWZDcGqSsJ","rejected"
"000316b6f0e2f5d08f08ec1acd2667e2e0ecb7e1","1749500","ynHwDzSgbXWHZinIIMlAFxIvWqNJOcCNkAjPnKhsbiJAO qnBj","rejected"
"000316b6f0e2f5d08f08ec1acd2667e2e0ecb7e1","47878200","KHvIoBZlmWeRDXm KDbNhloavHCJjUaDNiRQqvwZSgHEWpbIkv","accepted"
"000316b6f0e2f5d08f08ec1acd2667e2e0ecb7e1","144991466","gStwMuZSohryKNrfqSPSJlZcRtxqBVVJaaibPpzHyrxuggMQlU","accepted"
"00034cd7274e4b79e12e169adaf1ba6b64975403","1577172948","veBQGvcfvwTHJLLPgqElMFlyXBdXbZyQyLQoNmZNHXZDjACHVy","accepted"
"00034cd7274e4b79e12e169adaf1ba6b64975403","2145056051","PZrgqOFUfJsLIgpDKWuWatFIYgLDfrDsKiduKDQNVUvjOVxxAV","rejected"
"00034cd7274e4b79e12e169adaf1ba6b64975403","1711890","wkSoFUOniKbQIPRkdnjWXFoPOYEMmUGGdVtYJChX bBAOKntkZ","rejected"
"00038365f12a7fd41ff3d905416555c6b1c2c798","3286428","SsasHpqNYUd UcaoPLOVJkFISNmYlHNnWzHQAXCYghvVhzPbQz","rejected"
"00038365f12a7fd41ff3d905416555c6b1c2c798","2152086239","zyZhfwhOpDPSYcLKFddfFCEdqpmZygtwKGDpEkCcYLFDkbdzqA","accepted"
"00038365f12a7fd41ff3d905416555c6b1c2c798","103681240","MRmynpHXfDx WqAKOPMCBVQQXutTOgKiFPKBRRGmkrwDxZftCR","accepted"
"000396746a39b9924d54812aa57270e9383c61e3","38195025","TSLqmdhCjiZFNYKbTtNLTuIpvQVtkjVNOWTwInWWCezGNxCsiA","accepted"
"000396746a39b9924d54812aa57270e9383c61e3","2124776391","tuKyAtuGpuejezbgUL qGHOcf NMHIERgxpatjuggwK aJUFBU","rejected"
"000396746a39b9924d54812aa57270e9383c61e3","2365487","x svNcOcfCrvHVHXgtxYwOCkInixwGeRHQkJuqkQCrtNIYDfOd","accepted"
"0003975a5c5869f4b07890bdf2515376388311f4","2347364639","zuMlbDdYIrrWXxrIuYKqnSskzRWxHWsexpkLWWIEbStmuTuQiI","accepted"
"0003975a5c5869f4b07890bdf2515376388311f4","48642588","jLvKDa NHTICpKqtXBexggUswHgGEhpwNeMvqJEmcXPCTODLFV","rejected"
"0003975a5c5869f4b07890bdf2515376388311f4","2487418","EiiZhmtQXXGFwcHhoXpqFuWaGIdwOzBYWFyR HYlDrhgJdZWQf","rejected"
"0003cf9c5ab0baa1d41d52da893348ceb52f2b2f","1737377","aGehGTBqkRMoBgnOGIjINDKpJYKrbRMAIwlFRECOJIDmzVxadh","accepted"
"0003cf9c5ab0baa1d41d52da893348ceb52f2b2f","98487914","zZznmCLPhVwuQakhByrOc UzTtnNBvurcmmGL ietwjArioRAs","rejected"
"0003cf9c5ab0baa1d41d52da893348ceb52f2b2f","37198550","JxqDAKsVQSSSugGiCVHGxzCCpqnkKlIckssPveURHLiRw ekMj","rejected"
"0003e1fd9ad04f257bfac22e9d2d3031556537c1","35257771","VKwfnlo PQbVQFiBQNCLBRbFphELjodhlehaImkmtakyobsxJP","accepted"
"0003e1fd9ad04f257bfac22e9d2d3031556537c1","94430377","naWznaeDPwqEsniEynBulxDUEYfMEGnnXdqxPCuYDcHAhVrqhn","rejected"
"0003e1fd9ad04f257bfac22e9d2d3031556537c1","1678485","LThVVGcL BBrMOPpIFwYDfOnTVTXJNPsoZqvyaTdxkjTCQwaKY","rejected"
"00044a86c185b8ce4aef1d54bad4d1334bf892c4","28000040","dDbAiOzYlpbqtVJFvJKgJRBbjQFtpaVy  efVJVqRjAUwEfvOa","rejected"
"00044a86c185b8ce4aef1d54bad4d1334bf892c4","2182406639","ISiPmKQbaGsAoBSHddqvBUrPcWQyeuFrWMcRtOToWBMBZoWVKK","accepted"
"00044a86c185b8ce4aef1d54bad4d1334bf892c4","8648828","frgulYQlTqvLBeTWCQCgU BrLEdbmZDdQNkLeFdjbNLppRHbtD","accepted"
"00046ae2bbf381ebbc72dba510d17da419890428","2829337","SeyPONoERRHxjePhZDnaSjgfGUNuzDZCzUjwhSrxQhoAlnesGY","accepted"
"00046ae2bbf381ebbc72dba510d17da419890428","2652412","wtsDYgRqyNGVH FPhnhkuFkkFNdBkKJjylNAYTSBPpbFxTdaMe","rejected"
"00046ae2bbf381ebbc72dba510d17da419890428","46283451","OdHwqETWaveVFbcKHDXEjIeU zkFdnMinVevGnqKeVbORhZmpM","accepted"
"0004bda7215cff182aea7a00b8336cf68bbd88bf","71570656","GlNwhIGrzMCLsYvZauBxzHAWvFlHhr WyzyngrjUPrIiSJ eHM","accepted"
"0004bda7215cff182aea7a00b8336cf68bbd88bf","15368961","GdyQjwBYDmBkPkiwNttCYZApZufOLMnXHSDJdRkcKETdToGbkP","accepted"
"0004bda7215cff182aea7a00b8336cf68bbd88bf","2436224","OaOMGrdbXoCVLNzKZzvEfyNTGfEFqNxfXCxzVtdvncrUdaTUic","accepted"
"0004d56897ecd2cad15a6e6f5ee656639b786bd7","1391031207","SoHXnqJbdVmTmAdRgNTQBcrLvryQSvRbmQtFyCpevNmAiLTSJr","rejected"
"0004d56897ecd2cad15a6e6f5ee656639b786bd7","52144753","feQzLrzxBnOY XoNRkyJvebMlHKdHIaxeqiyQzgMnIEojEmqIA","accepted"
"0004d56897ecd2cad15a6e6f5ee656639b786bd7","2110227195","lGJO Cak PmoJoNeGcGTZfxjwDgQtKrtVBabGezDJkxzVZDKby","rejected"
"00052119ca9ff5bdf45c06f729df7dadac1ce6bd","2089772402","RTRGXBHXPmyIXwIFUoRNdrXSjwCNxCzDWMUbibkWFrBtJdqg N","accepted"
"00052119ca9ff5bdf45c06f729df7dadac1ce6bd","1679380","foVnbFEgwrbbHhdEbJpGAqowRADZKZOAEyDhPxldGuNYTfcsDM","accepted"
"00052119ca9ff5bdf45c06f729df7dadac1ce6bd","40013941","yfDGecyMWgOjAWGfSuxOWXX xJbRXxvIzLxeDfsMWVYKhGunKI","accepted"
"00058c38608b30a297480c8d682fbf9479b0e6b0","37934378","FRoNNHJMOIYwRwoFTTvYUAnPZZFeWLPNobcwBmDYSTIQQgmbvf","accepted"
"00058c38608b30a297480c8d682fbf9479b0e6b0","144507373","jGscNEKQrOp cWOyMHzLQSNpfVFRenfzZcKYphx niZF SDFsr","accepted"
"00058c38608b30a297480c8d682fbf9479b0e6b0","30772377","wEAgvvZMHVMqqsYjNk WuuEZsAi yfKkgvznkWxQbnCZBbfdbO","accepted"
"0005b409b6514da7dad30b0ce4415a3ea2b43bd2","1741232","VhMKcfKcMUAQKHNu We GstIBUpSQfyDqvPElYeAdRjvLjjnAb","accepted"
"0005b409b6514da7dad30b0ce4415a3ea2b43bd2","1761543","jojCgBXNowumnbmvkMqaPJirZZJDymoDLFKnEmFKzbYvEGYoEV","accepted"
"0005b409b6514da7dad30b0ce4415a3ea2b43bd2","73690883","arUbkYgLVcciRPZPjYoAFclidTyzangWLlhGSC aXwFZGWa Ch","accepted"
"0005bdbcec4526d1df0257b581e1d5a7ec2dfbf4","6734274","zgNHtRXjchXuGWMqfHSQqrmDYpzvIvfP QGgWNWyltnijkYEWn","rejected"
"0005bdbcec4526d1df0257b581e1d5a7ec2dfbf4","2110489216","ueYxrJx D h LpMswJhcZtNaiVATKcVyFfFQQLgTuEQqNpTdK","rejected"
"0005bdbcec4526d1df0257b581e1d5a7ec2dfbf4","40649974","kuSrdmUuic QFSbAKQTQsFrCMYACCbIDeBpRvOEAxIrvuP NHo","accepted"
"0005f82ff90113faaf836e5ad234c2930a11baa5","1418653304","kTnjbSJnDVsvDlopzdFldsjoPAUGuCiThmmWXfiSfJAPSiAwxp","rejected"
"0005f82ff90113faaf836e5ad234c2930a11baa5","1380391852","EcEjJQklNnqeejetgthfNLMgYqcjHyYLaBIxZOQGxcbAgfwmIt","accepted"
"0005f82ff90113faaf836e5ad234c2930a11baa5","5460139","vJnDbCzlHbRXHGWDYvcePVJkZDiQMVxTbZQZrlvrmThPDUCpvD","rejected"
"00060b8e4e818604dcdba8166cbadf2402fd6aab","2152821142","ANHQUBKhwxzqCIiyedVnW G bRmMKIfkNIulJJkfyOYHeEKEzE","accepted"
"00060b8e4e818604dcdba8166cbadf2402fd6aab","1943164513","FQRGdSeWELwPVBQTWStaVGNUfnDOcYAfOcYJxfHNwWAuzgjApG","accepted"
"00060b8e4e818604dcdba8166cbadf2402fd6aab","1450746431","uDdfALmChkmyvLpKyKUVHewLQeTUn pqdeAbEqkSFRuJMLyRj","accepted"
"00061f6bd4062126de51de0907a6441395a11610","34262794","CAgF fyeJJuCi UWskmcdMEeEkHJCT vqsQTKxvZMuzpnceTNF","rejected"
"00061f6bd4062126de51de0907a6441395a11610","46283451","nOcr VZqchYxyfoHyroigIYVcRNKXWmhBnD aIVFKrJUQFBbQj","accepted"
"00061f6bd4062126de51de0907a6441395a11610","2129564128","vdwUuSXcyTHDxJoyfkHvAoiG nlxybJhxQjObVPeCRohGYgNKe","rejected"
"000621d4b77e34b3b979f60f0f0146da1c1b6e5e","3338091","AdvydOqTZKbHBBfjMxEBqHnRuYpwtSBHjgSDwhINvLNBIJmWiN","rejected"
"000621d4b77e34b3b979f60f0f0146da1c1b6e5e","88849233","jBThTeyIlvPwJoQVybmXNYOUzGbLCFYha nkgMsTlbYlZjeYgs","accepted"
"000621d4b77e34b3b979f60f0f0146da1c1b6e5e","113980490","z dIdGEoXlieVpmsNHBFeAtLHNbxXEZulOFNWgoHrVfIiConfs","rejected"
"00064a9f2fbe045c85cad94c195cfb19188c46b7","51446964","FajqAxfZMRpobzairwpqbdBPDmpFSjr eZJqFkUHygPzVzwFDe","rejected"
"00064a9f2fbe045c85cad94c195cfb19188c46b7","1762931","QjAiaGbVuMhASVjEdnuAsJqaIvSLZThGkVviWzaHvkiarSEtiC","accepted"
"00064a9f2fbe045c85cad94c195cfb19188c46b7","143957826","gTgfeHiwVjPcmGOTcOyeNfKdgjHxUfyKAmfXyQzHafjuHidgqy","accepted"
"00068ca3a90685b3a9476a4257f6d0db50a1e6f0","1861227","ZgdBrLSLvjSWHGDXYCtwdhOgnyJnBZBWcPwbhbYybJGdUugTQs","rejected"
"00068ca3a90685b3a9476a4257f6d0db50a1e6f0","30592993","ufWoPajEfwMwFMBGnuLHjgtgaNBqyoRPPickZCO zQRwxxCSxo","accepted"
"00068ca3a90685b3a9476a4257f6d0db50a1e6f0","24581663","mQsohewBakCDUibiVfTe ZLtPWpZHLtusttTcfKydGThnIIflw","rejected"
"0006938169b4cdda85b0034dcf8ff4f6a44c0d57","4535134","KxDfElAjAbWfI yytXiKWeLzrRNswNfmrTBSlfgFYiORWSsnGJ","rejected"
"0006938169b4cdda85b0034dcf8ff4f6a44c0d57","47792700","dhcYnEiYklAgbCuQQAhhmMeCTgpZNIYroeGZcTeDoapFFVdyaj","rejected"
"0006938169b4cdda85b0034dcf8ff4f6a44c0d57","2118536633","syT SFKhTuSwfrxTyvScefhjyalGvFnhXVDBBBEOdxBiLwbUqQ","rejected"
"000695a1cbd2971d095365651bd067781b0ade5f","2111107765","TEvfWbUXVeMjyimMHYkwPDFcytzn bN hakE sGCgQyGsJNlOn","rejected"
"000695a1cbd2971d095365651bd067781b0ade5f","144159726","poqyKeRYIWPZdxYmiBU OthoYrJKePazeEBqJNzScuONiaGGqx","rejected"
"000695a1cbd2971d095365651bd067781b0ade5f","1725768","WvIFjWCQLrJmjUvXTuYUGTgCmYdVaOXKyMDndcwopqOmGgpTlT","rejected"
"0006afc7e0982a0335c8723723ba92c98ca7bea5","2108147319","zOQArxIZTXkCnJZFhXgkAmWivgUoDGMjVkhDDCdYZCBvyKBXEz","rejected"
"0006afc7e0982a0335c8723723ba92c98ca7bea5","51240458","u EnCafixEiKdgGMZIRUFizrXQxbtkUSDBKCpovVLfSegZuBBM","rejected"
"0006afc7e0982a0335c8723723ba92c98ca7bea5","1905428","HWsuwlYGuaH iNgxkVqUPOYehdQjXfvWQYafEVQuxuRbVWJVHQ","accepted"
"0006b39165ea759aa01a80e6cac035b7e71423c8","3468148","xkWEVoQwffowQwCYfnAbJcuZyzyuNSWWHVhYNwcGqkLmQkFWdN","accepted"
"0006b39165ea759aa01a80e6cac035b7e71423c8","2046998992","RbvKocdibXEqWWocziRvUPgkxWQooGrWomMifYXyNwegymFlyZ","rejected"
"0006b39165ea759aa01a80e6cac035b7e71423c8","24531654","umVxAlmbwLqCZETXTeoaiiwhJlNUHfgeECCyVIPFlsnnWiUcTW","accepted"
"0006fae5a3762b0ccb41f7e6f075278cfe602870","2088565","F crvHSISKonZkoSKPWdAsOvtLfxrmBSmlWXuOLoZkonUtOcsI","rejected"
"0006fae5a3762b0ccb41f7e6f075278cfe602870","34662662","CdibvujxY PrTfAhfBIeCWjkMLJbdhMwTpdFRTqAlHjbwuvVRO","accepted"
"0006fae5a3762b0ccb41f7e6f075278cfe602870","8555093","UXggOusjaH XkWjKzKZdNdUAdPdfEzGlwujcdShpKjGOmJpJpr","rejected"
"00078bd218871ecff5c2cef8e092c46bcbf11185","1403815366","HjAcHNpMfGEgveFAOZtTDbDzqYBAsFEJuUuGkrDgaEVAxAoEgM","accepted"
"00078bd218871ecff5c2cef8e092c46bcbf11185","83132798","SThrAfixcePNU woNuhVigRRZOJWWaKpyjJNSCKAwgGJktpmOz","accepted"
"00078bd218871ecff5c2cef8e092c46bcbf11185","1396275556","KKGPUn dKMsyeEQfKfYcECWVonMIzHlwhYlypBaazpnGw aAtO","rejected"
"00078ffb96abfa50257b419c8c3b95483ac06b99","2118481032","RFKsTPtKwcHoVtZoSZBdWFhgcQXVsiSCcIMweRUUzfUJTXADEC","rejected"
"00078ffb96abfa50257b419c8c3b95483ac06b99","2118525177","eIxeGUPYZUhVfvaPDSOWFFhkOL XTSDCtiszNfBixlidvSVvcy","accepted"
"00078ffb96abfa50257b419c8c3b95483ac06b99","2108544708","hMyWtVyuDuJoijsiMuhqPmFhBExMjtgsSLMXWcRkxCtsolcMuy","rejected"
"0007db536d1bf37497a2fdaf1f1cd74c8428e0d4","1729979","kUKeeUyRrZLEIZqlIwIZUJHyuiBuFYyGrhwyZGymMOkARmbKex","rejected"
"0007db536d1bf37497a2fdaf1f1cd74c8428e0d4","66932689","RpSAvUQOaYyaSk WHMirmeUNPZgthXEGwGBHKma WFWPxFqvIG","accepted"
"0007db536d1bf37497a2fdaf1f1cd74c8428e0d4","51130504","uWweSRmfYjJjCRlYkDphneWMPAQuzQNhJCRxvnsTvvgSeNXlPo","accepted"
"00082e4d3cae1630580641f76e1c16882af217d4","2153561195","eGkddQlfGKngtgiVWNoQKIQudAUEOzkaxdAQAQmVN njjBwhvt","accepted"
"00082e4d3cae1630580641f76e1c16882af217d4","3141283","BTlvMVlGbZEeViDLSrBsGSIxsATNRwUJIfghQDCnCHsqduKHN","accepted"
"00082e4d3cae1630580641f76e1c16882af217d4","80707862","QvGeRrvFUsNDyRwbnS  GPBdburpQjcqHXHPnoZHJprCapCGHJ","accepted"
"0008376d8ace9485f9c201d16a3f5dca9e069b27","2121355885","VdSfLbMtwKgaHRkHIptWSpoffghOjKwSEVSUYdXsDuBKsRrGNu","accepted"
"0008376d8ace9485f9c201d16a3f5dca9e069b27","3202968","ZdVuHKfHRddAGcbUEdzinupesnFpzeCXBuIDiehWgytPDyuWxu","rejected"
"0008376d8ace9485f9c201d16a3f5dca9e069b27","145947929","gVlUWfMXXVflwXcNTblNXtiyAQcqAQWbyhpxTseiTBhlovJimU","rejected"
"000837ab90ce78dc3da05932cdfaafe407f97247","3470935","RpKqfRkjbrMeDDkQUowWDFejwXTLbt gDPlRxqCnbyYsBCSGPY","rejected"
"000837ab90ce78dc3da05932cdfaafe407f97247","1387451194","ogJw xczZkadMNoukWBbHzgvUDvxRtkAMgFyfGekzthvniTK","accepted"
"000837ab90ce78dc3da05932cdfaafe407f97247","1988484401","lpxppURjwDsBNrgBrtxUVlxSvwP lanhmkfwQI uqamEDgYdSi","accepted"
"0008608fa038e32f66714d7d2f333c38c2ccf316","2014539601","EkwKwyulnVjiakABrjoPBqHb jLXEGuDDHWbfPhxwD DXsAHny","accepted"
"0008608fa038e32f66714d7d2f333c38c2ccf316","35801558","znjpYnX wBKPakyUUNLN GDFujItDgdvKIR JwIBpiDvEYDiCl","rejected"
"0008608fa038e32f66714d7d2f333c38c2ccf316","2097672910","vIoITVajvFVIJrLBRKRwdvrczbdIDDHDHECgDclKaYl JmntbG","rejected"
"000886e8810c5d98326b9e89383eda14af8080a1","1898863","IhTSsVpRrDyBLZxCNVTTCczZYpCtgQWdRwuyF vEHVqjvrdbIL","rejected"
"000886e8810c5d98326b9e89383eda14af8080a1","1500528751","uwgZuJhriPSQbnQgdKHyDIkYulNShHMZCbCKVMmGEe tOEIpr","accepted"
"000886e8810c5d98326b9e89383eda14af8080a1","2094180156","kHM MaxhIemdeHttgwJoCpveTDoIrzVTxIdvymIhMyAcxlzDDQ","rejected"
"00089648c366fd1ea41923f75a2eb028f80c9bab","2239022276","rWwsPANXxyslylNFpDqSMUvdnnUJKjQPtwoKDCBhXjUckwPyaN","rejected"
"00089648c366fd1ea41923f75a2eb028f80c9bab","3150677","AJiQPdXHUhD JfWmkvlIeMCYrVQOgKLmAFfHwxNcufgRXmiHdo","rejected"
"00089648c366fd1ea41923f75a2eb028f80c9bab","151361142","TmHHnnGyW y tFCIDZXYjhQEzxmdzwN wIxlaAUdUfYuYUpwAp","rejected"
"0008b1e49c3d4afe2cfffe82ea88be147b618504","1471371109","FxCZdwfrSiUWbGCLVoLWPdFsRdYkzoIVpTslTAh ePRNFYrotV","accepted"
"0008b1e49c3d4afe2cfffe82ea88be147b618504","10305789","zPwobPdozzxbxVFWiw hUZFqZtEdkziYKStJlVPbJTdgpsksVW","accepted"
"0008b1e49c3d4afe2cfffe82ea88be147b618504","2178647329","UsgnOiYTGDkxtkCvEVhGxdCVqanIghUalmInMYiifiDhuceRlj","rejected"
"0008b400c518d83ee5d9f72961163ac011e05633","2198761041","jNWOHzaWffOJkZSHZxcITSWwNMmaLjloHMJPaZqMlaoyiqPANa","rejected"
"0008b400c518d83ee5d9f72961163ac011e05633","3368504","KijTqEciyPQNmfeuLmQewZhf DKtsKnghsjeyteINvAbeQmLYM","accepted"
"0008b400c518d83ee5d9f72961163ac011e05633","12274858","wOOxXRn  shrfXYUdQHdoQKrMoHAzTQvkE jOLjTulhkVYqdDd","rejected"
"0008d0a1f07dc095095e80b2ce9eb680d60c3934","145338224","GyzinhaKjZXrlvmANHVRFnaTeGVGczVXIkuIKfzVXGBGxIgNUB","accepted"
"0008d0a1f07dc095095e80b2ce9eb680d60c3934","2145913417","LbfukJMfDbHLFFtwANcyQRHLbVvm Wcj uIqNqCEGsRNCAHOCm","accepted"
"0008d0a1f07dc095095e80b2ce9eb680d60c3934","1692018","E zoMVyZTTwojIeGYHxDkuOYeXSExcUOgwuvmprkCeNMwGna J","accepted"
"0008e4864ef02f8236e605b36907bd92ea9d6695","145797922","IwZQvAJUJaBEbyxMfzSAxBzcmYJtelYDiDThscAbhFlhVLOdow","rejected"
"0008e4864ef02f8236e605b36907bd92ea9d6695","38978232","NOMxMXQaWyiyYRfrZndF njbpNtgO cWOXSLfISskShowLdpvI","accepted"
"0008e4864ef02f8236e605b36907bd92ea9d6695","2118386545","IilxY IPegSyuVzboLETho QbpHPoIVhWPTghJAgCEbZEzdVsi","rejected"
"0008e9f8386759f6da8b48b9f121eb610df5dd81","2525112","aeozZVgPSJnDwwijjyJUkUDqE fCZMJqZraSqPAMqfWvbfTpeL","rejected"
"0008e9f8386759f6da8b48b9f121eb610df5dd81","1686529","jXucebkfPMaRzRaUNqpahCmFkxvdmEPxTx  qXKtLXVplboRjB","rejected"
"0008e9f8386759f6da8b48b9f121eb610df5dd81","2118095747","UfqmgfzZ xyLWoDgPcXeoRltFiCjUpRxuWsrylLpcZVuqMEnwY","rejected"
"0009050d3d205d71d065dd2840ee0da108c0b99c","2985205","rWVeyrYFKMbKMilbBkpbFTHAojqZhnbiDApdKRIYpYbMEiNGwE","accepted"
"0009050d3d205d71d065dd2840ee0da108c0b99c","2265170129","WLsFRRdZtulIwwMNiQuInenwIDfnhTYZRFuuUEZhZWXoEvfpUR","accepted"
"0009050d3d205d71d065dd2840ee0da108c0b99c","145205045","gNNxygsSwsRv rAlqhcGqRoFuo hivySuyPQKkFkdZjidiRpnu","rejected"
"00091ea6119e3f1b25a9f773b54d35c0ad82fdbd","3426940","SKlEYDfHCyfBXtEsPGDZUvAvfAgjBTNuTFMhvvkyxvtuTkkKZa","rejected"
"00091ea6119e3f1b25a9f773b54d35c0ad82fdbd","1737377","FJOhEqLakNdJcoIxLxqAIOwYgnceQArJ SMeHugmpHaUwbzmYL","accepted"
"00091ea6119e3f1b25a9f773b54d35c0ad82fdbd","2632975","MUjuTYkQJmpivJyRKupDqRGlhraRJ cXECJeYshaqvHihdSdoa","accepted"
"00093977f67c366c5d9c760c421d952ed5827096","1752357","xrQqoDbsriULdUeSFYMRbVKZwFdyDlouuXkIaxrgZfc FkHPYB","rejected"
"00093977f67c366c5d9c760c421d952ed5827096","29793747","wVNntIZeFNvXXASNEXfEyKW saFnoCRudZYEDWmzYrbMaUWiNF","accepted"
"00093977f67c366c5d9c760c421d952ed5827096","2337219","aQONdNcDNZFdwIEIYmSHPsvaxsCDbNISmwzSRXKdqDmfcgimMj","rejected"
"00095cde792458a9c16bb9856628c8545b5a3657","3113695","EzroIfNWdqoZWCFKXJveWYHpPwrDmERuxyqCwq IOIWMvkvyK","rejected"
"00095cde792458a9c16bb9856628c8545b5a3657","2069015905","SsZJDUqRLsCNMuDGslsiuGGmaEfbfSrOrtDyctvRXhFYIBJTso","rejected"
"00095cde792458a9c16bb9856628c8545b5a3657","3456360","RKpfQJmL EpaLVVtWijlYYuFHaoMbkJuHUAPBIeXOKSiahDwSU","rejected"
"00096679b345c9b690042564a7cb35355df3bd35","153438070","zAcBpktxSYCRSgbPRlPYRm MSoLWyzSXLqkBjxVgvxFoL SAeV","accepted"
"00096679b345c9b690042564a7cb35355df3bd35","2054701713","ByAgmzvs SABPYUmlhcUMnPcoxXotRtPkuCTTckiugdrpvzx A","rejected"
"00096679b345c9b690042564a7cb35355df3bd35","2202568651","OENbavMCyWgRKaGZWsRnhzottcOXWSqMnUbYjWvHgKDkLvoOVW","accepted"
"00099044cb9e21ed35043d6b2c77d0b467cdbc42","1778120","jIVldHpsRbmGmzMKMiNlKFGwDKvFiwrfcQlhzaNNwboAeeaxU","accepted"
"00099044cb9e21ed35043d6b2c77d0b467cdbc42","80457697","strrKo uCtNRrhDvAmadnJXokwYcjpITnVTJFAgEhrTGHsSows","rejected"
"00099044cb9e21ed35043d6b2c77d0b467cdbc42","1389976160","SrmgbeSGRdwAHkeMYdAIWNzeBPXrUvgMAkrLbowWjpnSCqKKGc","accepted"
"0009b9f74a2cbb4c233544affb1044400f5cbe1c","2120317910","TcJZaeqwOpgNYaat LLWKmGRnTAIaQyxkWmjfAQIyqpMnSRXRL","accepted"
"0009b9f74a2cbb4c233544affb1044400f5cbe1c","94430377","bSThYEjbwbKKWZpUCn PUKHZrqNHHGJ vjPsjqyxUDpEuaER r","rejected"
"0009b9f74a2cbb4c233544affb1044400f5cbe1c","2248580051","ojxtP sQGsVwNZifQlRWgnhIYUhpd sZiSCGqFTMhCgMnNXNiR","rejected"
"0009c4975fcb502a4af0e53d46ec6255c13216a1","41159541","nSPyvjMC TcjfvgipLkJfjxgsggEipTQNxivusSLKVOdkxScze","rejected"
"0009c4975fcb502a4af0e53d46ec6255c13216a1","1422188587","ibEVaSajoviaVRuPXjijdJtmpSirWRUlGDLZxWrdiYSaiaUMJW","accepted"
"0009c4975fcb502a4af0e53d46ec6255c13216a1","66084298","hKCnhVGvirUCvvAMdfuFybXGAESEZHLTsTZ ZzGYe WFtRZfxm","accepted"
"0009d92fa288d02c40a087f0c906c487add1cedc","3018450","uTK DSpKecFwkviWvBvTYAiQPFJTDEKXVOtIQlioc LPZlHqgB","rejected"
"0009d92fa288d02c40a087f0c906c487add1cedc","1380391852","ujPpmHTjGSrtSWKiNoxIvWEdLwHWqQtLDMHpVKFqMWPGvYyYmB","rejected"
"0009d92fa288d02c40a087f0c906c487add1cedc","38907156","GRpGcxlBFGlbwMWFLHOZMUuIUSaggdTxgJUjCicaehLtMwYamM","rejected"
"000a0e43091625c14f5a45c357064daec49dca42","31160235","wuztvzmqBMWZTVuSltNDHtwtSacYSNVeBvsTPQHucYrpdMwctM","rejected"
"000a0e43091625c14f5a45c357064daec49dca42","118555807","LgRpa sRRdoXUfStxUHtwwyGvdNYrcNHBwgXGOtOLkqmWycttB","accepted"
"000a0e43091625c14f5a45c357064daec49dca42","113672119","miGpOVHdbkaIZbXEzGluMkWxLIfqghdGAArsXUresOmAFslcZh","rejected"
"000a1779aaf160a615b268d833c30cca91f55f98","10135213","kiDTDoHDsOZjKRLNjyfuHpNqSaQKiXhANQRCZREevSEivDGnRq","accepted"
"000a1779aaf160a615b268d833c30cca91f55f98","1680165","iravQhDOVuID uNNgiMBE pUQjCcwKLWCGHjrMdnQYAtnVgDMc","rejected"
"000a1779aaf160a615b268d833c30cca91f55f98","2136180304","zstccchkXSKlx ZavzqzFhtYogZKWHuNgUoVUowCdrvUFHCuei","accepted"
"000a3bf8fda019e89e8bb3ead6ecf51d3babe5f7","2286165246","cTIxlDVU KLAmC tvGtgzKElUqhIDSUcebziEwtSZFLnEmcklN","accepted"
"000a3bf8fda019e89e8bb3ead6ecf51d3babe5f7","1473102722","ZxMmBRTKZvCqhOGWAVUOjbKSwWExRZeCzRtcenRHBXkIufcWOn","accepted"
"000a3bf8fda019e89e8bb3ead6ecf51d3babe5f7","2285454096","uKAkZdPidhonrVSIVK svMnwHWldGhGrPEPbyregCutLedWfLz","accepted"
"000a46f9685e82ed0c2c526efb05bafff4e0ee5c","51964718","AMdcHEIFIoEvunqXBqcJpurXBKJRIjNAcvmVFdoSvWdqMlCblD","rejected"
"000a46f9685e82ed0c2c526efb05bafff4e0ee5c","95950388","MCQKjuupBgcTAqnDFYSYobnKCIePxUYfUbOxxdCIHfXvBQtLks","rejected"
"000a46f9685e82ed0c2c526efb05bafff4e0ee5c","49080524","dxVKETnksQfRNnIaHPoTPXpJCKjTvqfyzxZooOGPRSemThPgvX","rejected"
"000a571b0eeb5da25fff077d646c164ff432509b","1762182","gDGJ ZdBsMcKISyrpyACqySwWVlArOACitDmNEgsycwiQGSUpQ","rejected"
"000a571b0eeb5da25fff077d646c164ff432509b","2249471810","zgleUZnGddrmyQAiCUmdJrRdt tCCxlFMhouQplnPEBuNBbXdQ","accepted"
"000a571b0eeb5da25fff077d646c164ff432509b","2356016","lalEWauyDercyasjsURxGOpeQpLPNjarVWuxRjzrGzBXQzSuXD","accepted"
"000a76e7a390174ea231ee36e072d20f8148743f","1519283536","KFgqOSAPqcuxVDoLPfzXrfy ZfeVbVPiReGMk lEfennXCnhHx","accepted"
"000a76e7a390174ea231ee36e072d20f8148743f","46495033","Mlw GDc BnfaXeQnwuASrpPKnboTDrLHhLxDmQaseKvPRj mPj","accepted"
"000a76e7a390174ea231ee36e072d20f8148743f","4908247","ghhpNMvjD LEeyMoGSuCpljUObMAkAvbdsEjdPkemEEwmVXQQw","rejected"
"000aa5d7c23a43503f2de2b188f99965808b0f56","144152212","XbfGNWLAWT HlPIPUxOMCoVoHPHdhdpsWxXGTOOVGzjPMCgDNR","accepted"
"000aa5d7c23a43503f2de2b188f99965808b0f56","6734274","vDABlRzgmxqujlvf vCT ZrqrPMR AsDfkYdn jUmCNGNVCsxa","rejected"
"000aa5d7c23a43503f2de2b188f99965808b0f56","2856466","tgfcmXKXykgOncYGQREXyWAbrxeQcanoewNWRHUYdnSbj GlRL","rejected"
"000ab38871b5449cd7e6a855477631aa25e08c47","1422322813","annTEeLuhfOHjSGGDnyIROlkefgCVlQtzBKenFpRxNTZYqtCay","accepted"
"000ab38871b5449cd7e6a855477631aa25e08c47","8920918","VUC DAUNXQYoVnlLbVFCnnvXlnhlbFzlQUSUGhCMHkHthNWTLV","accepted"
"000ab38871b5449cd7e6a855477631aa25e08c47","2108442403","lfBnsNScPwPBFwMjKPqkDIrAckXnCKCkTPVagjblmWPdeThQVt","accepted"
"000ad9089c994362917fdb9f563862f33f1b2eda","31837119","IwvDLvetRUZxmRX KGhZemzsiLEsAMYeVlhoeQ wuXOuN  XoZ","accepted"
"000ad9089c994362917fdb9f563862f33f1b2eda","40116153","yFmIDtANVWFtHCBrW wAcDoRXgHUKVahpQVLag tWtFLmCGSPb","rejected"
"000ad9089c994362917fdb9f563862f33f1b2eda","1996210170","nOTlWkZHMWLKsokJZzgJTPtiLdNDOFWtcPYEZCHq IyosLEXHS","accepted"
"000afec74d37917d2a411c4b7a1de525ea0eaa13","1699605","EChIwLDONmFleWuvudKTPMEghvLJIHyZLEVvofwPzzKUAGWwWT","rejected"
"000afec74d37917d2a411c4b7a1de525ea0eaa13","2108182762","rKKRBFvcimbAylxKUHobagoEyIzXwWWnVXnFDycS TeAHuUBGp","rejected"
"000afec74d37917d2a411c4b7a1de525ea0eaa13","71709685","tWeWARnDgrsYUtzEQrVmJrnQcIv DvRTz YHNezXbsXbQSzPUl","rejected"
"000b2fba3d72d2d35ebe98178d3837eb10cee454","2521294","MvYvZ wakEjYAMbaYhzFcEZzJjHZsjDKWCoFHVddFoIwVIGQol","rejected"
"000b2fba3d72d2d35ebe98178d3837eb10cee454","39977859","jKouzelTEEaHBcMPatO yEPIHsNRs VasDswNZGaTMFFLBdjpQ","accepted"
"000b2fba3d72d2d35ebe98178d3837eb10cee454","34262794","gGGCXUGHZQefDuGdWYsdRAIxFXbN ysxBRbUGYdGRW mTcZRsl","accepted"
"000b387c2ade265cfe14735e7798f171ee580b65","2286305836","KIdVYsFdNGHGCkPGkrXiVjUbgTuWOimlCdTTpFnsYfLyUnSYsp","rejected"
"000b387c2ade265cfe14735e7798f171ee580b65","30610490","hEBpXcSGkUaLNNDpcLtNdrLEICqjWEuyOlwvjAqquaj lqbpCr","rejected"
"000b387c2ade265cfe14735e7798f171ee580b65","144792148","bJfZTnvdXRmyvLEZqIBkqrREwTtRgytO vdRwxUWdTKInBV AT","accepted"
"000b490703723e1f5e07a79b458f852cca695447","4013632","pttlIHbnPEYlQgHKviQlUDoLiRHDoTwbPfGywaOxgLeSjlNQyy","rejected"
"000b490703723e1f5e07a79b458f852cca695447","47853172","bjCPaQsmpOVtPIVJ UezIAmqjLFrVgYiThWW HgmHmVWHrDdVB","rejected"
"000b490703723e1f5e07a79b458f852cca695447","1716997","LYUifzwIFSKvZfWFXNAFC OirYfxxQqzpToABOtyw rSqRmDQj","rejected"
"000b4ed3a5d5788a34a080dc7d64dbe379940d6c","34588657","lNXiXiTxAPMDMuHPsiHBGswvxeXBOzkrHfMtFwrAcSpSvpFfwx","rejected"
"000b4ed3a5d5788a34a080dc7d64dbe379940d6c","1380140627","EEIE sgtnxOvqwCxIgmbHsxZPXfTrOdsmHHCbKmeavyeDnNQoJ","accepted"
"000b4ed3a5d5788a34a080dc7d64dbe379940d6c","2110227195","GhAWSmEMtfUSHIJbfoQrJuXdResQuSwbfhJuWYhjzWLbcDqozl","accepted"
"000b6111233e18f8123ae5a0b0f074689784e2a7","89150026","oPGdZMcxlSpHHNUaTPJmfnYvmwHxNbRs vSknmOjBbCmxKauut","rejected"
"000b6111233e18f8123ae5a0b0f074689784e2a7","1715864","RmujHSpHMqtYNiwTxLrcAcHIMlRTVrsQTyvoWqsnqPDMgAyUxz","rejected"
"000b6111233e18f8123ae5a0b0f074689784e2a7","2490162","DNCbFVzaIOGRrugOlDbVPPvNpYThJglGT JqbBFZwOrAUcxcQe","accepted"
"000b724c98412e6d8e85768d204392078d5ef97e","145511287","EHzeQfFXWjFOGTRQKDrjeSWxpAbWjJSzdmyXFPKyYhyfcMbVbH","rejected"
"000b724c98412e6d8e85768d204392078d5ef97e","2110671501","KsoPHrA drhTZtTKgo dfBLjQWHwrnmaRmbNwJbmyErqqTaYNW","accepted"
"000b724c98412e6d8e85768d204392078d5ef97e","1985131","YvdzqEKfrfRLyBDqAePkFKxRAwslwsoaTkkLOqOrmiEtqiOktO","accepted"
"000b8567d17dd982ae226c29505027ed692911dd","2109504512","KoixkacBFELcEwjJgiRMgpwDlfqCjupTvaCyKihOYtaMMvXwEh","rejected"
"000b8567d17dd982ae226c29505027ed692911dd","13248016","OXAofSDzvADpotSSouJCdcWSeWiHPzMatmlpDig PjATALVJai","rejected"
"000b8567d17dd982ae226c29505027ed692911dd","1813267","HLrprWfslazpnyCimsmlppRygTbUyL zFaVpEPBQRORumtWEiH","rejected"
"000bb32d1f22edb332e4b5bb866544ec2a591841","2024061059","OSDQlDnboAJ oFyXovYJuvtxZMRfGwDtEHrnGUtuqTsuwlnvW","rejected"
"000bb32d1f22edb332e4b5bb866544ec2a591841","97776354","TMREvveJefWl xeuHnDTKkWvYdTEjJWiEyrTEQDeNIFvJmuWgH","rejected"
"000bb32d1f22edb332e4b5bb866544ec2a591841","6232252","NGEg fxGAOdHkUvXLcdkqawxpgKrXiwRv owOABhepXgSLvNek","accepted"
"000bd1e06b5813a19a9317d62d414b4042ce89ad","3114683","SVjZJcWNZqFZuJnaFJETXUXnJSMjNuheZsXQxJNpYwUSQUv yJ","rejected"
"000bd1e06b5813a19a9317d62d414b4042ce89ad","8307674","CCcftitDfEgkrmCzyISLbMOuxzVfBWfkts BJBWFCSmoeUZLVd","rejected"
"000bd1e06b5813a19a9317d62d414b4042ce89ad","152883233","rzgrPYQmDWQLYYub iOmnaPLCFRvcVDirN ZIsVUoJQSrNjPLI","rejected"
"000c0c4b528a388d7cc871287a0448f899919abc","145511287","NAK VsOcJAsNYLZOISlgaKLVsgaMYbTqPxwkejuxDKSEvcBdbb","accepted"
"000c0c4b528a388d7cc871287a0448f899919abc","48487247","oSpvFmjEcmimeqCxJBBDPAQEUEPZUQCCgWASfElXdiF XpWJUs","rejected"
"000c0c4b528a388d7cc871287a0448f899919abc","2287041184","monimjocaVZImmTGocjkYwezUxYmmPkDuHIHoAZCVtwl GZIcQ","rejected"
"000c2d6517939285fd7ff030626b94843d8b51f8","2180013","NkeuVxdiEnUtKrbClwDMcEvkLRpykIUsOdkFi lcQkovkeesqD","rejected"
"000c2d6517939285fd7ff030626b94843d8b51f8","3211695","ewtKO QgQxtnCbdNBhHDZnHnhQHzlHbHPlNaGMOoyrSzAkhiVf","accepted"
"000c2d6517939285fd7ff030626b94843d8b51f8","49890081","iHHaseQNoYOiOKtzTJffejEYaIatLXJbKLZUqlrkRKNMytKcPu","accepted"
"000c4c4ce4848f31e4e75a608a9d50f892b6f34d","4288561","WukCwqeqZbsqOWvGfNTWpcM wAtIuGXkkEq AIdaXSTcQXjfMg","rejected"
"000c4c4ce4848f31e4e75a608a9d50f892b6f34d","144170376","HTQdSVldNtiOkvF URznCOqNHJJvmfuZs jZWtpxJ ChOdSxtx","rejected"
"000c4c4ce4848f31e4e75a608a9d50f892b6f34d","92138836","jZZdbvmMhxLEySWuEAUpYKcHFgFZukjeIeWVAlEYjMDOMYMHu","accepted"
"000c50fc55951684aac6e44260fa7a037342e54d","2375734554","GxZnZFkWZBHlmCmvyODdNHkTGmouKrHYDTWd bdYdSSomkBIgT","accepted"
"000c50fc55951684aac6e44260fa7a037342e54d","66084298","cfwX RhjyaZtGZCEgxOvhKLSCbVBPTvgOZDfSdMGEYxzhAliWY","accepted"
"000c50fc55951684aac6e44260fa7a037342e54d","95987665","OlIWtdzszyzCWWdTuWzjmCuDZXOXrDtPAXNkuRKhhizqiBNqJK","rejected"
"000c5daaf427ca755f3907c855807a4afa3499b2","2313510808","hbmVdchjqgqCwicrmAeuQMwtnL d HSPTqVmKUsDcuDrmGtorh","accepted"
"000c5daaf427ca755f3907c855807a4afa3499b2","2370525593","CSZfNCpymLeI laygbtquViFTPiZSQVNVGXcGHWojoHEBgYwqQ","accepted"
"000c5daaf427ca755f3907c855807a4afa3499b2","2199753887","AoHtkKhLbqbW YVhdRTmNncVUikG ogbYdCkWTkJvKnObWQkZF","rejected"
"000c8b3675f4708fcd88b00439c04c9674d7c6f7","2798354","qukJYnfX KMziuIqREeQabPmXaVfSBFjZIIElAQUqS RfbvnLV","rejected"
"000c8b3675f4708fcd88b00439c04c9674d7c6f7","2755772","HVQgHppPxvyxyhvScCLvbLbJnbOuGFdZuCoGKn PPKBcLaMVTx","accepted"
"000c8b3675f4708fcd88b00439c04c9674d7c6f7","2020545","LltYXGJLMxfkqJcIwuUMZTQrkisWCSqSpipWqRaTzjPuZHelqs","accepted"
"000c8e625208579337945e20689c568cd1f42a9f","143916457","myYzgbKkXlGufh nChrQWawFPHOsIfHKEikfwuYnnoduCAeIxL","rejected"
"000c8e625208579337945e20689c568cd1f42a9f","49699199","zDRynMJNdKEg bgiKDrIeXkQaPg UlMkuYxX KnMXEOgKcOQbr","rejected"
"000c8e625208579337945e20689c568cd1f42a9f","31186224","fQHJkGerpvFalhElbIHmcAfTNJHgWShixcMNppmkGNNacnBfik","rejected"
"000cbd46ae89c7199d3ab1a3203b2621ef194ca8","3311548","xhTayxdzrKJJ WjFgsbfIkCxbOBqEWgwFTBnMR mWRSXEsqReF","accepted"
"000cbd46ae89c7199d3ab1a3203b2621ef194ca8","1403815366","ihvSwOZXbEWqPNBvWsxVgAiwJVJqI cpiCPhxHFPHNaniSuvaa","rejected"
"000cbd46ae89c7199d3ab1a3203b2621ef194ca8","9913941","xVFAaWODekZyMtOPCLGSioczOBZGLekMUIrNfLGQBTNwgylWZr","rejected"
"000cbfdbcbce4825599d93ab7f4f36025814db62","4460254","RLJivTcnVZkHMCqdJIZsNhivVCHDybhfRQCzPLVvVumqwEQSUl","accepted"
"000cbfdbcbce4825599d93ab7f4f36025814db62","133616629","wLultKmooSZKStIyJd DvuCaHeHyJ BUgctXtcfuDUOKUcjIVj","accepted"
"000cbfdbcbce4825599d93ab7f4f36025814db62","5771767","niusyuKlCJTVH LPUIhteHBqcYmTBvIbQmrCKInjgAB xyFtzh","accepted"
"000cccf8938254fad0eae8f93b96d65583f027fd","23142942","TdKjqsffwwMVTbcwZxJybKB CuYnvIDTrWNxAWzstsFWFfhCst","rejected"
"000cccf8938254fad0eae8f93b96d65583f027fd","34475405","pDTLfewTlnIZZJTRKEIujhVx LfmNxLZnNAaEDUsWFFnDwVvze","rejected"
"000cccf8938254fad0eae8f93b96d65583f027fd","2091106763","UvvssesxLnaeeTWTYBLPIaZWNKavOBwCKUubbHhwbdYSwpAZPe","accepted"
"000cd87ff7faa6885a0d88681637c261f9ad48c4","30767016","nYyXjfdpdJiuXSnLKXXltB iIROjhq oHEklStFYcCaFQBipcc","accepted"
"000cd87ff7faa6885a0d88681637c261f9ad48c4","1746662","SBr UKqLO ciHGJkgyJzRYHrlWQdTNnXQFqRhzFKIWzlbuJDJD","accepted"
"000cd87ff7faa6885a0d88681637c261f9ad48c4","2345395321","EPixkLBYsQdkQPkehHOcwlVcnVIqFVXDftXbzGCUqTsRCbCTEA","rejected"
"000ce80a8d4b0cf6be199cf97d8912b9dc9b44b2","48639956","fVJRiUAnYhBklkTLXMJsWOQrHIECDoLEGxBo AwfeSDFhXJNJy","rejected"
"000ce80a8d4b0cf6be199cf97d8912b9dc9b44b2","2014749429","WehFCFJafEkCbBbbpDbBbPGVxKhGNbrdJmuSsMyXsjAPHjWfBa","accepted"
"000ce80a8d4b0cf6be199cf97d8912b9dc9b44b2","145522082","kVQAFhnkypkCozPfsczyUqaSiiEmYoudwTKYRzpAds PLBBJZf","accepted"
"000cea844db4466d00beda1ef033792240c1ab4a","2178647329","eQhJDsCwxLzcy alYczcpBClUqCKNHNeuqENLsVnyRGWhrzeUe","rejected"
"000cea844db4466d00beda1ef033792240c1ab4a","1746114","fLDCbiAFwefLNVrlHweXZrpDXbXJsvIALoFvvLfSJYClnFENYT","rejected"
"000cea844db4466d00beda1ef033792240c1ab4a","5993769","RZdRwRIuJBCKYvwwICyClhEGMTFcLqIXOLPYDXDcXZawqdIOau","accepted"
"000d3e82c710b61e87f3b7b0f6d559c51b6df8f5","1709595","tNokdkGJEdVzIDRfvwWSZCpsIuFnDyEjITvtPCFBDygAYYlDpO","accepted"
"000d3e82c710b61e87f3b7b0f6d559c51b6df8f5","2215881772","zFWnCLUOhEpfAwhieWluZisMNigVwrrZK vlzbrTdCSPAhMEsT","rejected"
"000d3e82c710b61e87f3b7b0f6d559c51b6df8f5","145473821","lOGfshnjthdxHjXxznZFTdahspflhtHOHUWTCs pplujWoknKO","accepted"
"000d3f0d5bbee6a6c04b51767835aeb219a007bf","21083275","u IobZOFAhwMmiuOaCIqAvCCtm ZHFBjFwnhKGagKuOeVFYDrl","rejected"
"000d3f0d5bbee6a6c04b51767835aeb219a007bf","2072574255","ZZBf QZqheUZsWDRDshyUMPzLXkYSN ZLLLlsbtheoQUTztfPi","rejected"
"000d3f0d5bbee6a6c04b51767835aeb219a007bf","2764166","sIiOtkmfASatlJrKQIRDus sjOzlwAolcfzSesxAghJiPaPdVh","accepted"
"000db90c8d6d23667630720e19a8fe502dfff93f","2055735950","bfOckXydNPyBxHYVkmoixDJYcJoJ OgdRnoCNBBdAnhuHTKaQF","rejected"
"000db90c8d6d23667630720e19a8fe502dfff93f","1455004300","EhfMYEhKDHdYtSPSbkxaHsXCxmjNPMwvhOqTkfj rsRPMafkbr","rejected"
"000db90c8d6d23667630720e19a8fe502dfff93f","2162446116","cRKwrsAhBNWIHCAtnR snUILKoCyWLxepGbfoLsPPkIGUunoFT","rejected"
"000dd471bc37669204fd85c370bb903987497f13","3095405","UdsMAWbYELlBbGBVJbTOEpWelkZCRWF xWBArlCpWhEbQtgldj","rejected"
"000dd471bc37669204fd85c370bb903987497f13","2145913417","MYzsetrfnKtuFvWywYJqngxDUaMwzPyryYlqyFqYekVUysbhoR","accepted"
"000dd471bc37669204fd85c370bb903987497f13","70622073","gszIEDwzyeBJMUsMhunSiLRyhgxRfXLhzwsHaKjfasiBYIDULa","rejected"
"000ddbbb741b127f795dd09f748b2c508a54a5a3","103073143","wBASMVQePpkBdjFRUMBZxLBErwDGhYWIkHQHTqrhnxxMSbOMdP","accepted"
"000ddbbb741b127f795dd09f748b2c508a54a5a3","40977675","jFeoZBP lEfeXQxIlMTOsnYviOXrcLxsiVtSMCN PGuveRaWsF","rejected"
"000ddbbb741b127f795dd09f748b2c508a54a5a3","2144978935","jcSGgoORpxSZWkBpzJdeesrdOEXNXGlFHKuKHQrqvpvOyFfiwv","rejected"
"000dfe5270730c7e72aef3371caedd0f10444b8d","144159723","HLsjyHwmzzlZenWzhXOtAYMalqcXSNuxulPhvBfJPUtjfEKCbi","rejected"
"000dfe5270730c7e72aef3371caedd0f10444b8d","1681236","nxjAjOHFJ exYxQZXTJaGWYxQBWWyHUTqYTwhesm JFRJoZPTQ","accepted"
"000dfe5270730c7e72aef3371caedd0f10444b8d","33749110","SwCmoLvAkGQettMO TdCRXXzLLOVvElMyOzBPpMPTMseXKRAke","rejected"
"000e179957ae9f8bed9bc57103bba6ec0d9abb1b","2067465980","x pjbpARbohQycpPxRNFhInlTVqgTTCKHkKyggpvzxzohkXzYp","accepted"
"000e179957ae9f8bed9bc57103bba6ec0d9abb1b","2076484191","rpFOXhFtpOGIetbPrBVKOup aAtSijWCtTkieAHTGsl Eggbm","rejected"
"000e179957ae9f8bed9bc57103bba6ec0d9abb1b","145416638","QFbooOxAvNacbC mRIUrRf qGhxPKUJJFsuCMggaYhOWEIGTHC","accepted"
"000e19d19065a80445b88f8605a3677e196aad17","2150666690","LY ppbDJRUV kjXrIbnIjLDrZGalgtyvatvVOrXzIlqVJYGlqJ","rejected"
"000e19d19065a80445b88f8605a3677e196aad17","51885253","ZOLBpiGMGnuvzatrFoRtkQszjecYRgyiJFJYBDWVNoWGsdjoWP","rejected"
"000e19d19065a80445b88f8605a3677e196aad17","40399986","nLtRnOcSCRwtTYSjjIPAZbR ZyuwAmyujWBmXkeqH LJXmYGkd","rejected"
"000e371c2fd76be152c3ad21583950bdbe054c73","2872756","SGXPOtyELLKAEKmWgCDCpmBzuFLwPwiETCsfJsUrQXAYJlMzrh","accepted"
"000e371c2fd76be152c3ad21583950bdbe054c73","2026698757","CVFWhzjzejknJRqaEnorodRoRVDrDBAYfGPMhifcFpJthEvipn","accepted"
"000e371c2fd76be152c3ad21583950bdbe054c73","89150026","dmbrzPmyGSykKKUgP cFjrGwyyGqYsVRSVJmadOGpnV KvcubZ","accepted"
"000e38534a236a1e6366741fe9b934f794b6771f","1970752","fKemCbEedEYWrepwUlkiJOQrobKzlBXwwKbXKlyjBUbkzdZQNp","rejected"
"000e38534a236a1e6366741fe9b934f794b6771f","71570656","VthFNLoZevyWyjeNziwqBlsxESwJ dANkftYmBLMXp asQIAVa","rejected"
"000e38534a236a1e6366741fe9b934f794b6771f","24746746","Qoj SuUygKOvuKLiLDZdOCcYlXHEACsXwSSlxZICOswrBdnMoE","accepted"
"000e5f36122f81fec6a4bd034330bc0935e413a8","2156500858","PeiSSYJHKOTmmGPGEawDAPAgKXDHz UWgnKOAInaxcFgCsrxL","rejected"
"000e5f36122f81fec6a4bd034330bc0935e413a8","1422322813","jayfTPJMMsPKNYzyvUILAcXjLrxegMUzKEhCRXYCtHWPkKEnXq","rejected"
"000e5f36122f81fec6a4bd034330bc0935e413a8","1707029968","JbbFBdeFGvXXHgimsCErVYwOqdQHjfZrYmIugGhzerJqgqOBuM","rejected"
"000e716f417b339dc1848e1c97ceebf72d4e0e47","14393302","tJQGMskbfgXrdRWJmPgPABiUTgXWDYu LkXSHIlQTAqpHIAUBe","rejected"
"000e716f417b339dc1848e1c97ceebf72d4e0e47","145730883","JYTNaPEdUCALKhpjpIhTvE DQGhCbn YApTOGY YpWLYKYStAQ","accepted"
"000e716f417b339dc1848e1c97ceebf72d4e0e47","7344530","fydGzCQrQqxePaalImfiqcLUwbGfIzVxAvmHMuLNdfKcRbvkzs","rejected"
"000e83ed6b57e93d6181c62b88062abca0a8aaa9","2284063493","nKqqRQYjnQtQaJaumzkQkfMyXvOKbcDFTLB sYhYSHcDRyinEi","accepted"
"000e83ed6b57e93d6181c62b88062abca0a8aaa9","152598568","QxkABZamKwhrtBsrrPskGyEdnhjljT ouVnyjxNsgoDQpQaYoN","accepted"
"000e83ed6b57e93d6181c62b88062abca0a8aaa9","1972387119","SUnibsKckfSqtWiSevRYSvCMYOZeDtYxpsGcCzQsiEbgukgcGL","accepted"
"000e925cd0b6501002bf901b09f321e03e7f9feb","3125281","vguUOkNQwRxxQjtBiAcBgSWARKNQpOGioifqNYVfeTdXLNHdiV","rejected"
"000e925cd0b6501002bf901b09f321e03e7f9feb","3322412","VUtJm MZubIjpTactbgSekrYcnUYHebTAQpCiTgt JmmvYKVjK","accepted"
"000e925cd0b6501002bf901b09f321e03e7f9feb","47210460","qPZZGBkqYyJWBwuPnNldIniayPwxwKricShjucgQrYe EpDrbG","accepted"
"000eaac83b164769f07de7de7a99104be4e827ae","48518653","ntdgHNH rPkrCAknD AZDrBDMNmGxqtaDDNDOrXRsfCcvDpFPZ","accepted"
"000eaac83b164769f07de7de7a99104be4e827ae","1734008","BQQGQWRnYeorpJugMbAGUaihedxrOLIaBVNYIYKPhjaGrONBjI","rejected"
"000eaac83b164769f07de7de7a99104be4e827ae","2145213876","JpQpNVtSp wTvlsPRkwwzFOXBpqoSUdBEdUiKrnpWgHqoZhFkn","rejected"
"000ee48cf456c2a7e4bd3f91b5d02835bb1a73a5","36009053","jBFDfFwaGnvRoOLjAvjqikkhToQIlVnvxaSChoHuZXZFjynGL","accepted"
"000ee48cf456c2a7e4bd3f91b5d02835bb1a73a5","2112134932","bQwiLkVvZcWF LvrudLwzhNgBTMIvecewZOM FtmdYsACKEIqc","accepted"
"000ee48cf456c2a7e4bd3f91b5d02835bb1a73a5","2034273229","K PUwMaeblubiYygrcmqPaiAWKTDrrKhAZbPkkTWgqFRYoKjTi","accepted"
"000ee7477ccb4ed5dceaac968e8553b52d6412c1","3624119","TgvQjRQhyqwSyMwG AGjryYmHLvx zRqiVdzJczScnkdukNYCZ","accepted"
"000ee7477ccb4ed5dceaac968e8553b52d6412c1","6848604","KVCV aOZr FPzsAtUC ugDNdGTpMqcMUUktTSDcCUGiAaQNxcH","rejected"
"000ee7477ccb4ed5dceaac968e8553b52d6412c1","2173383571","LBUtJkypXEpDXzSsojCiwitKElJjXOvNPMzjdQkfeSPYDazcJy","rejected"
"000f5d181b1bca66387e972b9661f7bf8d8a86cf","1696427","gaEadKHCbtuIWpTUtEuDkMFLBSWWAdplOqGrhxfzHnokIuwHJd","accepted"
"000f5d181b1bca66387e972b9661f7bf8d8a86cf","2133022765","yUBTefhvvFnXMmueZDSqyuaNKurtTprDxoxupsFeCCkGLDiNET","rejected"
"000f5d181b1bca66387e972b9661f7bf8d8a86cf","2920643","lTrqlJrstfOHOfgRYJsNPEgQGcpJLgzUTZytYpklHPRtvAxqbQ","rejected"
"000f7c02561b03026cd116541dafb817a98290fe","1993671630","vnRTAMHBkuhXDcXXVhnVYiZcDUnILdyPKCZrUcBmzWjtlKIsPN","rejected"
"000f7c02561b03026cd116541dafb817a98290fe","46962558","ePLopFIgozTteoOiLarSMrANEqFxQyUqMMOfCFUkMJrhF QEdu","rejected"
"000f7c02561b03026cd116541dafb817a98290fe","144531851","GVmxfkptISfvHdGgtdRgQVeliwhxbNmDsNGEXgrUEYTaASAoYE","rejected"
"000fb72e624fbba456f8f5765b55c4ecab1d4323","3174162","KiXgqOBuMQNfzhVEHeDHVdkRYVjPewkMqKtRjljTqjerFAJpkn","accepted"
"000fb72e624fbba456f8f5765b55c4ecab1d4323","143807211","YxVIbWtQcsvBWNhTlVFKxrTdpjDftXrCGzoiZbFf meeeGomHV","accepted"
"000fb72e624fbba456f8f5765b55c4ecab1d4323","48670402","OGrZTMiwOdsyuqaWBYReomLkZvPTnAq JGioaVhfKEtURxJqAE","accepted"
"000fc33b7b74e01485d7c81cf64b9a3c661bbc4d","1500651125","bGVFxrsDnzDgFxLCfibPacMBhBGcxFgFXBznTWTiwPtMwZFJtv","rejected"
"000fc33b7b74e01485d7c81cf64b9a3c661bbc4d","2067393","aSjxvNJZHIKWKlXamkJwDASPEbfJNzLXVBDYnpMfRZHJXRxoqY","accepted"
"000fc33b7b74e01485d7c81cf64b9a3c661bbc4d","2088378727","OqPuyAvjSpCKVGbQsuuIPKXQxdWWqlfXsAzgVqjTAXIDnUsdQg","rejected"
"000fd1f98aed3085924405ce15dea53007b96922","2902135","iLRUvFqMynCAgiqgjeEqrmpxfytakaMmSWqJGClHcyJiCHFyTN","rejected"
"000fd1f98aed3085924405ce15dea53007b96922","74727687","CkQHfndsDaUEPbTDGJWUNPaPnuhCWrGxwGhdBXaagYQUmlfwKP","accepted"
"000fd1f98aed3085924405ce15dea53007b96922","8286187","fHYWHnWGkcDgeBiajuFiQNhKFzeXSLwlEfDHutAQTrKwonGkxK","rejected"
"000fd94e062da9b2d3e4d3dfe07acd8706a787bc","144680113","UpXFuiTqBfMtlFfmSvhubdVBrGfenzjuPsalMvUtZlKsmMAIHD","rejected"
"000fd94e062da9b2d3e4d3dfe07acd8706a787bc","29785530","MzzGFUADSkIOqkojTzEfrBmbVgBEpaFXDxeczQtXGUMmrQEnXp","accepted"
"000fd94e062da9b2d3e4d3dfe07acd8706a787bc","34656564","iSmCsVjALEeXCutqSjSkhQednTceYHYaqAmvgKx pUJgiTplEo","accepted"
"00100b254519d8923c6d2a8757b5e1b6cb705a8a","2075378237","HcrCYRRutAwKPFXiXyytsBoqqLaSmYcZMX uPCXqkMxzipUfiW","rejected"
"00100b254519d8923c6d2a8757b5e1b6cb705a8a","1831012729","WUEClUdFHIeCNfTJJBpYJZxUgtkX FBQMMoRGRtecqwjesVWGB","rejected"
"00100b254519d8923c6d2a8757b5e1b6cb705a8a","3765686","itgEoRKzziCikNjrLVHqcjGNdEqZeKdDJagbfcpgU nCXvUPtF","rejected"
"001018d41ff0eb6e9f22d987c5ac073fff304324","2249707","mUVrktuQmAKeCVPRvNRjrlbEbcbGGrrrGZjqEEdcxsFXUtfmdM","accepted"
"001018d41ff0eb6e9f22d987c5ac073fff304324","3307777","gTOCciAOqbnwS RMiGPVNYeuoOfOGKZlOvLwNCmTwfopRqXTSK","rejected"
"001018d41ff0eb6e9f22d987c5ac073fff304324","74934945","bMvSUiSviXolhCydVzbYXWmtINZlXyQzNA trbmbGPmuPnRHXV","accepted"
"00102550ed46371be0988557c15171c5c5d27e1c","1434898147","noLbGEWSuRaNdtudWWcnnhCAAptEAVXTkmwZEsyGZPVPxe YWY","rejected"
"00102550ed46371be0988557c15171c5c5d27e1c","46254274","bsp QtPgcjvxXooLESf QmgtomaOezGVRnaBpoVuRg fWjpngE","rejected"
"00102550ed46371be0988557c15171c5c5d27e1c","32206063","fPCApcxfeqEnxuajsVvKlfEIBCeZAdPPEkVqnNBzxWQqsXtqvy","rejected"
"00102916233d568656659b8263efb6d8fb4a46d6","1819450790","q oqWlwBpzeMKKAIVZCQAlcNpTJfEoptdygEDQ sTuyjuvyDqD","rejected"
"00102916233d568656659b8263efb6d8fb4a46d6","1959705","RbQfCtPrKDjlPKpgbViTJMWN XsQritIvvkJIMOCJarYmFNJfD","rejected"
"00102916233d568656659b8263efb6d8fb4a46d6","2113488135","PYzISepfVNjuKtssqgHSpmtRLOGnaUXFzNNhwAgCcchbtYnABG","accepted"
"0010406dbe0d77b3c7b9876c3a2df6f7fb10ec8b","144999310","xZWyGqzvxGuYItnyFixOofVCcPvYOWzxNGGPFsVxMrrPvmYpiO","rejected"
"0010406dbe0d77b3c7b9876c3a2df6f7fb10ec8b","48642588","RnOGyZUpZnjvpvzZnrbrTzqAmQ SJdjipYmbKzVNfWNqJKJExo","accepted"
"0010406dbe0d77b3c7b9876c3a2df6f7fb10ec8b","51964718","uawkLoWJGaTRuWeUpXhEEidJUEQezPiD PBmUOXYcZSkxabWtN","rejected"
"00105f013232318a8bb90647558d516a5552cfb8","3967898","xCEWajLocUIpDcqIPgyfnjrTpotQaggrYIqTJzlBlglecEbbTx","accepted"
"00105f013232318a8bb90647558d516a5552cfb8","2258629447","kt trRkfGxmzOblqGPJtearCyUsbiZfMhhNaasSVjAmunAlmTV","accepted"
"00105f013232318a8bb90647558d516a5552cfb8","50201499","pArdzLIpZRvpBVlRgQZNAdHUkzOpAfSxzDmoXkIkYRnr S tLw","accepted"
"00107dd6824767debb6fd521934b0cccf4dd9eef","145509516","TbHEuUDGWEypoGXlHfCkBGLxFEHJRiPqNU GtOkGbuqHAYGxe","rejected"
"00107dd6824767debb6fd521934b0cccf4dd9eef","122050253","MqSFbVtrsEFXAzvVDE vFysMjLvPbWENufzZBEGMHuwWRiOJTV","rejected"
"00107dd6824767debb6fd521934b0cccf4dd9eef","35649732","OLFSapF LoMmkZnijFImxsEjcFGBGOqDEsoOIOiasPo XVWmyC","rejected"
"0010963f374d625ad7fb42b64eb30de2244863d5","1410142769","jNncXTdDLVHyTULjHBhJivlEahRZfwogieaAdBFkmYzGakrjqg","rejected"
"0010963f374d625ad7fb42b64eb30de2244863d5","2158008882","zE TuLAlEqUtduZAoDFTKPgFzQ wBcqsNHIeyBaWPClIvtCzgM","rejected"
"0010963f374d625ad7fb42b64eb30de2244863d5","30644776","ITNcNwKETWIEmPhhoCGdKqvqcmJxuPbxVCQECVdSJpWbKUbNNC","accepted"
"0010a680a4e14090693f7acd86dedf8709c7c9b7","35165160","cMiKtrkvZdxKZQVNpISmMBSLovdUZoWTEhbKhXvKPZoAEd nJi","rejected"
"0010a680a4e14090693f7acd86dedf8709c7c9b7","2181210864","UkFwWDScWZiWANlkpzYEonvElZSdbPwCzqJQEJIwycxXbZYOAc","rejected"
"0010a680a4e14090693f7acd86dedf8709c7c9b7","6141546","W dUsYoRsztsEQHMeSkGhoVZlbCClJEYqDzHrwVYScJuerBTJr","rejected"
"0010d984cfb9d9e55a02230f701ac0892cb0cc75","2299599334","FDCViRmIhYGYlkqjhJqyJsvxajCgwvuluUbjwQCnQuRsEriATM","rejected"
"0010d984cfb9d9e55a02230f701ac0892cb0cc75","46252565","ruGSDVgLzjVMqqOHMwRcpADnWnuRsgiXyKUqQsnCtnOcfbAuQl","accepted"
"0010d984cfb9d9e55a02230f701ac0892cb0cc75","1687201","bIRHDOVdBXOXsizNUKUoqzCRnUXuUJpBLgUccBuklgodWddTzX","rejected"
"0010f20144bef45b1672c08a343b04f65560478c","34357587","TL jvSdYbzcHMcchlPpWgkMLnxcBlhIfjLqDTHECoUvJckNzQv","rejected"
"0010f20144bef45b1672c08a343b04f65560478c","49333714","npVtzvKkZFVwFzbhwqUKfuGFFRomyVXGiCENLNxRQ qsNpxI p","accepted"
"0010f20144bef45b1672c08a343b04f65560478c","1619320501","be IgiGckadEIEaQkBXLziFCDFcEDdQtGTScMZHWreNXGglKd","accepted"
"00110dc202c63c2611088ff391f9a8092ff3a7b7","2370814","dQEnOtTCqGeJzpBNUCzNGUZfVaZgzbEMZrmAOwlOUUQNBwlyP","accepted"
"00110dc202c63c2611088ff391f9a8092ff3a7b7","30485300","PtFFftzRhiPmalcWyPulXAbKLHanRhZQicwJqV nGhkQqQuSlY","rejected"
"00110dc202c63c2611088ff391f9a8092ff3a7b7","39157972","pobjKXNcZBZXHLJtCfQ swzMkMdXkQOjxMrsaQjkjOUYEOf RK","accepted"
"00110e7425c1b981fa774740ba1f66ba073149b0","47096290","pAQNDuDTPxCGdhakdtEJQfi  uYxOCsBMHOTzjyicPzjgfPanP","accepted"
"00110e7425c1b981fa774740ba1f66ba073149b0","50976227","hbDLkHSXGRfFeUyMtkOEyzIkBFvAIpBDeVJttSBZnWgHnfskqL","accepted"
"00110e7425c1b981fa774740ba1f66ba073149b0","50286840","nhJwsXiZRlamJFhmsKYlrGZstWHjCytbyEFhWJqefSLOuAsFYR","rejected"
"0011192c61697b47b3955680ba3649331819f2e9","1944871289","AkRPCvdUnlvczePOuMXKGcNQpbwDzDTDk JJMxdzYwPAHaDVu","accepted"
"0011192c61697b47b3955680ba3649331819f2e9","36925765","anQTpFPWWT PtdBNoeMrfRIWWLvFboAyivp FkbTRLXjWkDpLL","rejected"
"0011192c61697b47b3955680ba3649331819f2e9","29819798","qKgclukaGlQwmAHtmJAgUXARqYvZQSDzARSLvRgejOaPJbZYaI","rejected"
"001129479fa72a47f74bf10a667a2b54c41ba149","2729535","JUOO VSTJwOQUF aYshQTDxuBkENFfChFapMjAjMgCnLqjwAEN","rejected"
"001129479fa72a47f74bf10a667a2b54c41ba149","46226787","sVlioPQIbgUobZRMPkALSJuqGfNWWVZKoTbiJxaulRzQDHahlI","rejected"
"001129479fa72a47f74bf10a667a2b54c41ba149","3493477","gydzOLWVvxcOfpaaKnEHIMr IgQtmfpXqgKfbPTRhusQJVbIvD","rejected"
"00112dc5c69741b7ad18432c5e7b475cf67aa0f6","6979863","lQCMkwPBabSu kxXfWcF VVzUKEPSSQHefwAcNSRFcANEjSukx","rejected"
"00112dc5c69741b7ad18432c5e7b475cf67aa0f6","3339101","ETLyUWmjvZdKTCBCDVHSbnduNOyNYBRhGYEIYFGBFUyCSQrqCX","accepted"
"00112dc5c69741b7ad18432c5e7b475cf67aa0f6","145158154","oeoftLvDmULolrVq UjEooIgDOXpwPbtbjjTDLljzrnWyXbHsO","accepted"
"0011421dff04336fbd260f10cc4697d29e9cef67","1687201","vWhv DjwegZesHMCOPgAoLLOClQOOfySunlDDpdCqwkRHxLVaE","rejected"
"0011421dff04336fbd260f10cc4697d29e9cef67","2233984","lkDtOFTQYsydQkpgnWycOHhcgQjhygyYvTWonrnuXyWVDoCaAj","rejected"
"0011421dff04336fbd260f10cc4697d29e9cef67","145222697","AcFoOhLuGQ sJcl WWLuAwSQBvTPywQVOZSAnSxuUYCbelqmDK","accepted"
"0011515706b726ad41301af0a85aee7e7424c6b1","12205458","YAMqOLKJgJsNuqxLo XvPDCgwd yidRwBhvkNbIVxWBXDmuJnF","rejected"
"0011515706b726ad41301af0a85aee7e7424c6b1","48480265","JOZJrFIuAxCtAkiKpqFoWymoZIscvKuGICCsHUXEihVuThRxrQ","rejected"
"0011515706b726ad41301af0a85aee7e7424c6b1","2014539601","zDYoaljNiBSmHCBtarYVJCD dcYOAVkkCwAXuqqtRzfpHRPopS","rejected"
"00116542297f6014b28a7ae2874c7ca02cf89988","89330148","ISZlIltEaBIZZatZluFwwIQaPgTlgzq jsPbSBLTEEQBNTAXdq","rejected"
"00116542297f6014b28a7ae2874c7ca02cf89988","1683610","OolYNulZgVmTdEGIhzaAcqXBMSWcanVzRDZqZgfjpkCBHp TxN","accepted"
"00116542297f6014b28a7ae2874c7ca02cf89988","2876006","vYnPoHNTtXlClZNHGDegymnzlirKcUxqKSPIDnWrOcheupRotQ","accepted"
"001170c2fffab5a2c9d1a93b496ec59001de43cf","8550973","DhwNlLKPf QbKMssmSGzYTddTkFvTnTeiFeoBF UfwKVimCXBd","accepted"
"001170c2fffab5a2c9d1a93b496ec59001de43cf","67022972","QhdRlEHTIeLOtIAuzvWIWtznpOqoJKGbrAty TZfNxijFgjEqS","rejected"
"001170c2fffab5a2c9d1a93b496ec59001de43cf","153933912","KXJGBNnaLuKuQISXpsjrOOFSsjAqpwHDfPfNhyktkdBaKICKgE","accepted"
"00117640c041d66a87928428dd98fefbc5281aea","40399407","VZlTxlgXoqhPCEiFZcZiaKPyNPrzPJxTmdVwcMfagfdJIXBeKU","rejected"
"00117640c041d66a87928428dd98fefbc5281aea","3317906","fhTXXiNMMdMeLaYyTKmWhgyDeNKtVVDovyqHfLYLwHX KopuR","rejected"
"00117640c041d66a87928428dd98fefbc5281aea","2848894","tyyDsQbIxoHmgNKGY keexaapRQJEFqIZwHLdmmbihSsVthsqw","accepted"
"0011a76d8e02d825b3ff3066850e8135d05a1c02","2118433269","ExazRLJkKfOmQsLVD eaUye JYMsviyfDVMEBAwIVrtMUSBvxD","rejected"
"0011a76d8e02d825b3ff3066850e8135d05a1c02","1443787798","snvCNYyfNQwJEXeOn mMTMNYoDTPJQkCeko nppOuBwZzKrCUe","accepted"
"0011a76d8e02d825b3ff3066850e8135d05a1c02","6279193","eLBGFsVAjQxNEmvunOQGoUNPXvkWymvdyWPpPqQYRIyghLWXia","rejected"
"00122da3b42de47c6d0666f43f9c09d699b72360","5204981","xQA GxhUrHuDnyZkIu JVzwkHqrUHnXZoKeSTsCyivuJRxgL k","rejected"
"00122da3b42de47c6d0666f43f9c09d699b72360","1746114","PjWFZxbDKBJBsDVledzKCtmweLzPDJbXwlChtcgVixwGTqOEsj","accepted"
"00122da3b42de47c6d0666f43f9c09d699b72360","97619850","meMwCPhBfYfEqHTmnWlhILGrel uFCdkEgRDBcAyMoJyFTFYbi","accepted"
"00122f726bef41aefabb7d90ad65a79ae4c386a8","1694472","NkmJdnoUtGHzblRlqwxgiXYIShHiirDQC PgZvmYOyh Wlhqix","rejected"
"00122f726bef41aefabb7d90ad65a79ae4c386a8","50631366","cbbxvFYUBwCAFrhKBOZDXxMNRTxgeTxFkqjyXZFkOkSmrObzWN","accepted"
"00122f726bef41aefabb7d90ad65a79ae4c386a8","26946409","FutYSIkolxeL YmcnJpPZOAbbCiqRznBPenUMtZJrUNfgMzT v","rejected"
"001239fef06d36c30e5bc7b4d331b2183c7fa479","147791105","qhKUWlClEyqVTuXxywfDfaArvuWBeZleBIMgJrZZIxzIOfNQCD","accepted"
"001239fef06d36c30e5bc7b4d331b2183c7fa479","3472832","QwDdfoUeOlTkRAlwcJmBYygLQLByiaECUPsqEvVZHTdp PHQjM","accepted"
"001239fef06d36c30e5bc7b4d331b2183c7fa479","46798128","ALVZaFrgtwbskldilSzrVKkOOgszfxlpZIsEAtKZbiPZeiaGDk","rejected"
"00124d3b89c1e5f8569be367490fc11f216ccf8b","2144501858","WGEJInxiuSCfHlLyoWSpnRxxWfnOFGgwRblCwTsfdvRuZgHaFo","accepted"
"00124d3b89c1e5f8569be367490fc11f216ccf8b","147785085","xhCcaNtcGki IKQSdxqumlXgNgpVrsseAoUIKlGrTlAHhjmwnJ","accepted"
"00124d3b89c1e5f8569be367490fc11f216ccf8b","2109624445","JFqXboWjfaHCYCXYEosgVSABqy IvZYgCxysbgDrJTtYbagbmu","accepted"
"001265a9ab8b7c8fc67f7664266808db1ef19159","2117825906","wqiyojLhTHCmGBtWSYEJRUChjCFNMzpNBGhAjUodiDxzcOxPvL","rejected"
"001265a9ab8b7c8fc67f7664266808db1ef19159","34930249","PIPPCupdcmPCiKqoUmAXqoyafRZfTtcOFAdVvIZtgMpnG pIfV","rejected"
"001265a9ab8b7c8fc67f7664266808db1ef19159","2111007787","kObRyYnBJfNVEdnBwqCNATpiEzqEVlUWzHomLIbEtfvHeKdkQN","rejected"
"00126fa5f9061825b7b5b775da83963ab1c1f403","40950488","hPzlYsOymlZqMVK YxFZRZWOspESQAHnXrIDLOkKOAZr MkgTg","rejected"
"00126fa5f9061825b7b5b775da83963ab1c1f403","28870662","OvNoswIfccv TgAGxzOhFuCwqlgZteNUDqSavJHGYThVwDSIvJ","accepted"
"00126fa5f9061825b7b5b775da83963ab1c1f403","33327424","FXHoTsIvMcs Y QGx rlSUYGYqRYekwsbBIB HUywcrQCAySQA","rejected"
"00129220364f1d08030bdc95c1ff9879fcb3847d","2286825530","suADcArNEYTlPtAaUhDLzMVPQraJizVTwwhKAGNbZTmpRzJJgY","rejected"
"00129220364f1d08030bdc95c1ff9879fcb3847d","2487418","okGkx DBQSQdlIpuIFxYouExsFvnQzQTITnUkm tROGiQDYjPe","accepted"
"00129220364f1d08030bdc95c1ff9879fcb3847d","2116602","aSmcHlxULESXcWYNMjkhULjZlVBessebYzqbdhPiL VZdzqihg","accepted"
"0012af1c3e092de5c06bb5338aa462bf6b66c63a","50976227","HjDYWfSSiLpYhvGMACnkHBqsbGCyr smnHAxkNCEEcdFIipuIu","rejected"
"0012af1c3e092de5c06bb5338aa462bf6b66c63a","1404629180","sAcJbjJhpkHdUCRKwtAEJBydXdIoSoKGkJsPdaDoi eONkZRdc","accepted"
"0012af1c3e092de5c06bb5338aa462bf6b66c63a","3659241","IIynxyGOQNwAkNrVhbVcmgxrNTrnQJfNfidMamfPjowmamcUwt","accepted"
"0012ccc6d52036e3bee2f5dce0e37d02f83fbee7","117229939","TYGbRGwCgofNiEOyBeksYLF XyVcQfPNAcZc jRjSRDZVENiyK","accepted"
"0012ccc6d52036e3bee2f5dce0e37d02f83fbee7","47759147","hCBJYICYZmAasUxmyRaAPDUiVuqbxamtjNVqRYDJPpUbULQpdS","rejected"
"0012ccc6d52036e3bee2f5dce0e37d02f83fbee7","3409334","eAXeprLVUrwKrkFiSiSjFqIUbGWViIdvrLbwkaSwBDqYXoILTB","accepted"
"0012eafe0b3c79c42e00dd11fbc9bd4bea75c6eb","2798252","rXebwLmKTikOKoczbCcErrHGCgscGPTkYyekVYXThtFWiJKlse","rejected"
"0012eafe0b3c79c42e00dd11fbc9bd4bea75c6eb","6531401","XrtkCrQqhx PboTQxMLRJQLqEPNESlHiHrfzgZVQEpHjGDjqfw","accepted"
"0012eafe0b3c79c42e00dd11fbc9bd4bea75c6eb","47477471","v Fq lQVyXhuVFZ YkCHbPFPEGxCGtkw pecPzfzTJg rhjVoH","accepted"
"0012ebf9ceb98caa65ff3c3757fb7916ffe57bd3","47725170","orDjmkagyqzltsKuajFSInofsWuPRxEcpGYUrjCsBKyWcrDz l","rejected"
"0012ebf9ceb98caa65ff3c3757fb7916ffe57bd3","2179610299","SEmQZcoDisjDudJktulBHv KPwXlrmKitkiCVt RqXwPufqBbx","rejected"
"0012ebf9ceb98caa65ff3c3757fb7916ffe57bd3","1704256","iljKtBRmGZKkKykkeNQdgsvaBZjkhWqrwNwYtZnUYpjOaJCjYq","rejected"
"0012ec986f3da2ab1b174390b65ce23627cb0e78","2797981","Ylkpvf EiVFQgydILCBshbDfBqBRmsUgl JPoUYHftHoOmpymU","accepted"
"0012ec986f3da2ab1b174390b65ce23627cb0e78","8555093","YvTfUTaPIDDlBibUchNqPxmqxuMCFaLxYPfMjp T jocXDBlpl","accepted"
"0012ec986f3da2ab1b174390b65ce23627cb0e78","69842430","QmiKbYJuNDQmVZeiJaYIeqNlQPJhQZzYjcKmpcD bhezRpxzWQ","rejected"
"0012f1bdc48fc11da99028c4e70faaf1d6e4e1b4","2260797559","O ZFjPpsoI nVhXgHYQ PwkXjIeHjyNnenKZzsQwjFpk hrVUm","rejected"
"0012f1bdc48fc11da99028c4e70faaf1d6e4e1b4","2196653485","wSATjrnJiJhoVSKOfBmbSJIJkJMnSHxn tHZztLLBKKhqMohmR","accepted"
"0012f1bdc48fc11da99028c4e70faaf1d6e4e1b4","9917280","NXiLlxBUoEWRpFnfjDrKwaxzbTkAQtTKumSIRlfdEjQ KnLkkm","rejected"
"0013160837d61f7b83b75ede805a961d3726152a","50637770","XDDKybzWZjdbPnhOsaspvIIHizlfLTAAUdNwzlrDcCsdkYPeFK","rejected"
"0013160837d61f7b83b75ede805a961d3726152a","7272718","olSxIbClTniQVAZRTMzZNYhQuAKLqOXBXYoQswxtzbDelkVkph","rejected"
"0013160837d61f7b83b75ede805a961d3726152a","2562506","fcUkzbvZVgJeZexVRurMHHIaAMBtWYigRjaEPSMaLIRFHIYFaL","rejected"
"0013254ce85a5c5572226add6e3f0c65cb5d1df0","1692242","xrrzIqjFpsM klDFUTYMxHpAmicQREeNdwvuZEnJcptZYiZdcx","rejected"
"0013254ce85a5c5572226add6e3f0c65cb5d1df0","2145784325","SSKpkH IfHcoCUsHXRaEKoUmmxilqTOrLqcEUpwIGcoxGgIK J","accepted"
"0013254ce85a5c5572226add6e3f0c65cb5d1df0","145213083","YFcrjHcqnlwoKhtiSKwJlSjwZKUys HEHJKJQWsVwHwqEJcnpE","rejected"
"00134758fb0528f257da48789213b0595350b3de","1685090538","oRfFGsUzDIIBhfjfATbxFGGbFDflffpmjwZtqBNz tJnNMwWDN","rejected"
"00134758fb0528f257da48789213b0595350b3de","2143853347","hnnWoolJELaRMfvSDPTFOehFMUCothZPwZOpQWOPmPoNYljuQm","rejected"
"00134758fb0528f257da48789213b0595350b3de","145593424","PlNkOkgaxMfYXqzIbfAfequVujhX JBBTSVlA UHeOHaQCEHTM","accepted"
"001380b07e1b7a7294bd1d21d4907856d90de981","2681613","SD fkhyQSLttzXzkkortxvlvnNjufksnqLeDjbIZFBpUszuzJK","accepted"
"001380b07e1b7a7294bd1d21d4907856d90de981","2054708","VdRTGDOgtmsNKhauiLSUBNxJDeUFDkMfDalRcKRMflIltbcGKP","rejected"
"001380b07e1b7a7294bd1d21d4907856d90de981","153022193","HMsqeJMlUJRkKEcQNIUsXJfyIMBWWFwmtgkTqownahVvEBpuBz","rejected"
"00138defabdd0f52e0878027056ab9e04b1ddc4f","145937405","bsBGBijTfVXItsOhKesOOPZIzVLRrrKoZdlQXTjJEwNsEMOfXQ","rejected"
"00138defabdd0f52e0878027056ab9e04b1ddc4f","2750220","CVw YuiiKaHMqenUTlQkJmXsQDrCBOuKQJcddeoZkRZkqwxxiE","rejected"
"00138defabdd0f52e0878027056ab9e04b1ddc4f","2507810","BmUKWgAosnixRzyhZYicWfVskxIIplhhtYzNcroRaBABariGMq","accepted"
"001392ecf2b367db85c272350d297fd95f1c67f4","2354383","HDkHqBvcPvgnaddLOwadSwKZJowg ciqdxISHaxQJJmqemg FF","rejected"
"001392ecf2b367db85c272350d297fd95f1c67f4","4884534","KjBreM DfrBpDDfWnXlaGwigyboRtDUVtJShDEZNijed gwZtb","rejected"
"001392ecf2b367db85c272350d297fd95f1c67f4","46193985","eClkscpJBeyzyaLqhaT vinyMpQbZUQinnwpbbWwGilguhBoEM","accepted"
"0013a4f7f91f02d8f7e29a9e037079690f50f3bd","40934857","NNpvxSGKqZtAPfHsxZZhGj UmvrscQBOGNt pjEyvILyqQezdL","accepted"
"0013a4f7f91f02d8f7e29a9e037079690f50f3bd","5007508","xxAazQLkbU CIuzePzjigOltchOzceMQqpcSCTrETkzhMSiIDo","rejected"
"0013a4f7f91f02d8f7e29a9e037079690f50f3bd","2157761848","yDRNIPuPftXmgAahXJKfIdxx jdKmlsoRNObLiBeAMxVYPrXdi","accepted"
"0013bd9f542d572c15c1082d0feee7e3fe8df72b","9384148","muzosOBEZRbQTIQjNjgohIBhxZRAHXxizVoHIRiGvGcvR QZEW","rejected"
"0013bd9f542d572c15c1082d0feee7e3fe8df72b","90926129","CxHaglEt gSvCqNGyLzlFPXkXzMbihTLCGGBjEvcPCwmKBLhvf","rejected"
"0013bd9f542d572c15c1082d0feee7e3fe8df72b","143773131","IXz PBAUbQuICfVAAmfuBIaRFxUBkBaWdJGQojAlKdkmmqpBRP","accepted"
"0013dc78bf809c494de646a4ec400195014ad896","2396595933","ZoNDIybPnKIqYor PaTEfcBPboNnPFAqSXngcKbPJVaGHEkVhn","rejected"
"0013dc78bf809c494de646a4ec400195014ad896","15578110","mzGNaYSf khegCpIgThFEbautwYochiUgtmFJdDBiqVvgIlFKc","accepted"
"0013dc78bf809c494de646a4ec400195014ad896","3415507","zdcBhqQiFsMLcWNMyTBHlDNiZkCtMEkasKciHfLcpsoLdWbBR","accepted"
"0013ff3c69e23e4a9d459185f2db92fb06389256","101449395","aGbzYbOdvRFBRIcOqkzBVpDqZfGbHBvMPUHCUkiTVYVMtGDQfd","accepted"
"0013ff3c69e23e4a9d459185f2db92fb06389256","145351037","cSqxthahGd  iYqieKEZQcanmToFWqheWcghNPyvKiHsiRcSHd","accepted"
"0013ff3c69e23e4a9d459185f2db92fb06389256","35248836","qZUqkFNkyvODOJeCCbIoNOdwzgueSulP YpynAwNxLJMTXwZAL","rejected"
"00141b3bb350c1f5528acc3b8650855f8a37d90a","145983059","Dldq aOlKfu PysIYjTZeqRxtdcTKZYYSkbZQAaeYzpgNdUoan","rejected"
"00141b3bb350c1f5528acc3b8650855f8a37d90a","51306401","UDHNhOBWksTvUgmWfOonMGuUfEhsHXPKGCkIeAiAeNOimclCNE","rejected"
"00141b3bb350c1f5528acc3b8650855f8a37d90a","5460139","KhwiKuUdbRBERhYrkptGSLmowuRgMoPyhJzbdFtDAzgKjbKGE","rejected"
"0014b008e83301cea0e7ecadce1f1cda206777f5","2064633666","utKuyyeiYwNUZiCkVyodYHYwSVSzotcZMSbgMUTZIpBiHJdGMV","rejected"
"0014b008e83301cea0e7ecadce1f1cda206777f5","32427271","OwRSvmTMEGbkujYDepRjqNrGEXbJofrrCALStaIWhTxZOCkDDE","accepted"
"0014b008e83301cea0e7ecadce1f1cda206777f5","2144674962","EPbzBktrWwZV GziGJNCopKpcfKTUyTXCKHlhSW KthlyzQBoe","rejected"
"0014ccd02a39fefba50ecf84eacd887cdc0891b5","2108001295","yBcRe cVsRrYXTGLZkEClHDQZRQqXtngAXKQCBltErAbQELUWL","accepted"
"0014ccd02a39fefba50ecf84eacd887cdc0891b5","52144753","WATPijFJSKdMkd vKSBLSDBgMoYydWqVKOQVKSHosIniIgTT Y","rejected"
"0014ccd02a39fefba50ecf84eacd887cdc0891b5","10844138","fHknp TszEeHhOzRj fWTwNjZyhZRJScHdRjIeDMlLiMuVrkoY","accepted"
"0014ddccd4b60b7ee9213d5d0b4c3326b16555af","144330091","uSYSoSsRUeuTZNqhsnfHqmsSwHLUqKJJDIVfKvVWjlEkxHckVG","rejected"
"0014ddccd4b60b7ee9213d5d0b4c3326b16555af","144323781","AQwRVrDhPsbHGMAZX ivbJQWEJpbFYzAXFvMYPPViSNjIbiAgn","rejected"
"0014ddccd4b60b7ee9213d5d0b4c3326b16555af","1391205998","XLIGklMGZPxTzfkdoWcvoXGRVLWuioxG TpzhyuVUvxhGafBPq","accepted"
"00150bfa29f8cd4f65441c1083a010d86edbece0","66968479","IAsiRzrF aZGgwAPLgCtYYhQcBMRrwVmHySDpdfwyYAAcSFVji","accepted"
"00150bfa29f8cd4f65441c1083a010d86edbece0","143951081","xDvZkYaNTaBhCB PxXEtSzlSy ObFgNKALLyLaWzeMpmBkKQ L","rejected"
"00150bfa29f8cd4f65441c1083a010d86edbece0","49118091","LfpxiXmQHaOsxxwrVrJJdfhR ebuzcxnWTgVWkkICjuNrVJLmd","rejected"
"00150cd9d23b2dc7ae35374ea017c70607440846","1993671630","dadqgvWYsrdacvdxAvDiabcc BOTrxYunRZE sLsrQrRyUVuhy","accepted"
"00150cd9d23b2dc7ae35374ea017c70607440846","2142961907","JwlUVvSibMwSUgauuQZlQVmwJn TqpUScOsHmeZgsjAVSWGNdE","accepted"
"00150cd9d23b2dc7ae35374ea017c70607440846","2283447716","EZdofQqciudttMgIdmxthsOiJrzefJlF xZveSXDXraZwARsnG","rejected"
"00151593e1b7c1ca0d34e667663f83655f8ae552","1800154","NZShosUMdAoGBSBMRQkecFOCdsfcqUtjeHVkihWVjlBNhwFrKp","accepted"
"00151593e1b7c1ca0d34e667663f83655f8ae552","48726489","HvTqIMEhlTmGZoyaU JopqtdniyqowJKMCBpNLgdfvJZRLOtuq","accepted"
"00151593e1b7c1ca0d34e667663f83655f8ae552","3349640","CSbBgfLMRDTRDEelgSYJYaNjzePlzneHoF knz  RNajhdQOIB","accepted"
"00154e082d3108af891014f48a58dc2caaff6344","3037568","uLepOasMglWUHLHwWoovfEozSAm jBYNDNiKHk NikFItGOxXF","rejected"
"00154e082d3108af891014f48a58dc2caaff6344","2158008882","m EsoRlfzjnEVgcBNEVCxbBbSOLnupmtcUYznuCbaOQBKBgDSc","rejected"
"00154e082d3108af891014f48a58dc2caaff6344","2407413194","kioWOGBFKjixloktfYfnEsBgbmDKtneCImBkUFFBqehsUmySai","rejected"
"00156d079f2e430f3381d5685741b791d4bf076b","2596557","MoCInlGitayQFJmcnFXRMRqZLumJZr dVxREtRkyGfeIdlcKEI","accepted"
"00156d079f2e430f3381d5685741b791d4bf076b","2459023","WdYmBrULYkSeZaQqXjsya vsAKRHBHmojePIPgLIVarxAThvO","accepted"
"00156d079f2e430f3381d5685741b791d4bf076b","2144674962","VCZtySrqWSDlMaAnJMtCwjcDyQTWBLIyXdHxhUzliFEVFnQVCY","rejected"
"0015be81025041d64240c4135021387e307b66d2","2149930742","svkUE gVuTOlZpgkNdnqeptIeYlZapRXaUTKXIeU TlbCOFtvA","rejected"
"0015be81025041d64240c4135021387e307b66d2","2770884","MmGUDVdNUEGwcvlnMtQDQiYCekz dzaEhoziqIUtExWyuyBvtn","accepted"
"0015be81025041d64240c4135021387e307b66d2","8981985","LgCQqqtwNSepBOXEH qLcXDCTszLJKyKcHNEsKNUOmluuoVAWa","rejected"
"001604c8e98dc40948a0c7ff85fe7ebe8b6c9bf1","2357985","viavYwsJAKgzRxulaWoXQLqeivVAcbOAfvRsDVjxeKiVbzqntA","rejected"
"001604c8e98dc40948a0c7ff85fe7ebe8b6c9bf1","2183793288","HYJqHCZnObPrIiMyGFaLwVCzJSizputxnrmFDdIQYummVGgofc","rejected"
"001604c8e98dc40948a0c7ff85fe7ebe8b6c9bf1","148312427","DVgPkfDpwFvlN buvByGCKfdHnmpUhqCuzSJjABbEMHLmHslgj","accepted"
"00160548164f677f0aeff9dda8d4ae38422311e8","2087926","UWqLXZbDgZBBUHCszyuurZVQfSDfyGckpZSN lzqllGUrYnljz","rejected"
"00160548164f677f0aeff9dda8d4ae38422311e8","2150636870","nJYnQKrqqxUKeMvQUPyhQSpZMWmPAbiOnlrhsrzj efavrVcIQ","accepted"
"00160548164f677f0aeff9dda8d4ae38422311e8","50767869","ghelWEXjhSJjuLhTdZTCGZnhcHDRpubfHdxEQuVCtLbSnnCrIx","accepted"
"00160d2485f1c934f3cc6e3140b0ddab5ceb8839","145408443","OYVAKSTduNkRGqoJLZIhinZPqQuZiYMJdTddxvrqltlsRYDFNQ","rejected"
"00160d2485f1c934f3cc6e3140b0ddab5ceb8839","33899638","mG  RzOLfoMFYrYwLomf xbUCvNMwkjCiZygErdzdNVpZqQpeh","accepted"
"00160d2485f1c934f3cc6e3140b0ddab5ceb8839","2150446978","XSWIkyKCYiJtERkGZCnucIyaPCMKFhmpEBnMTIj CZonCIruxK","accepted"
"001614b52b8581e2cee8186c5f525d445f088a40","3355567","VBhNTicdjzakmtGaOFCMpCaSuYwrZCnelCDIdhCUWxCetZHuOB","rejected"
"001614b52b8581e2cee8186c5f525d445f088a40","1423472259","xgBXITHCtNO pWqmAnYDpttESmiINFfUnzlDCPVwhjLOjnjYLq","accepted"
"001614b52b8581e2cee8186c5f525d445f088a40","2072574255","SBWWRCJqVcskHoNtmbMQmjTLOswYDNrydFKKheYGAlCRhdByRY","rejected"
"001658a2e8297e7982ba8b9faed3891a4bb6ab84","2067091755","zVHhLYgnJTwGyGgdDaCjymMYcSAYOjJPUUtOu MKalvKGljuyj","rejected"
"001658a2e8297e7982ba8b9faed3891a4bb6ab84","1692729","d jlrqucUyMTdQKzAaOsHdJJrqgaHCpGPilmlf wXQFfFrIfiw","accepted"
"001658a2e8297e7982ba8b9faed3891a4bb6ab84","51935136","HtnHkXIkBizDaGFGaemTdCOfFwKWhwxPQeBkFMiGkzmUwNJinu","accepted"
"00167531619b402bc02ee40ce99eda34a441e0b2","1767534","iDNbydhOlmQNAqtEdSeHDuURTmuzSSNbJ leLyBoRsvrX bgje","accepted"
"00167531619b402bc02ee40ce99eda34a441e0b2","1413233495","Ztghu ECBVwuXScfMAgBoHwDAoExTiyPKBVO YGzePNdkCvYvG","rejected"
"00167531619b402bc02ee40ce99eda34a441e0b2","144191105","qbbAUNzySYbUWEMRdlKcuA AWfcDbrSUplbjvipQsxjlYKwotS","accepted"
"0016892de97391b24c5610a56108e189657baa67","2146562831","LlzCrkHdMJkREr PLeSnWWbxZuRmNJxvcVkJBULMoMii aGOGG","rejected"
"0016892de97391b24c5610a56108e189657baa67","2111007787","eBTZFBLhzGyTGroiluAwkahFtftm FNVpLppYOFUGxUASdWcpU","accepted"
"0016892de97391b24c5610a56108e189657baa67","145408552","BKzDOmKmuhCtWtBHyXFlg ZnTnabHzSEnCQNnVetiqgjPgmlHg","accepted"
"0016b458ac40192c89ac3e1ec4e3dc689ba6f704","2737639","jGKhtgLQIBmSIFU nGDyjpKseMxnFzvlyueybmZaNVTIOBLqUq","accepted"
"0016b458ac40192c89ac3e1ec4e3dc689ba6f704","1403443991","IqyFmyvEBwSwohvPCMLSFTxvnwUbvvVrgyNJpYHdeUubSVFGAY","accepted"
"0016b458ac40192c89ac3e1ec4e3dc689ba6f704","2143853347","iyIKSQvOCUYbLSzhMcphlciuPkdVleMFGMNauhAqpxrDmL TOK","accepted"
"0016c92646946209e8094093196dd45448726343","3490012","yxRAVrtRxhhrGVGyfQBxhMtSHhnHI HqHcWijXYosDsaZBbGbz","rejected"
"0016c92646946209e8094093196dd45448726343","144539424","PUSmlbmTBzBpRhLUwXdrfumBXUkvFOQcBpwNSzfyfuvfvxVPsy","rejected"
"0016c92646946209e8094093196dd45448726343","1403815366","gjWMAEZNAgpYADUgYqIDtAXTCLwKQmNcssibuDliqDQFjPmAWo","accepted"
"0016f150a39c6460803fb36445b7442d94737a78","36839092","yqpfaenWZAarzYfdZzBDjivygGswfkkOuCeFEhKeHjSVfXmapP","accepted"
"0016f150a39c6460803fb36445b7442d94737a78","143693666","LurrYeovZqrEUyeorXvrTbqgaF vWDWnqEeXqYfVPDROIxmOzO","accepted"
"0016f150a39c6460803fb36445b7442d94737a78","2075436217","BaMCBLpJSVzOPmphGGIFdROtvmXMWdGwYhPZMqTHMkzIjsycZs","rejected"
"0016f7f3602ad44390f0364dfe1c8e34ba03106c","50433354","RGimYCFAynZFUlEVlI BpTqmzviowYGGmc pnqkAt bLSgszsE","accepted"
"0016f7f3602ad44390f0364dfe1c8e34ba03106c","32031054","l QMNVJedfcwJwzZSMxhiNNWNRLLviYOQAPSgOKzpkNzPlernz","accepted"
"0016f7f3602ad44390f0364dfe1c8e34ba03106c","2062482630","CijyZplXOMDbCKHCfvIbqLvFvfDLEy cokMsHuVFUDWViuhCAd","rejected"
"0017050967dfaf9324f6b7e97e2ce29549a928f8","1961222159","Kgv WRnzkUSfMWmlVZDmtyMmyWyoiDwajjPYjwviJvoKbHTvhC","rejected"
"0017050967dfaf9324f6b7e97e2ce29549a928f8","2032377","kdhLRAwxwfwBtunfndmBrPsAfrZtzYXbxIzaseTuudwgiOcYHv","accepted"
"0017050967dfaf9324f6b7e97e2ce29549a928f8","95888020","gwBI NgkNeBgFWvakVlAWFndumQXmtOuTaKbusBCFKXEEKvLIK","rejected"
"00172267d83aacd9c74912ceee29645aaebd49a2","1693416","rwbdVMxbnFBobAqZKCxXRdOKGfVgERFiPldVEhBctYCORdfjOI","rejected"
"00172267d83aacd9c74912ceee29645aaebd49a2","2159075376","gM HKLzYIAQatIWlkCMmbjRfcpvhbuRGLuibKBhaOjBLYLZxKU","accepted"
"00172267d83aacd9c74912ceee29645aaebd49a2","2729535","kPFieaGCGjvCFZTidSqSkqjXqWblLzaAGvGv ubLeE lZIbOtx","accepted"
